plant,x,y,injury
1,4,4,9.16843853598394
2,33.7,4,9.74684968368913
3,63.4,4,4.71827909730844
4,4.9,4,3.54999388883
5,34.6,4,15.0530433161963
6,64.3,4,8.35654873786669
7,5.8,4,10.1051098362611
8,35.5,4,5.34158338313023
9,65.2,4,7.39977581774517
10,6.7,4,13.0148634010719
11,36.4,4,3.16409840657462
12,66.1,4,14.2716545776043
13,7.6,4,9.67405980676052
14,37.3,4,8.77635002188576
15,67,4,13.3127613767976
16,8.5,4,13.6055011946209
17,38.2,4,9.42580941247
18,67.9,4,10.7257264730893
19,9.4,4,0.224999333576264
20,39.1,4,6.48989590337152
21,68.8,4,8.6408625463763
22,10.3,4,14.8383501405154
23,40,4,7.48492156358407
24,69.7,4,7.18134906413835
25,11.2,4,6.57900970792004
26,40.9,4,13.1691032709863
27,70.6,4,6.27012839291976
28,12.1,4,10.6704399720241
29,41.8,4,17.7783364372502
30,71.5,4,5.8161510587862
31,13,4,14.1993583484234
32,42.7,4,7.79051477893198
33,72.4,4,12.2698375694191
34,13.9,4,10.1476981018845
35,43.6,4,7.74475617611179
36,73.3,4,12.3832334895016
37,14.8,4,9.7483328166153
38,44.5,4,10.9503279607292
39,74.2,4,11.4204852021198
40,15.7,4,8.81657403337101
41,45.4,4,21.062632973729
42,75.1,4,11.2010078914016
43,16.6,4,9.28479042325939
44,46.3,4,-0.895223085408276
45,76,4,1.67738495668411
46,17.5,4,4.4794331484574
47,47.2,4,14.49321892541
48,76.9,4,8.51891139226642
49,18.4,4,10.759377699657
50,48.1,4,9.80043942708963
51,77.8,4,4.7425923342679
52,19.3,4,15.3135331354216
53,49,4,14.2032891339078
54,78.7,4,17.3436387065287
55,20.2,4,5.8295210566659
56,49.9,4,7.24340900461925
57,79.6,4,3.82007525194639
58,21.1,4,16.5957109823308
59,50.8,4,12.3653936951352
60,80.5,4,6.31385669014642
61,22,4,11.6550335366266
62,51.7,4,2.77426753223487
63,81.4,4,13.3962306433866
64,22.9,4,12.757412682249
65,52.6,4,10.7612999505666
66,82.3,4,10.7468696580932
67,23.8,4,7.76107858895486
68,53.5,4,12.0986531727703
69,83.2,4,9.7426315608455
70,24.7,4,11.9665289214405
71,54.4,4,11.5016281635975
72,84.1,4,22.7141742489419
73,25.6,4,12.6515092894288
74,55.3,4,12.1956451473614
75,85,4,9.75544779971177
76,26.5,4,13.8070994392477
77,56.2,4,13.8091636081379
78,85.9,4,13.4899934836559
79,27.4,4,-1.42669429427811
80,57.1,4,6.61695876585513
81,86.8,4,13.4309226935645
82,28.3,4,9.59331500142616
83,58,4,15.919402747905
84,87.7,4,5.98013776774752
85,29.2,4,13.8020656341075
86,58.9,4,4.68151426140517
87,88.6,4,8.6074219063695
88,30.1,4,15.530996182697
89,59.8,4,3.56500515263117
90,89.5,4,7.15662084494041
91,31,4,0.778780633716366
92,60.7,4,11.2918712477518
93,90.4,4,10.086198185295
94,31.9,4,13.7083198754823
95,61.6,4,9.55993196725885
96,91.3,4,9.83808709154398
97,4,4.76,14.5134349974725
98,33.7,4.76,6.90732514597916
99,63.4,4.76,16.7332599715565
100,4.9,4.76,10.3616538725596
101,34.6,4.76,3.5004466183789
102,64.3,4.76,9.72882990797221
103,5.8,4.76,8.93429710018685
104,35.5,4.76,8.30410587750086
105,65.2,4.76,11.1805421772769
106,6.7,4.76,3.37714364795164
107,36.4,4.76,6.76638874815123
108,66.1,4.76,2.87289592322296
109,7.6,4.76,6.75870906463867
110,37.3,4.76,8.92986219649086
111,67,4.76,15.9984615180024
112,8.5,4.76,4.27222601956009
113,38.2,4.76,0.256016745502208
114,67.9,4.76,2.55164844140434
115,9.4,4.76,7.53231468802822
116,39.1,4.76,10.4766137759189
117,68.8,4.76,8.52320830823837
118,10.3,4.76,8.26063154836517
119,40,4.76,15.69798413976
120,69.7,4.76,11.0640953351915
121,11.2,4.76,7.51854649097541
122,40.9,4.76,6.46602995562513
123,70.6,4.76,24.1627616557359
124,12.1,4.76,9.93748659108611
125,41.8,4.76,13.2747300593448
126,71.5,4.76,8.87498065552373
127,13,4.76,12.8956649243133
128,42.7,4.76,2.7208623429881
129,72.4,4.76,15.9781253963184
130,13.9,4.76,9.2257082629025
131,43.6,4.76,12.2345144553093
132,73.3,4.76,6.79984047714757
133,14.8,4.76,6.57187490795533
134,44.5,4.76,8.73377539665199
135,74.2,4.76,5.07651378982811
136,15.7,4.76,8.47284486311379
137,45.4,4.76,12.2380919972574
138,75.1,4.76,7.66357144370708
139,16.6,4.76,3.73044022450118
140,46.3,4.76,12.0995262478405
141,76,4.76,16.1530661700133
142,17.5,4.76,11.3581705916466
143,47.2,4.76,10.9608055997486
144,76.9,4.76,14.928156802224
145,18.4,4.76,4.17028649560446
146,48.1,4.76,2.29664287893431
147,77.8,4.76,16.1971447661602
148,19.3,4.76,14.8196572122643
149,49,4.76,3.41670477123978
150,78.7,4.76,4.85510948670215
151,20.2,4.76,14.0214781995249
152,49.9,4.76,15.3637169955563
153,79.6,4.76,11.9685248609841
154,21.1,4.76,7.5542688688096
155,50.8,4.76,17.882331040431
156,80.5,4.76,12.827856067822
157,22,4.76,2.82460222641549
158,51.7,4.76,13.003832741244
159,81.4,4.76,4.5424125359317
160,22.9,4.76,10.172852247028
161,52.6,4.76,13.5275640536645
162,82.3,4.76,16.1866027047919
163,23.8,4.76,5.47090273785828
164,53.5,4.76,7.35993944051727
165,83.2,4.76,8.72262698953227
166,24.7,4.76,20.0502337286492
167,54.4,4.76,12.3723670578497
168,84.1,4.76,16.9085541852054
169,25.6,4.76,11.7276940288955
170,55.3,4.76,7.9819405667656
171,85,4.76,5.51906365821004
172,26.5,4.76,5.10872164027769
173,56.2,4.76,11.3836558375139
174,85.9,4.76,3.92860057878049
175,27.4,4.76,7.23053070917065
176,57.1,4.76,6.41905136973023
177,86.8,4.76,4.63834963836794
178,28.3,4.76,17.048512961696
179,58,4.76,9.15810335991563
180,87.7,4.76,7.99258950915676
181,29.2,4.76,2.69312662328724
182,58.9,4.76,12.5966275553985
183,88.6,4.76,15.2524658290654
184,30.1,4.76,10.536821652169
185,59.8,4.76,7.42610513578313
186,89.5,4.76,6.98013051674783
187,31,4.76,11.8824442711601
188,60.7,4.76,9.98121643831664
189,90.4,4.76,12.3070146500543
190,31.9,4.76,0.0843598387542954
191,61.6,4.76,9.02333092940533
192,91.3,4.76,8.27727625345972
193,4,5.52,14.1281767071926
194,33.7,5.52,10.0931673361086
195,63.4,5.52,14.7722891067165
196,4.9,5.52,10.6615004923796
197,34.6,5.52,7.25826339545284
198,64.3,5.52,6.76822747802868
199,5.8,5.52,9.29045542310928
200,35.5,5.52,2.10494717526745
201,65.2,5.52,7.59795996206891
202,6.7,5.52,14.0430501975166
203,36.4,5.52,16.7359745824632
204,66.1,5.52,9.54178730844625
205,7.6,5.52,9.68677848793347
206,37.3,5.52,15.0663640524646
207,67,5.52,8.09592682022884
208,8.5,5.52,0.719606595783659
209,38.2,5.52,4.16402611103523
210,67.9,5.52,6.49101325945361
211,9.4,5.52,-4.37165674947985
212,39.1,5.52,7.93730522021494
213,68.8,5.52,12.5541039099228
214,10.3,5.52,12.6014693705495
215,40,5.52,20.3770207456936
216,69.7,5.52,2.76983377687883
217,11.2,5.52,6.13208284466187
218,40.9,5.52,7.28381820698471
219,70.6,5.52,6.062876124082
220,12.1,5.52,15.2562648528924
221,41.8,5.52,7.28551540356582
222,71.5,5.52,18.5110776425272
223,13,5.52,10.4384267211096
224,42.7,5.52,15.3038977343471
225,72.4,5.52,5.51801025882314
226,13.9,5.52,10.2369506200646
227,43.6,5.52,5.62269191506864
228,73.3,5.52,19.5859874038481
229,14.8,5.52,9.95069600830212
230,44.5,5.52,11.8990969507407
231,74.2,5.52,10.1107038954017
232,15.7,5.52,2.65740385669017
233,45.4,5.52,12.9078710186702
234,75.1,5.52,5.00659198592521
235,16.6,5.52,13.1839237597221
236,46.3,5.52,5.17751935298016
237,76,5.52,0.0446672426989494
238,17.5,5.52,8.88651588349926
239,47.2,5.52,14.6813079052963
240,76.9,5.52,14.7047833107794
241,18.4,5.52,11.0419067735273
242,48.1,5.52,5.50892526496366
243,77.8,5.52,9.41419738516977
244,19.3,5.52,2.32071117695905
245,49,5.52,11.5237157153139
246,78.7,5.52,10.8318962244064
247,20.2,5.52,21.4953590909016
248,49.9,5.52,6.86148690486989
249,79.6,5.52,0.510123376695645
250,21.1,5.52,6.02032553610081
251,50.8,5.52,15.9394474424041
252,80.5,5.52,16.3382014391018
253,22,5.52,7.6336400820601
254,51.7,5.52,15.5683158612336
255,81.4,5.52,2.55441220279947
256,22.9,5.52,11.8175305325018
257,52.6,5.52,6.63756115727659
258,82.3,5.52,11.290840291368
259,23.8,5.52,5.60430358303144
260,53.5,5.52,6.0446462339317
261,83.2,5.52,17.301621896478
262,24.7,5.52,7.17639028031437
263,54.4,5.52,9.13181819036853
264,84.1,5.52,10.2777134537707
265,25.6,5.52,7.48337487532169
266,55.3,5.52,5.97299549875731
267,85,5.52,8.89113141147313
268,26.5,5.52,10.4690109568641
269,56.2,5.52,13.1423886175744
270,85.9,5.52,4.05967999415144
271,27.4,5.52,13.4052195884494
272,57.1,5.52,8.04606837561695
273,86.8,5.52,15.3687681672409
274,28.3,5.52,11.9509281505192
275,58,5.52,4.76225973194704
276,87.7,5.52,10.1210763036743
277,29.2,5.52,8.64042421178003
278,58.9,5.52,3.85542080696524
279,88.6,5.52,11.39989068662
280,30.1,5.52,14.3491126935004
281,59.8,5.52,9.51643006446457
282,89.5,5.52,8.68765722417253
283,31,5.52,10.6957166986266
284,60.7,5.52,11.1985182037318
285,90.4,5.52,5.92068147678117
286,31.9,5.52,14.538805187524
287,61.6,5.52,14.6768199257072
288,91.3,5.52,1.09176287694923
289,4,6.28,9.91368108840919
290,33.7,6.28,12.1855979785641
291,63.4,6.28,14.4347380045937
292,4.9,6.28,8.34657324426806
293,34.6,6.28,3.65679770178774
294,64.3,6.28,8.37198184932799
295,5.8,6.28,10.9613871188779
296,35.5,6.28,0.511973653912847
297,65.2,6.28,11.9126394871217
298,6.7,6.28,6.59903353918611
299,36.4,6.28,8.36382072816906
300,66.1,6.28,6.24384741223464
301,7.6,6.28,10.3107299873004
302,37.3,6.28,13.9577874383624
303,67,6.28,4.09842859772361
304,8.5,6.28,12.7648339237727
305,38.2,6.28,6.43189341924334
306,67.9,6.28,6.2983768068338
307,9.4,6.28,7.04931125696191
308,39.1,6.28,14.1248859893222
309,68.8,6.28,6.98154430043556
310,10.3,6.28,9.46621493194274
311,40,6.28,7.93157799872695
312,69.7,6.28,11.0251855900922
313,11.2,6.28,12.3979394654822
314,40.9,6.28,14.4541755493332
315,70.6,6.28,15.5841861906955
316,12.1,6.28,6.24546369039842
317,41.8,6.28,15.8915897659304
318,71.5,6.28,12.8334874316364
319,13,6.28,14.6898068624838
320,42.7,6.28,7.14486618867181
321,72.4,6.28,11.4685536698727
322,13.9,6.28,5.77653229627786
323,43.6,6.28,14.8608782061174
324,73.3,6.28,7.54083732297212
325,14.8,6.28,1.02553948760252
326,44.5,6.28,13.9684006225362
327,74.2,6.28,12.8955528481849
328,15.7,6.28,6.20078718865049
329,45.4,6.28,8.71332746141329
330,75.1,6.28,2.64533846523084
331,16.6,6.28,9.04998995069231
332,46.3,6.28,5.73391414968609
333,76,6.28,7.53637466931355
334,17.5,6.28,8.00185016742411
335,47.2,6.28,8.08364247234059
336,76.9,6.28,4.60355330996489
337,18.4,6.28,18.7916923678727
338,48.1,6.28,12.9755214325354
339,77.8,6.28,10.2150407666273
340,19.3,6.28,8.81116954203836
341,49,6.28,10.8547615428075
342,78.7,6.28,10.055458369135
343,20.2,6.28,18.9914990175012
344,49.9,6.28,15.5041382965955
345,79.6,6.28,19.5914362562448
346,21.1,6.28,10.239388149205
347,50.8,6.28,12.1506655967232
348,80.5,6.28,14.1189438049836
349,22,6.28,9.42721706692832
350,51.7,6.28,5.24410836085767
351,81.4,6.28,8.67119274737912
352,22.9,6.28,12.7528301632854
353,52.6,6.28,14.9440259642388
354,82.3,6.28,17.2014685095815
355,23.8,6.28,10.0949917772856
356,53.5,6.28,15.4960557802618
357,83.2,6.28,7.09156231897759
358,24.7,6.28,12.7968081629647
359,54.4,6.28,8.6213002198964
360,84.1,6.28,10.2865944875428
361,25.6,6.28,5.76186975513208
362,55.3,6.28,14.5397680711048
363,85,6.28,10.53746233059
364,26.5,6.28,6.62024590780771
365,56.2,6.28,5.73657873840099
366,85.9,6.28,11.7281255887759
367,27.4,6.28,5.7609419428978
368,57.1,6.28,9.2086368628206
369,86.8,6.28,2.60450781974299
370,28.3,6.28,15.8535088604343
371,58,6.28,12.8957499114747
372,87.7,6.28,9.5515894095447
373,29.2,6.28,19.6519207491359
374,58.9,6.28,8.95853184869233
375,88.6,6.28,13.3516289562301
376,30.1,6.28,5.00048936518843
377,59.8,6.28,7.2162836115276
378,89.5,6.28,-0.355563572615551
379,31,6.28,11.5108813871313
380,60.7,6.28,13.6751170444509
381,90.4,6.28,9.64553185670982
382,31.9,6.28,16.0809148700349
383,61.6,6.28,9.14901212991279
384,91.3,6.28,10.3109281446007
385,4,7.04,5.96230959149256
386,33.7,7.04,21.3681758368682
387,63.4,7.04,8.01376842110867
388,4.9,7.04,-0.509907767317429
389,34.6,7.04,12.1493929793728
390,64.3,7.04,7.40152379765478
391,5.8,7.04,9.77015682645232
392,35.5,7.04,10.2324741146222
393,65.2,7.04,7.37129272752099
394,6.7,7.04,9.39673020563762
395,36.4,7.04,10.3802689727569
396,66.1,7.04,8.44473464517301
397,7.6,7.04,10.6542301113181
398,37.3,7.04,8.43736124322324
399,67,7.04,9.25827357136157
400,8.5,7.04,4.23373971539498
401,38.2,7.04,11.7927638997806
402,67.9,7.04,7.57879999812789
403,9.4,7.04,10.6284242763714
404,39.1,7.04,17.8509098202394
405,68.8,7.04,13.5359948012012
406,10.3,7.04,10.9513839951934
407,40,7.04,12.9699392136549
408,69.7,7.04,15.5529163405772
409,11.2,7.04,7.36288344553981
410,40.9,7.04,13.9675932552044
411,70.6,7.04,12.1996147608788
412,12.1,7.04,13.5922630957305
413,41.8,7.04,6.64415262429299
414,71.5,7.04,11.4240675340864
415,13,7.04,9.27077589953794
416,42.7,7.04,14.2094655237015
417,72.4,7.04,4.85831528328036
418,13.9,7.04,13.3867986735577
419,43.6,7.04,7.70589918153
420,73.3,7.04,8.89357457077264
421,14.8,7.04,8.88177654429431
422,44.5,7.04,13.9955234894992
423,74.2,7.04,15.1492986567814
424,15.7,7.04,8.50927692928424
425,45.4,7.04,7.71903295896757
426,75.1,7.04,12.1271335238714
427,16.6,7.04,16.9237370068726
428,46.3,7.04,6.53359010755079
429,76,7.04,11.5699942688803
430,17.5,7.04,11.3556394436954
431,47.2,7.04,3.46951199471783
432,76.9,7.04,14.5334708062233
433,18.4,7.04,7.76914462937695
434,48.1,7.04,3.11486622370151
435,77.8,7.04,9.83620064068722
436,19.3,7.04,3.27287919679625
437,49,7.04,6.88180806160119
438,78.7,7.04,4.52889903669868
439,20.2,7.04,16.461074431216
440,49.9,7.04,10.3055689651001
441,79.6,7.04,5.71465658719468
442,21.1,7.04,4.90581044747034
443,50.8,7.04,9.99236263454846
444,80.5,7.04,5.06499132038749
445,22,7.04,6.29928569519562
446,51.7,7.04,2.3510474944303
447,81.4,7.04,4.21894988055705
448,22.9,7.04,2.31968730811435
449,52.6,7.04,10.4355566434172
450,82.3,7.04,17.4654331164145
451,23.8,7.04,2.33826030289246
452,53.5,7.04,11.8654433621216
453,83.2,7.04,2.80131201757432
454,24.7,7.04,4.63578764543773
455,54.4,7.04,19.9357549397246
456,84.1,7.04,12.8825322357374
457,25.6,7.04,8.82864668005615
458,55.3,7.04,7.23603687029669
459,85,7.04,15.4142069669076
460,26.5,7.04,5.87984608387077
461,56.2,7.04,5.2773347089511
462,85.9,7.04,11.3220549555553
463,27.4,7.04,18.7780365620681
464,57.1,7.04,5.90750868599171
465,86.8,7.04,11.4961790576769
466,28.3,7.04,11.1846243991366
467,58,7.04,8.52953910202787
468,87.7,7.04,7.98546769145847
469,29.2,7.04,12.7354964570417
470,58.9,7.04,9.3411906982671
471,88.6,7.04,4.97396371655887
472,30.1,7.04,8.85908022799364
473,59.8,7.04,5.06538573686434
474,89.5,7.04,8.46654088578022
475,31,7.04,5.09746183763157
476,60.7,7.04,10.4020394954454
477,90.4,7.04,7.66264264604689
478,31.9,7.04,-0.781663907412195
479,61.6,7.04,9.44381278560395
480,91.3,7.04,10.057656498746
481,4,7.8,15.5191921929844
482,33.7,7.8,11.2553715316995
483,63.4,7.8,5.54326344902354
484,4.9,7.8,7.95023467766464
485,34.6,7.8,7.2708921735978
486,64.3,7.8,17.2370883429905
487,5.8,7.8,17.366178387411
488,35.5,7.8,13.3384992027139
489,65.2,7.8,11.9926194420182
490,6.7,7.8,3.05637811597245
491,36.4,7.8,15.7134787355135
492,66.1,7.8,10.3290103353092
493,7.6,7.8,5.76901514397841
494,37.3,7.8,9.62765253882348
495,67,7.8,15.8861792738766
496,8.5,7.8,8.9280349010313
497,38.2,7.8,8.33634806781362
498,67.9,7.8,6.03350452251777
499,9.4,7.8,14.6463496342439
500,39.1,7.8,6.01222638986199
501,68.8,7.8,12.0611299689157
502,10.3,7.8,18.544027804146
503,40,7.8,17.0573452031702
504,69.7,7.8,9.98853427861295
505,11.2,7.8,10.8128322923418
506,40.9,7.8,8.98821487793782
507,70.6,7.8,12.0915125645852
508,12.1,7.8,10.5673649501298
509,41.8,7.8,5.91380388607959
510,71.5,7.8,12.4240385634017
511,13,7.8,9.48410322967513
512,42.7,7.8,7.57879054830397
513,72.4,7.8,10.7373277990202
514,13.9,7.8,12.5564706311945
515,43.6,7.8,16.366718576807
516,73.3,7.8,10.6395201686403
517,14.8,7.8,7.50748329971609
518,44.5,7.8,6.72710949323485
519,74.2,7.8,11.5528233173534
520,15.7,7.8,11.582898017025
521,45.4,7.8,2.61711155732677
522,75.1,7.8,5.32045196433791
523,16.6,7.8,15.912213812474
524,46.3,7.8,3.45786530335718
525,76,7.8,5.0230882360308
526,17.5,7.8,9.40800442304166
527,47.2,7.8,14.4322258970546
528,76.9,7.8,8.92214477012747
529,18.4,7.8,11.6550665934047
530,48.1,7.8,3.47252744066176
531,77.8,7.8,9.25580280463481
532,19.3,7.8,4.25319222723432
533,49,7.8,7.03702250722822
534,78.7,7.8,10.3568701686644
535,20.2,7.8,3.00057462068803
536,49.9,7.8,11.7342684518775
537,79.6,7.8,10.2766064154062
538,21.1,7.8,6.79563329320642
539,50.8,7.8,20.0807399647197
540,80.5,7.8,6.92634320312494
541,22,7.8,10.9148547929283
542,51.7,7.8,9.9201386721097
543,81.4,7.8,16.0023745425193
544,22.9,7.8,8.41824878979048
545,52.6,7.8,18.9186051843616
546,82.3,7.8,14.9858783905109
547,23.8,7.8,10.7792423151433
548,53.5,7.8,13.5348865874612
549,83.2,7.8,1.13266723606915
550,24.7,7.8,8.58285683475866
551,54.4,7.8,22.4698184785013
552,84.1,7.8,15.3854197643581
553,25.6,7.8,23.4602265634144
554,55.3,7.8,15.0992054846509
555,85,7.8,10.0749272955738
556,26.5,7.8,7.97395398600156
557,56.2,7.8,13.158160382308
558,85.9,7.8,15.8155326641671
559,27.4,7.8,10.9752938819798
560,57.1,7.8,22.7848227012568
561,86.8,7.8,14.8123096424661
562,28.3,7.8,11.8266927893977
563,58,7.8,20.55195256934
564,87.7,7.8,16.2968113579599
565,29.2,7.8,17.6320449642085
566,58.9,7.8,12.8510349448192
567,88.6,7.8,14.3221359579476
568,30.1,7.8,19.0127705812089
569,59.8,7.8,20.9620499069407
570,89.5,7.8,1.56694575224851
571,31,7.8,11.9634363861797
572,60.7,7.8,10.2065929033563
573,90.4,7.8,13.9394540029396
574,31.9,7.8,6.18929038466001
575,61.6,7.8,2.76455247563868
576,91.3,7.8,16.6632146624554
577,4,8.56,8.57935681238595
578,33.7,8.56,11.7247262525858
579,63.4,8.56,21.1295275201474
580,4.9,8.56,3.3388244971862
581,34.6,8.56,7.58547272685863
582,64.3,8.56,4.9617811926508
583,5.8,8.56,8.07301260239018
584,35.5,8.56,21.4223148347476
585,65.2,8.56,12.1188346422752
586,6.7,8.56,22.0958022014619
587,36.4,8.56,10.7321577869279
588,66.1,8.56,11.3644483643529
589,7.6,8.56,6.85690265898711
590,37.3,8.56,10.2616583036654
591,67,8.56,12.3236527734319
592,8.5,8.56,14.2818338531811
593,38.2,8.56,14.1178338080146
594,67.9,8.56,7.60917875478361
595,9.4,8.56,6.64493203989355
596,39.1,8.56,16.5126696491993
597,68.8,8.56,10.5149893960518
598,10.3,8.56,9.43055382595374
599,40,8.56,3.23245643986603
600,69.7,8.56,13.0595883796996
601,11.2,8.56,8.99191447889423
602,40.9,8.56,0.36244455495688
603,70.6,8.56,10.5371907469701
604,12.1,8.56,7.8148477623546
605,41.8,8.56,11.4040811872119
606,71.5,8.56,7.55621761784344
607,13,8.56,4.62101987591285
608,42.7,8.56,8.52264068451102
609,72.4,8.56,4.76789664880236
610,13.9,8.56,9.62558083677887
611,43.6,8.56,9.63131377046044
612,73.3,8.56,10.7095459077315
613,14.8,8.56,18.7515020420375
614,44.5,8.56,13.7656796584596
615,74.2,8.56,15.6228182447851
616,15.7,8.56,9.59729713529156
617,45.4,8.56,5.63687444879902
618,75.1,8.56,5.9746931468742
619,16.6,8.56,11.6204653028666
620,46.3,8.56,5.78031506926763
621,76,8.56,10.0135123088077
622,17.5,8.56,15.3873075381057
623,47.2,8.56,5.9439199301107
624,76.9,8.56,3.75593444499869
625,18.4,8.56,11.3723956897627
626,48.1,8.56,8.91922203282367
627,77.8,8.56,2.18958655045493
628,19.3,8.56,16.5338760620743
629,49,8.56,14.7704748828074
630,78.7,8.56,7.14563344819129
631,20.2,8.56,8.69741007048678
632,49.9,8.56,12.2191977747935
633,79.6,8.56,-0.547832992199503
634,21.1,8.56,3.60345398311975
635,50.8,8.56,7.69069894541435
636,80.5,8.56,10.1284064587411
637,22,8.56,12.6582143238147
638,51.7,8.56,15.0851071343224
639,81.4,8.56,6.14295029024034
640,22.9,8.56,12.1770097448464
641,52.6,8.56,3.43048213018074
642,82.3,8.56,3.19878797077853
643,23.8,8.56,2.5485839553165
644,53.5,8.56,-0.157091032384514
645,83.2,8.56,12.5703321958065
646,24.7,8.56,12.6323703666172
647,54.4,8.56,4.77200107869399
648,84.1,8.56,8.70952668891061
649,25.6,8.56,8.53688599337679
650,55.3,8.56,8.11094437168863
651,85,8.56,9.25163040385458
652,26.5,8.56,0.350975396527545
653,56.2,8.56,8.75428980514067
654,85.9,8.56,9.34295225741067
655,27.4,8.56,13.118547025451
656,57.1,8.56,10.4801793606573
657,86.8,8.56,11.7870635768707
658,28.3,8.56,10.3504374976636
659,58,8.56,9.56873049744974
660,87.7,8.56,1.48672874348377
661,29.2,8.56,10.6045400478754
662,58.9,8.56,8.66331708719461
663,88.6,8.56,13.5411034552083
664,30.1,8.56,4.14045789193453
665,59.8,8.56,8.68112206992862
666,89.5,8.56,-3.45032670062204
667,31,8.56,15.3945026614204
668,60.7,8.56,15.4296887426621
669,90.4,8.56,12.518922856111
670,31.9,8.56,8.80626840964349
671,61.6,8.56,7.27082731523937
672,91.3,8.56,13.8976262110738
673,4,9.32,4.48107363314789
674,33.7,9.32,5.47822739452519
675,63.4,9.32,5.76747561448695
676,4.9,9.32,7.65380597126655
677,34.6,9.32,3.93176297484224
678,64.3,9.32,3.67225154197972
679,5.8,9.32,15.9617911084416
680,35.5,9.32,5.82349171758554
681,65.2,9.32,16.9571922184721
682,6.7,9.32,12.6117062532943
683,36.4,9.32,7.5043767880599
684,66.1,9.32,3.57151892050945
685,7.6,9.32,5.692936459252
686,37.3,9.32,14.0210100343341
687,67,9.32,8.78112885181156
688,8.5,9.32,-2.70083533208089
689,38.2,9.32,12.2814903098095
690,67.9,9.32,13.9712055438867
691,9.4,9.32,10.8671264071921
692,39.1,9.32,10.7115719465393
693,68.8,9.32,8.02267114882227
694,10.3,9.32,16.7550713804639
695,40,9.32,1.86276347354949
696,69.7,9.32,14.6290321535529
697,11.2,9.32,15.0959410409586
698,40.9,9.32,3.71136762278691
699,70.6,9.32,12.2027323274569
700,12.1,9.32,10.9884231939415
701,41.8,9.32,5.67777283886922
702,71.5,9.32,4.90407450155058
703,13,9.32,4.47346323963431
704,42.7,9.32,9.55541524308433
705,72.4,9.32,10.6700209536177
706,13.9,9.32,12.313515225697
707,43.6,9.32,8.47207324343343
708,73.3,9.32,10.2496445971226
709,14.8,9.32,14.0328707461687
710,44.5,9.32,10.6005119997143
711,74.2,9.32,11.0389070445462
712,15.7,9.32,14.621538011245
713,45.4,9.32,13.9099154659945
714,75.1,9.32,16.4692506339812
715,16.6,9.32,8.53358815280438
716,46.3,9.32,10.1763751034212
717,76,9.32,10.6788362637909
718,17.5,9.32,3.66194670989029
719,47.2,9.32,14.0081140810677
720,76.9,9.32,1.27306701780147
721,18.4,9.32,3.24742894012141
722,48.1,9.32,4.81637601994584
723,77.8,9.32,7.49071567477397
724,19.3,9.32,7.57265470423613
725,49,9.32,7.40595507160376
726,78.7,9.32,16.371125372856
727,20.2,9.32,8.24543659039411
728,49.9,9.32,15.0613402168434
729,79.6,9.32,8.09502409670094
730,21.1,9.32,15.9498794913635
731,50.8,9.32,17.9874357845184
732,80.5,9.32,7.20863449079476
733,22,9.32,8.70332076448095
734,51.7,9.32,8.45516462935394
735,81.4,9.32,17.4561135056503
736,22.9,9.32,18.0086878173329
737,52.6,9.32,5.56452722693818
738,82.3,9.32,8.13112938136574
739,23.8,9.32,10.9848266720685
740,53.5,9.32,8.75079544040989
741,83.2,9.32,5.76561064231102
742,24.7,9.32,8.26658616845044
743,54.4,9.32,10.2761217090342
744,84.1,9.32,-1.27081690913208
745,25.6,9.32,6.85831715723248
746,55.3,9.32,8.65039164462088
747,85,9.32,11.3885362977319
748,26.5,9.32,18.6526888075657
749,56.2,9.32,12.987727757539
750,85.9,9.32,1.92383810707972
751,27.4,9.32,13.6315764442026
752,57.1,9.32,15.2709628200886
753,86.8,9.32,19.1608694015011
754,28.3,9.32,0.881460533818014
755,58,9.32,0.278624827937449
756,87.7,9.32,8.04328844276546
757,29.2,9.32,11.7206074728318
758,58.9,9.32,6.58236157029027
759,88.6,9.32,5.75405589938953
760,30.1,9.32,0.928611226711524
761,59.8,9.32,11.8051066108033
762,89.5,9.32,7.04331674773256
763,31,9.32,11.7155770229055
764,60.7,9.32,9.40039127794685
765,90.4,9.32,6.09302180144421
766,31.9,9.32,10.8076142510146
767,61.6,9.32,12.3793946892466
768,91.3,9.32,7.91592672303692
769,4,10.08,16.5721908893576
770,33.7,10.08,12.7520645810255
771,63.4,10.08,15.3848948233358
772,4.9,10.08,9.51581679570141
773,34.6,10.08,8.74357871217289
774,64.3,10.08,10.1162458636149
775,5.8,10.08,14.6984074406419
776,35.5,10.08,10.7590113773406
777,65.2,10.08,6.71543097467183
778,6.7,10.08,17.3185464149388
779,36.4,10.08,8.33529043517731
780,66.1,10.08,10.0171783187159
781,7.6,10.08,14.3810123843435
782,37.3,10.08,12.4456672829453
783,67,10.08,9.86930098188222
784,8.5,10.08,3.85660688585797
785,38.2,10.08,9.36973122147344
786,67.9,10.08,4.22258933331304
787,9.4,10.08,7.0859977789936
788,39.1,10.08,9.40610772110635
789,68.8,10.08,7.54530835979254
790,10.3,10.08,6.47370227872361
791,40,10.08,12.0155083637184
792,69.7,10.08,-1.8853277019417
793,11.2,10.08,6.11074738850152
794,40.9,10.08,13.6525507322472
795,70.6,10.08,7.75163261321416
796,12.1,10.08,13.7331915118389
797,41.8,10.08,9.48396175533549
798,71.5,10.08,4.41136544366704
799,13,10.08,19.3605525549134
800,42.7,10.08,22.3257463640851
801,72.4,10.08,1.56864562187299
802,13.9,10.08,6.46920647375822
803,43.6,10.08,10.6590000245817
804,73.3,10.08,17.7397278572726
805,14.8,10.08,7.07134702664921
806,44.5,10.08,4.08785473850256
807,74.2,10.08,8.27883446381291
808,15.7,10.08,14.2323369384574
809,45.4,10.08,7.55901274134818
810,75.1,10.08,1.71264494909708
811,16.6,10.08,10.839813789173
812,46.3,10.08,3.79160163754878
813,76,10.08,9.28970677954328
814,17.5,10.08,18.8275912420632
815,47.2,10.08,13.1297161562255
816,76.9,10.08,8.71832532764333
817,18.4,10.08,3.9767767982504
818,48.1,10.08,18.3093361168862
819,77.8,10.08,8.7506725040825
820,19.3,10.08,9.90915178293511
821,49,10.08,4.60374458400686
822,78.7,10.08,6.69179769986474
823,20.2,10.08,9.83802479094473
824,49.9,10.08,11.5459236711879
825,79.6,10.08,18.5783306277585
826,21.1,10.08,20.587350126453
827,50.8,10.08,12.3831560474637
828,80.5,10.08,8.16252430278212
829,22,10.08,9.02927376143549
830,51.7,10.08,-3.83076439981622
831,81.4,10.08,11.4754590330183
832,22.9,10.08,12.7887883925196
833,52.6,10.08,8.13250917949438
834,82.3,10.08,14.4565544910469
835,23.8,10.08,16.9106709046993
836,53.5,10.08,10.4219729241513
837,83.2,10.08,16.1285795430397
838,24.7,10.08,8.28936085786781
839,54.4,10.08,14.9855464253816
840,84.1,10.08,7.19525476736486
841,25.6,10.08,1.32946228222043
842,55.3,10.08,18.164817100399
843,85,10.08,9.89226025828856
844,26.5,10.08,18.0034068351343
845,56.2,10.08,-0.71877274047759
846,85.9,10.08,8.83927417324513
847,27.4,10.08,6.80171029641321
848,57.1,10.08,6.30981797676444
849,86.8,10.08,17.4074541989971
850,28.3,10.08,4.69331910218509
851,58,10.08,6.00253362777565
852,87.7,10.08,11.9308977695565
853,29.2,10.08,13.6643767144286
854,58.9,10.08,23.7673647069939
855,88.6,10.08,9.08509032830393
856,30.1,10.08,13.3572551621025
857,59.8,10.08,6.37441142404728
858,89.5,10.08,8.17556769144512
859,31,10.08,13.0811499171778
860,60.7,10.08,11.2546932130911
861,90.4,10.08,16.2428227525057
862,31.9,10.08,5.57549017687572
863,61.6,10.08,5.45094983530001
864,91.3,10.08,10.9797912884117
865,4,10.84,7.60374419930024
866,33.7,10.84,10.7769207781165
867,63.4,10.84,11.6434897072045
868,4.9,10.84,16.4474716092526
869,34.6,10.84,14.4362437664496
870,64.3,10.84,1.266392054755
871,5.8,10.84,23.10691094265
872,35.5,10.84,7.67071380270393
873,65.2,10.84,11.1373485949826
874,6.7,10.84,9.00504543565255
875,36.4,10.84,10.8363298836964
876,66.1,10.84,10.2314124352082
877,7.6,10.84,4.03423790903642
878,37.3,10.84,16.3483904134673
879,67,10.84,7.77397243511437
880,8.5,10.84,-0.200126826852781
881,38.2,10.84,1.85847873614436
882,67.9,10.84,12.6101762425541
883,9.4,10.84,8.03171987488207
884,39.1,10.84,18.6091180159892
885,68.8,10.84,11.9626014922278
886,10.3,10.84,2.68143121953601
887,40,10.84,10.3426450769289
888,69.7,10.84,6.2016431965698
889,11.2,10.84,7.32263941596113
890,40.9,10.84,7.52467386391368
891,70.6,10.84,14.9835970557322
892,12.1,10.84,16.9127711708619
893,41.8,10.84,10.9106885887886
894,71.5,10.84,14.2963244516408
895,13,10.84,3.30579419635735
896,42.7,10.84,15.7891199114062
897,72.4,10.84,12.1127187037382
898,13.9,10.84,3.30607396472269
899,43.6,10.84,13.3273470135995
900,73.3,10.84,11.0939573572657
901,14.8,10.84,13.1925539661215
902,44.5,10.84,10.1165551227299
903,74.2,10.84,13.4469217574744
904,15.7,10.84,9.87439828643789
905,45.4,10.84,8.22480240701134
906,75.1,10.84,2.99340187825905
907,16.6,10.84,5.19365419428449
908,46.3,10.84,15.3187421393635
909,76,10.84,14.019866499154
910,17.5,10.84,11.0724347162124
911,47.2,10.84,15.1208516078213
912,76.9,10.84,15.5651664208478
913,18.4,10.84,12.3745021397906
914,48.1,10.84,16.8115535924796
915,77.8,10.84,13.1232936263716
916,19.3,10.84,7.82941058840325
917,49,10.84,15.2927374490295
918,78.7,10.84,15.8513351567256
919,20.2,10.84,10.7447020898376
920,49.9,10.84,8.72268260294376
921,79.6,10.84,12.2868883475921
922,21.1,10.84,6.15054421391378
923,50.8,10.84,20.4381976910039
924,80.5,10.84,7.33114421848117
925,22,10.84,14.6869751995076
926,51.7,10.84,4.2564326958267
927,81.4,10.84,15.0581347832921
928,22.9,10.84,6.71615119597115
929,52.6,10.84,12.6219459704845
930,82.3,10.84,9.96577974423437
931,23.8,10.84,3.25595425851934
932,53.5,10.84,11.3854846148946
933,83.2,10.84,4.79705711866693
934,24.7,10.84,12.8301309229528
935,54.4,10.84,13.9396702906054
936,84.1,10.84,2.66765908471253
937,25.6,10.84,6.28322350573491
938,55.3,10.84,6.8261321618992
939,85,10.84,12.1961782446506
940,26.5,10.84,8.90972127221389
941,56.2,10.84,4.75782433829571
942,85.9,10.84,13.4686050456059
943,27.4,10.84,8.20305093689971
944,57.1,10.84,2.90423181054601
945,86.8,10.84,7.81050958092028
946,28.3,10.84,8.13990908000964
947,58,10.84,8.18162571452947
948,87.7,10.84,5.65352919335552
949,29.2,10.84,18.6369225939121
950,58.9,10.84,10.1239868378836
951,88.6,10.84,13.4348653517326
952,30.1,10.84,9.88373374584017
953,59.8,10.84,1.96429282003224
954,89.5,10.84,7.25045914798571
955,31,10.84,9.31656301695902
956,60.7,10.84,15.6073640404494
957,90.4,10.84,10.1689605983932
958,31.9,10.84,4.31483311472343
959,61.6,10.84,5.74094999561531
960,91.3,10.84,11.1113833130924
961,4,11.6,7.85894438266108
962,33.7,11.6,2.40493750735419
963,63.4,11.6,9.52854049680967
964,4.9,11.6,7.62991176661487
965,34.6,11.6,7.9393485487842
966,64.3,11.6,-1.90160310426521
967,5.8,11.6,9.85084778735009
968,35.5,11.6,17.6356875793222
969,65.2,11.6,7.57721065360253
970,6.7,11.6,6.06959850013986
971,36.4,11.6,18.4349716544753
972,66.1,11.6,14.7731957669442
973,7.6,11.6,3.19172461858192
974,37.3,11.6,5.60692281308272
975,67,11.6,10.1495024336978
976,8.5,11.6,8.27811937802791
977,38.2,11.6,8.55445403768158
978,67.9,11.6,12.4180825002223
979,9.4,11.6,1.06830547291995
980,39.1,11.6,15.8326011815168
981,68.8,11.6,10.8314817791363
982,10.3,11.6,9.85272402114933
983,40,11.6,8.2186806960575
984,69.7,11.6,10.77555241419
985,11.2,11.6,7.26774752992915
986,40.9,11.6,7.21424193685175
987,70.6,11.6,21.6246535133235
988,12.1,11.6,16.8509704382096
989,41.8,11.6,12.5471701347212
990,71.5,11.6,17.3368183355609
991,13,11.6,7.70684831123188
992,42.7,11.6,9.07377897031435
993,72.4,11.6,14.7675074942881
994,13.9,11.6,16.0131346222044
995,43.6,11.6,8.98726526858997
996,73.3,11.6,12.9405291565638
997,14.8,11.6,11.3396177227297
998,44.5,11.6,15.1209433573039
999,74.2,11.6,18.0061756175337
1000,15.7,11.6,16.7066755499589
1001,45.4,11.6,12.9166680509864
1002,75.1,11.6,6.26831628917807
1003,16.6,11.6,10.1466500896582
1004,46.3,11.6,5.81272113818501
1005,76,11.6,-3.55872856677205
1006,17.5,11.6,5.08767785273517
1007,47.2,11.6,8.72127784405743
1008,76.9,11.6,8.95090922273533
1009,18.4,11.6,1.42986003372616
1010,48.1,11.6,14.6912034109476
1011,77.8,11.6,10.4141608862136
1012,19.3,11.6,5.01833136183103
1013,49,11.6,10.461491688784
1014,78.7,11.6,10.2401519555372
1015,20.2,11.6,8.50291914040051
1016,49.9,11.6,9.89412630256993
1017,79.6,11.6,15.7866813809666
1018,21.1,11.6,9.35352141499392
1019,50.8,11.6,8.69247065892239
1020,80.5,11.6,11.4910925521775
1021,22,11.6,7.43914247424428
1022,51.7,11.6,18.7724770134688
1023,81.4,11.6,13.7686612119236
1024,22.9,11.6,13.0291023174918
1025,52.6,11.6,0.987945389635726
1026,82.3,11.6,14.124823455274
1027,23.8,11.6,10.2391358173821
1028,53.5,11.6,13.3500764785716
1029,83.2,11.6,6.59213358702401
1030,24.7,11.6,-0.670497279222801
1031,54.4,11.6,15.370423250184
1032,84.1,11.6,7.14983935080949
1033,25.6,11.6,11.1475848375541
1034,55.3,11.6,3.638166504879
1035,85,11.6,17.7149848526471
1036,26.5,11.6,15.5670841136748
1037,56.2,11.6,5.93817611328092
1038,85.9,11.6,10.003187735941
1039,27.4,11.6,9.77166636659645
1040,57.1,11.6,5.94361086462322
1041,86.8,11.6,11.823005260738
1042,28.3,11.6,11.3707886805555
1043,58,11.6,18.8919381953456
1044,87.7,11.6,15.8029536697866
1045,29.2,11.6,8.02398781756939
1046,58.9,11.6,10.3197107670698
1047,88.6,11.6,4.1461524833696
1048,30.1,11.6,8.87345503047277
1049,59.8,11.6,3.62118983370942
1050,89.5,11.6,11.6673001266385
1051,31,11.6,15.1094824119095
1052,60.7,11.6,13.3016515975317
1053,90.4,11.6,12.019235611974
1054,31.9,11.6,2.43383940963524
1055,61.6,11.6,2.47130561779414
1056,91.3,11.6,16.8596915188008
1057,4,12.36,6.29349951418146
1058,33.7,12.36,11.0110335752451
1059,63.4,12.36,14.060010346702
1060,4.9,12.36,11.4088094937463
1061,34.6,12.36,8.80394595914619
1062,64.3,12.36,7.43444147224373
1063,5.8,12.36,11.3272775940464
1064,35.5,12.36,5.61924448849358
1065,65.2,12.36,14.2005880889453
1066,6.7,12.36,8.61485714557747
1067,36.4,12.36,4.25000450184378
1068,66.1,12.36,5.25586539739118
1069,7.6,12.36,8.57120925940399
1070,37.3,12.36,20.8090247531285
1071,67,12.36,7.92915231119036
1072,8.5,12.36,9.8522546026729
1073,38.2,12.36,1.01688479090816
1074,67.9,12.36,5.27154465918993
1075,9.4,12.36,18.788849334468
1076,39.1,12.36,14.9932149037372
1077,68.8,12.36,13.632681782996
1078,10.3,12.36,10.240576222873
1079,40,12.36,18.9431209571293
1080,69.7,12.36,9.80332634663168
1081,11.2,12.36,12.1388745481217
1082,40.9,12.36,10.7033160251491
1083,70.6,12.36,15.5926349514136
1084,12.1,12.36,11.30950757379
1085,41.8,12.36,6.81048044922365
1086,71.5,12.36,11.6745018260975
1087,13,12.36,17.550494470622
1088,42.7,12.36,4.00530859167999
1089,72.4,12.36,10.7334121192684
1090,13.9,12.36,-3.24365079730988
1091,43.6,12.36,16.5603312925477
1092,73.3,12.36,8.63427680539777
1093,14.8,12.36,11.9645960592734
1094,44.5,12.36,8.72909209952788
1095,74.2,12.36,8.45436827904697
1096,15.7,12.36,13.5780047747045
1097,45.4,12.36,9.03639891444901
1098,75.1,12.36,10.590268202846
1099,16.6,12.36,7.02666001978966
1100,46.3,12.36,9.0790976290215
1101,76,12.36,2.41435402533736
1102,17.5,12.36,8.31611691680135
1103,47.2,12.36,3.98708140209258
1104,76.9,12.36,3.60260836020666
1105,18.4,12.36,12.9008453360581
1106,48.1,12.36,13.3792721436275
1107,77.8,12.36,8.08395808165355
1108,19.3,12.36,6.22029445977907
1109,49,12.36,-1.79883786147529
1110,78.7,12.36,17.6355411437303
1111,20.2,12.36,10.9336985421001
1112,49.9,12.36,0.599004443638123
1113,79.6,12.36,5.74578842857818
1114,21.1,12.36,20.9429555951372
1115,50.8,12.36,5.43266587126426
1116,80.5,12.36,8.30804362609834
1117,22,12.36,4.26862169547682
1118,51.7,12.36,1.05887617778157
1119,81.4,12.36,7.4120316089909
1120,22.9,12.36,3.55217072619456
1121,52.6,12.36,8.42493894468048
1122,82.3,12.36,17.8350600374088
1123,23.8,12.36,11.5772563619359
1124,53.5,12.36,9.92671636861493
1125,83.2,12.36,10.6284684095104
1126,24.7,12.36,4.60946148862266
1127,54.4,12.36,9.73382979310558
1128,84.1,12.36,13.0835590932512
1129,25.6,12.36,10.1410184252841
1130,55.3,12.36,11.935573341285
1131,85,12.36,5.00633802975437
1132,26.5,12.36,7.06084140893044
1133,56.2,12.36,10.2738828977456
1134,85.9,12.36,9.58041145346526
1135,27.4,12.36,8.43165047701441
1136,57.1,12.36,16.9701308649931
1137,86.8,12.36,18.6623804649358
1138,28.3,12.36,11.7637784520541
1139,58,12.36,13.626971905127
1140,87.7,12.36,12.7774363159311
1141,29.2,12.36,-0.898358379974837
1142,58.9,12.36,2.71201227627205
1143,88.6,12.36,16.9636804460955
1144,30.1,12.36,11.7485424072031
1145,59.8,12.36,12.868326371813
1146,89.5,12.36,6.5219374697942
1147,31,12.36,16.2436498898728
1148,60.7,12.36,13.8481158229044
1149,90.4,12.36,5.7188851530985
1150,31.9,12.36,14.0050204117126
1151,61.6,12.36,14.6323064842059
1152,91.3,12.36,9.61320739909094
1153,4,13.12,25.3229795281699
1154,33.7,13.12,2.88573287227472
1155,63.4,13.12,10.0587944054037
1156,4.9,13.12,10.6626618029895
1157,34.6,13.12,11.0557435202591
1158,64.3,13.12,8.19215224526221
1159,5.8,13.12,13.4754501776522
1160,35.5,13.12,12.9561823998164
1161,65.2,13.12,14.0310489276478
1162,6.7,13.12,2.33636039548543
1163,36.4,13.12,2.01312787340753
1164,66.1,13.12,11.8532414107477
1165,7.6,13.12,10.178864525536
1166,37.3,13.12,9.04961192987658
1167,67,13.12,10.9516740231819
1168,8.5,13.12,19.8240018131061
1169,38.2,13.12,7.08160219407661
1170,67.9,13.12,5.343968677026
1171,9.4,13.12,10.007858333681
1172,39.1,13.12,9.48197808067265
1173,68.8,13.12,13.4130115143092
1174,10.3,13.12,7.35740854943312
1175,40,13.12,12.909030612951
1176,69.7,13.12,8.44278559095092
1177,11.2,13.12,0.612430384704581
1178,40.9,13.12,18.6816759017354
1179,70.6,13.12,22.0567862714274
1180,12.1,13.12,6.09695171643186
1181,41.8,13.12,6.3486113108172
1182,71.5,13.12,11.638347427913
1183,13,13.12,7.25444031205252
1184,42.7,13.12,16.2339422201488
1185,72.4,13.12,6.33912033548853
1186,13.9,13.12,9.85933791829409
1187,43.6,13.12,4.37916771399991
1188,73.3,13.12,4.4185020595673
1189,14.8,13.12,-1.34336517599662
1190,44.5,13.12,12.1332022337964
1191,74.2,13.12,11.1151126888678
1192,15.7,13.12,4.30252272762826
1193,45.4,13.12,6.18142446365525
1194,75.1,13.12,8.93881390280119
1195,16.6,13.12,11.4700206241983
1196,46.3,13.12,15.9543798593868
1197,76,13.12,13.7462830733245
1198,17.5,13.12,9.97022937884677
1199,47.2,13.12,18.0755722958235
1200,76.9,13.12,1.18738737810179
1201,18.4,13.12,7.60777575967074
1202,48.1,13.12,12.614180863121
1203,77.8,13.12,13.1438418121234
1204,19.3,13.12,-0.392618010149477
1205,49,13.12,7.24423232153399
1206,78.7,13.12,3.89207584464185
1207,20.2,13.12,16.8324329367091
1208,49.9,13.12,14.7369772657296
1209,79.6,13.12,7.18138849471337
1210,21.1,13.12,3.98016630933003
1211,50.8,13.12,3.38429753657708
1212,80.5,13.12,12.2557702620351
1213,22,13.12,15.1207332945943
1214,51.7,13.12,0.56305589026978
1215,81.4,13.12,12.1300041742572
1216,22.9,13.12,10.8507045276377
1217,52.6,13.12,13.4610583856685
1218,82.3,13.12,3.31608891692534
1219,23.8,13.12,27.5697973943741
1220,53.5,13.12,13.3214080089712
1221,83.2,13.12,8.66454287286636
1222,24.7,13.12,11.0081817729729
1223,54.4,13.12,13.2916621944817
1224,84.1,13.12,11.928683244774
1225,25.6,13.12,11.5192882437294
1226,55.3,13.12,6.55312490898352
1227,85,13.12,8.41145622115972
1228,26.5,13.12,0.924563712268039
1229,56.2,13.12,-0.103680718059053
1230,85.9,13.12,9.95781385295616
1231,27.4,13.12,7.24981824220632
1232,57.1,13.12,5.28582858729267
1233,86.8,13.12,13.0267314734331
1234,28.3,13.12,15.5312205112126
1235,58,13.12,4.57910910242823
1236,87.7,13.12,8.85511188442435
1237,29.2,13.12,7.79803335905795
1238,58.9,13.12,11.8970782753337
1239,88.6,13.12,6.20773244843187
1240,30.1,13.12,1.01650047254464
1241,59.8,13.12,5.30155582213028
1242,89.5,13.12,10.3905574706969
1243,31,13.12,7.64644944081994
1244,60.7,13.12,12.4083179160861
1245,90.4,13.12,8.64383101469737
1246,31.9,13.12,8.62856575805627
1247,61.6,13.12,10.5377125564495
1248,91.3,13.12,11.4518251035321
1249,4,13.88,7.97946952947864
1250,33.7,13.88,15.0488921818274
1251,63.4,13.88,20.1274346246455
1252,4.9,13.88,10.6927588133795
1253,34.6,13.88,7.93519133816736
1254,64.3,13.88,11.8537594472636
1255,5.8,13.88,2.3411291751021
1256,35.5,13.88,7.85099039846095
1257,65.2,13.88,9.41396176258526
1258,6.7,13.88,6.94476912282873
1259,36.4,13.88,8.63091970751317
1260,66.1,13.88,9.13552014379825
1261,7.6,13.88,1.66770611861534
1262,37.3,13.88,6.61026074907687
1263,67,13.88,4.76193037946328
1264,8.5,13.88,5.30096903155516
1265,38.2,13.88,6.15019199631057
1266,67.9,13.88,17.29970753048
1267,9.4,13.88,9.14102412499876
1268,39.1,13.88,9.25788341540381
1269,68.8,13.88,6.80608783901828
1270,10.3,13.88,5.35271756177775
1271,40,13.88,17.2418364766336
1272,69.7,13.88,14.6568981654106
1273,11.2,13.88,13.7503427016286
1274,40.9,13.88,20.1861923486916
1275,70.6,13.88,7.08557534276729
1276,12.1,13.88,18.0527775098777
1277,41.8,13.88,7.93012907022653
1278,71.5,13.88,14.143673760946
1279,13,13.88,15.9825575997047
1280,42.7,13.88,8.10377079892254
1281,72.4,13.88,17.9554371007886
1282,13.9,13.88,5.20566033646527
1283,43.6,13.88,19.7328107381454
1284,73.3,13.88,11.6768301272909
1285,14.8,13.88,9.7221365469334
1286,44.5,13.88,14.2110571680103
1287,74.2,13.88,11.4301081188058
1288,15.7,13.88,15.142305433267
1289,45.4,13.88,5.79638141801473
1290,75.1,13.88,10.9110195326367
1291,16.6,13.88,12.9034842672698
1292,46.3,13.88,14.5394072023183
1293,76,13.88,10.9354355968327
1294,17.5,13.88,-3.58131054162224
1295,47.2,13.88,16.3437102766447
1296,76.9,13.88,2.02711412234306
1297,18.4,13.88,10.2830335804452
1298,48.1,13.88,5.56060601834548
1299,77.8,13.88,14.2261912773257
1300,19.3,13.88,8.77788167920421
1301,49,13.88,8.06197800229432
1302,78.7,13.88,8.58176091987137
1303,20.2,13.88,0.362554909695845
1304,49.9,13.88,15.1384043653162
1305,79.6,13.88,14.518402304842
1306,21.1,13.88,18.1952243426598
1307,50.8,13.88,4.95359838582773
1308,80.5,13.88,8.75516158307319
1309,22,13.88,18.528356814288
1310,51.7,13.88,4.8637316429991
1311,81.4,13.88,7.94662554414475
1312,22.9,13.88,3.96090825856838
1313,52.6,13.88,15.0229419607192
1314,82.3,13.88,0.756354662850939
1315,23.8,13.88,18.6998268158627
1316,53.5,13.88,12.8181591719298
1317,83.2,13.88,8.49273788660935
1318,24.7,13.88,4.94298474908007
1319,54.4,13.88,13.8271396683435
1320,84.1,13.88,9.63108592413599
1321,25.6,13.88,10.5736305545035
1322,55.3,13.88,13.413682185999
1323,85,13.88,-0.175313857349238
1324,26.5,13.88,18.5178763921012
1325,56.2,13.88,17.9790839260042
1326,85.9,13.88,14.0293050339894
1327,27.4,13.88,10.1587806729077
1328,57.1,13.88,16.1748119472244
1329,86.8,13.88,12.7191765746838
1330,28.3,13.88,6.14060382830768
1331,58,13.88,14.5338329575284
1332,87.7,13.88,6.16795760395817
1333,29.2,13.88,18.8450979285819
1334,58.9,13.88,9.5472268297746
1335,88.6,13.88,14.9605116175698
1336,30.1,13.88,0.0332141189903723
1337,59.8,13.88,10.0471695511806
1338,89.5,13.88,6.77098238997773
1339,31,13.88,7.55758115358178
1340,60.7,13.88,9.26155035311987
1341,90.4,13.88,15.219779684417
1342,31.9,13.88,11.681582190395
1343,61.6,13.88,11.6291530982806
1344,91.3,13.88,12.5211344039035
1345,4,14.64,15.4513951578982
1346,33.7,14.64,5.78797674107305
1347,63.4,14.64,-3.59368134260986
1348,4.9,14.64,4.58116249043958
1349,34.6,14.64,15.1526791087923
1350,64.3,14.64,14.1721851031308
1351,5.8,14.64,1.75827232446531
1352,35.5,14.64,14.6109272335124
1353,65.2,14.64,5.02511349462343
1354,6.7,14.64,11.7060360898408
1355,36.4,14.64,8.43158801991046
1356,66.1,14.64,11.8620753904862
1357,7.6,14.64,11.7072779289504
1358,37.3,14.64,2.23957234360734
1359,67,14.64,10.4886722515553
1360,8.5,14.64,11.837777362767
1361,38.2,14.64,2.81266600178998
1362,67.9,14.64,10.4157573515891
1363,9.4,14.64,9.98754640669215
1364,39.1,14.64,12.814859108097
1365,68.8,14.64,-1.03605518900444
1366,10.3,14.64,8.00826497880676
1367,40,14.64,13.8413642152479
1368,69.7,14.64,9.77125995866159
1369,11.2,14.64,21.2250687211264
1370,40.9,14.64,10.6863357955126
1371,70.6,14.64,21.5409424574431
1372,12.1,14.64,2.20328267557845
1373,41.8,14.64,18.0586562124206
1374,71.5,14.64,4.41960179055634
1375,13,14.64,11.7836445466229
1376,42.7,14.64,8.42102039281757
1377,72.4,14.64,4.7191408148374
1378,13.9,14.64,14.0698148161384
1379,43.6,14.64,7.13632584148324
1380,73.3,14.64,13.4114682216407
1381,14.8,14.64,16.0513198418123
1382,44.5,14.64,18.2323757037289
1383,74.2,14.64,11.6043029610513
1384,15.7,14.64,6.84075290967476
1385,45.4,14.64,13.6035047363061
1386,75.1,14.64,5.04848579233992
1387,16.6,14.64,18.0411285984703
1388,46.3,14.64,9.46755163910592
1389,76,14.64,17.8712098457843
1390,17.5,14.64,6.0011316653157
1391,47.2,14.64,13.9018257321811
1392,76.9,14.64,10.2294015783613
1393,18.4,14.64,14.9240142511912
1394,48.1,14.64,9.95074887948098
1395,77.8,14.64,10.4118603808966
1396,19.3,14.64,11.4466668219786
1397,49,14.64,12.3240466702824
1398,78.7,14.64,12.7870346210629
1399,20.2,14.64,14.4143388859785
1400,49.9,14.64,6.57433318548526
1401,79.6,14.64,11.9046126370703
1402,21.1,14.64,12.8595396958305
1403,50.8,14.64,8.19145545609189
1404,80.5,14.64,11.3927102113664
1405,22,14.64,-0.73042586569693
1406,51.7,14.64,9.15050534093628
1407,81.4,14.64,5.21089941471863
1408,22.9,14.64,7.8671968673755
1409,52.6,14.64,1.5198097786126
1410,82.3,14.64,5.02291543951684
1411,23.8,14.64,5.98519023802609
1412,53.5,14.64,5.57378143554106
1413,83.2,14.64,9.20828844081859
1414,24.7,14.64,17.098265082191
1415,54.4,14.64,11.8093838886405
1416,84.1,14.64,11.4600705613398
1417,25.6,14.64,7.33700618469722
1418,55.3,14.64,14.9035167243042
1419,85,14.64,6.80401217017896
1420,26.5,14.64,6.587059062737
1421,56.2,14.64,6.19941588347767
1422,85.9,14.64,13.7944780924955
1423,27.4,14.64,4.14591295313753
1424,57.1,14.64,12.8985345934702
1425,86.8,14.64,1.36671257223543
1426,28.3,14.64,8.62784058949157
1427,58,14.64,15.0313127720044
1428,87.7,14.64,8.26406752953874
1429,29.2,14.64,11.0031412823086
1430,58.9,14.64,14.3304315189279
1431,88.6,14.64,14.4550174542525
1432,30.1,14.64,13.4203266278281
1433,59.8,14.64,12.7321707986978
1434,89.5,14.64,20.7040756637399
1435,31,14.64,7.34954982823622
1436,60.7,14.64,11.1315780480251
1437,90.4,14.64,17.8743994270636
1438,31.9,14.64,9.69696876483587
1439,61.6,14.64,11.331582237805
1440,91.3,14.64,12.5877395605912
1441,4,15.4,18.52510245491
1442,33.7,15.4,7.21038756440205
1443,63.4,15.4,11.8603967373846
1444,4.9,15.4,13.07619554795
1445,34.6,15.4,7.6596096814212
1446,64.3,15.4,4.01090613642953
1447,5.8,15.4,9.55363319830961
1448,35.5,15.4,14.4389764731958
1449,65.2,15.4,5.6510958884014
1450,6.7,15.4,11.3757501401432
1451,36.4,15.4,7.57118830757233
1452,66.1,15.4,8.68651593567466
1453,7.6,15.4,5.56697678663312
1454,37.3,15.4,12.8098221604741
1455,67,15.4,6.1707162587078
1456,8.5,15.4,9.89087749756253
1457,38.2,15.4,19.0510663024445
1458,67.9,15.4,5.81785259189965
1459,9.4,15.4,11.1764604029565
1460,39.1,15.4,7.54169492268954
1461,68.8,15.4,2.97634003755688
1462,10.3,15.4,4.86221625521561
1463,40,15.4,12.4624557937035
1464,69.7,15.4,2.87191297402539
1465,11.2,15.4,0.727923925759512
1466,40.9,15.4,2.65532300484614
1467,70.6,15.4,1.86718771479528
1468,12.1,15.4,7.83420991732685
1469,41.8,15.4,14.5433206923569
1470,71.5,15.4,4.05784367390167
1471,13,15.4,4.390523901164
1472,42.7,15.4,10.4023765764717
1473,72.4,15.4,16.9003754966205
1474,13.9,15.4,9.88868653686912
1475,43.6,15.4,12.8910039959635
1476,73.3,15.4,15.1819609400557
1477,14.8,15.4,-1.98280367285692
1478,44.5,15.4,10.4049827402668
1479,74.2,15.4,2.82993533916343
1480,15.7,15.4,11.9180258839147
1481,45.4,15.4,1.47296881540672
1482,75.1,15.4,7.83209086317304
1483,16.6,15.4,16.2682914354199
1484,46.3,15.4,15.6335486180908
1485,76,15.4,13.8880964767207
1486,17.5,15.4,10.4078163086344
1487,47.2,15.4,11.8608520389477
1488,76.9,15.4,14.8282900780416
1489,18.4,15.4,12.5602326606182
1490,48.1,15.4,5.55882330492766
1491,77.8,15.4,8.29574910810256
1492,19.3,15.4,11.9375737761858
1493,49,15.4,18.1267357649715
1494,78.7,15.4,19.4335378956545
1495,20.2,15.4,13.7987900388085
1496,49.9,15.4,20.9306669596419
1497,79.6,15.4,14.322130703708
1498,21.1,15.4,14.0026647406659
1499,50.8,15.4,8.05974152458505
1500,80.5,15.4,4.34553366572291
1501,22,15.4,9.12726339265581
1502,51.7,15.4,13.7486815701318
1503,81.4,15.4,7.45260820178977
1504,22.9,15.4,3.77664087827898
1505,52.6,15.4,7.57798856422848
1506,82.3,15.4,14.091732702302
1507,23.8,15.4,10.8588020911555
1508,53.5,15.4,11.530932203811
1509,83.2,15.4,10.9477745677585
1510,24.7,15.4,9.08632441081247
1511,54.4,15.4,4.85494685719594
1512,84.1,15.4,-3.57252093256245
1513,25.6,15.4,9.59554896930619
1514,55.3,15.4,9.55680987477466
1515,85,15.4,13.8106865117753
1516,26.5,15.4,6.48056628228673
1517,56.2,15.4,11.141203042812
1518,85.9,15.4,9.82688573772755
1519,27.4,15.4,9.51097966289028
1520,57.1,15.4,7.19290638439779
1521,86.8,15.4,11.815861812461
1522,28.3,15.4,12.2692833968496
1523,58,15.4,15.0982503949521
1524,87.7,15.4,9.2522618817738
1525,29.2,15.4,13.8643725504904
1526,58.9,15.4,12.3191178768419
1527,88.6,15.4,14.5948870877482
1528,30.1,15.4,7.85048189793528
1529,59.8,15.4,25.6671366536831
1530,89.5,15.4,9.14941066356336
1531,31,15.4,14.7487438924849
1532,60.7,15.4,8.84810662399809
1533,90.4,15.4,15.1222729687046
1534,31.9,15.4,13.2474842320191
1535,61.6,15.4,4.66038974700612
1536,91.3,15.4,8.82957792393755
