aluno,exito,tempo,grupo,curso,tentativa,exito_tentativa,vez_exito
a1,0,03:00,GP_C,1,1,0,4
a1,0,03:00,GP_C,1,2,0,4
a1,0,03:00,GP_C,1,3,0,4
a1,0,03:00,GP_C,1,4,1,4
a1,0,03:00,GP_C,1,5,0,4
a1,0,03:00,GP_C,1,6,0,4
a1,0,03:00,GP_C,1,7,0,4
a1,0,03:00,GP_C,1,8,1,4
a1,0,03:00,GP_C,1,9,0,4
a1,0,03:00,GP_C,1,10,1,4
a1,0,03:00,GP_C,1,11,0,4
a1,0,03:00,GP_C,1,12,1,4
a1,0,03:00,GP_C,1,13,0,4
a1,0,03:00,GP_C,1,14,0,4
a1,0,03:00,GP_C,1,15,0,4
a1,0,03:00,GP_C,1,16,0,4
a1,0,03:00,GP_C,1,17,0,4
a1,0,03:00,GP_C,1,18,0,4
a1,0,03:00,GP_C,1,19,0,4
a1,0,03:00,GP_C,1,20,0,4
a1,0,03:00,GP_C,1,21,0,4
a1,0,03:00,GP_C,1,22,NA,4
a1,0,03:00,GP_C,1,23,NA,4
a1,0,03:00,GP_C,1,24,NA,4
a3,1,00:21,GP_C,1,1,1,1
a3,1,00:21,GP_C,1,2,0,1
a3,1,00:21,GP_C,1,3,1,1
a3,1,00:21,GP_C,1,4,1,1
a3,1,00:21,GP_C,1,5,1,1
a3,1,00:21,GP_C,1,6,1,1
a3,1,00:21,GP_C,1,7,1,1
a3,1,00:21,GP_C,1,8,1,1
a3,1,00:21,GP_C,1,9,0,1
a3,1,00:21,GP_C,1,10,1,1
a3,1,00:21,GP_C,1,11,1,1
a3,1,00:21,GP_C,1,12,1,1
a3,1,00:21,GP_C,1,13,0,1
a3,1,00:21,GP_C,1,14,0,1
a3,1,00:21,GP_C,1,15,1,1
a3,1,00:21,GP_C,1,16,1,1
a3,1,00:21,GP_C,1,17,1,1
a3,1,00:21,GP_C,1,18,1,1
a3,1,00:21,GP_C,1,19,1,1
a3,1,00:21,GP_C,1,20,1,1
a3,1,00:21,GP_C,1,21,1,1
a3,1,00:21,GP_C,1,22,NA,1
a3,1,00:21,GP_C,1,23,NA,1
a3,1,00:21,GP_C,1,24,NA,1
a5,0,03:00,GP_C,1,1,0,4
a5,0,03:00,GP_C,1,2,0,4
a5,0,03:00,GP_C,1,3,0,4
a5,0,03:00,GP_C,1,4,1,4
a5,0,03:00,GP_C,1,5,0,4
a5,0,03:00,GP_C,1,6,0,4
a5,0,03:00,GP_C,1,7,0,4
a5,0,03:00,GP_C,1,8,1,4
a5,0,03:00,GP_C,1,9,0,4
a5,0,03:00,GP_C,1,10,0,4
a5,0,03:00,GP_C,1,11,0,4
a5,0,03:00,GP_C,1,12,1,4
a5,0,03:00,GP_C,1,13,0,4
a5,0,03:00,GP_C,1,14,0,4
a5,0,03:00,GP_C,1,15,0,4
a5,0,03:00,GP_C,1,16,0,4
a5,0,03:00,GP_C,1,17,1,4
a5,0,03:00,GP_C,1,18,1,4
a5,0,03:00,GP_C,1,19,0,4
a5,0,03:00,GP_C,1,20,0,4
a5,0,03:00,GP_C,1,21,0,4
a5,0,03:00,GP_C,1,22,NA,4
a5,0,03:00,GP_C,1,23,NA,4
a5,0,03:00,GP_C,1,24,NA,4
a6,1,01:10,GP_C,1,1,1,1
a6,1,01:10,GP_C,1,2,1,1
a6,1,01:10,GP_C,1,3,1,1
a6,1,01:10,GP_C,1,4,1,1
a6,1,01:10,GP_C,1,5,0,1
a6,1,01:10,GP_C,1,6,1,1
a6,1,01:10,GP_C,1,7,1,1
a6,1,01:10,GP_C,1,8,1,1
a6,1,01:10,GP_C,1,9,1,1
a6,1,01:10,GP_C,1,10,1,1
a6,1,01:10,GP_C,1,11,1,1
a6,1,01:10,GP_C,1,12,1,1
a6,1,01:10,GP_C,1,13,1,1
a6,1,01:10,GP_C,1,14,0,1
a6,1,01:10,GP_C,1,15,0,1
a6,1,01:10,GP_C,1,16,0,1
a6,1,01:10,GP_C,1,17,1,1
a6,1,01:10,GP_C,1,18,1,1
a6,1,01:10,GP_C,1,19,1,1
a6,1,01:10,GP_C,1,20,1,1
a6,1,01:10,GP_C,1,21,1,1
a6,1,01:10,GP_C,1,22,NA,1
a6,1,01:10,GP_C,1,23,NA,1
a6,1,01:10,GP_C,1,24,NA,1
a8,0,03:00,GP_C,1,1,0,4
a8,0,03:00,GP_C,1,2,0,4
a8,0,03:00,GP_C,1,3,0,4
a8,0,03:00,GP_C,1,4,1,4
a8,0,03:00,GP_C,1,5,0,4
a8,0,03:00,GP_C,1,6,0,4
a8,0,03:00,GP_C,1,7,1,4
a8,0,03:00,GP_C,1,8,1,4
a8,0,03:00,GP_C,1,9,0,4
a8,0,03:00,GP_C,1,10,1,4
a8,0,03:00,GP_C,1,11,1,4
a8,0,03:00,GP_C,1,12,1,4
a8,0,03:00,GP_C,1,13,0,4
a8,0,03:00,GP_C,1,14,0,4
a8,0,03:00,GP_C,1,15,1,4
a8,0,03:00,GP_C,1,16,0,4
a8,0,03:00,GP_C,1,17,1,4
a8,0,03:00,GP_C,1,18,0,4
a8,0,03:00,GP_C,1,19,0,4
a8,0,03:00,GP_C,1,20,1,4
a8,0,03:00,GP_C,1,21,0,4
a8,0,03:00,GP_C,1,22,NA,4
a8,0,03:00,GP_C,1,23,NA,4
a8,0,03:00,GP_C,1,24,NA,4
a10,0,03:00,GP_2,2,1,1,1
a10,0,03:00,GP_2,2,2,0,1
a10,0,03:00,GP_2,2,3,0,1
a10,0,03:00,GP_2,2,4,0,1
a10,0,03:00,GP_2,2,5,0,1
a10,0,03:00,GP_2,2,6,0,1
a10,0,03:00,GP_2,2,7,0,1
a10,0,03:00,GP_2,2,8,0,1
a10,0,03:00,GP_2,2,9,0,1
a10,0,03:00,GP_2,2,10,0,1
a10,0,03:00,GP_2,2,11,0,1
a10,0,03:00,GP_2,2,12,0,1
a10,0,03:00,GP_2,2,13,0,1
a10,0,03:00,GP_2,2,14,0,1
a10,0,03:00,GP_2,2,15,0,1
a10,0,03:00,GP_2,2,16,NA,1
a10,0,03:00,GP_2,2,17,NA,1
a10,0,03:00,GP_2,2,18,NA,1
a10,0,03:00,GP_2,2,19,NA,1
a10,0,03:00,GP_2,2,20,NA,1
a10,0,03:00,GP_2,2,21,NA,1
a10,0,03:00,GP_2,2,22,NA,1
a10,0,03:00,GP_2,2,23,NA,1
a10,0,03:00,GP_2,2,24,NA,1
a11,1,00:31,GP_2,2,1,0,4
a11,1,00:31,GP_2,2,2,0,4
a11,1,00:31,GP_2,2,3,0,4
a11,1,00:31,GP_2,2,4,1,4
a11,1,00:31,GP_2,2,5,0,4
a11,1,00:31,GP_2,2,6,0,4
a11,1,00:31,GP_2,2,7,1,4
a11,1,00:31,GP_2,2,8,1,4
a11,1,00:31,GP_2,2,9,0,4
a11,1,00:31,GP_2,2,10,0,4
a11,1,00:31,GP_2,2,11,0,4
a11,1,00:31,GP_2,2,12,0,4
a11,1,00:31,GP_2,2,13,0,4
a11,1,00:31,GP_2,2,14,0,4
a11,1,00:31,GP_2,2,15,1,4
a11,1,00:31,GP_2,2,16,NA,4
a11,1,00:31,GP_2,2,17,NA,4
a11,1,00:31,GP_2,2,18,NA,4
a11,1,00:31,GP_2,2,19,NA,4
a11,1,00:31,GP_2,2,20,NA,4
a11,1,00:31,GP_2,2,21,NA,4
a11,1,00:31,GP_2,2,22,NA,4
a11,1,00:31,GP_2,2,23,NA,4
a11,1,00:31,GP_2,2,24,NA,4
a12,0,03:00,GP_2,2,1,0,0
a12,0,03:00,GP_2,2,2,0,0
a12,0,03:00,GP_2,2,3,0,0
a12,0,03:00,GP_2,2,4,0,0
a12,0,03:00,GP_2,2,5,0,0
a12,0,03:00,GP_2,2,6,0,0
a12,0,03:00,GP_2,2,7,0,0
a12,0,03:00,GP_2,2,8,0,0
a12,0,03:00,GP_2,2,9,0,0
a12,0,03:00,GP_2,2,10,0,0
a12,0,03:00,GP_2,2,11,0,0
a12,0,03:00,GP_2,2,12,0,0
a12,0,03:00,GP_2,2,13,0,0
a12,0,03:00,GP_2,2,14,0,0
a12,0,03:00,GP_2,2,15,0,0
a12,0,03:00,GP_2,2,16,NA,0
a12,0,03:00,GP_2,2,17,NA,0
a12,0,03:00,GP_2,2,18,NA,0
a12,0,03:00,GP_2,2,19,NA,0
a12,0,03:00,GP_2,2,20,NA,0
a12,0,03:00,GP_2,2,21,NA,0
a12,0,03:00,GP_2,2,22,NA,0
a12,0,03:00,GP_2,2,23,NA,0
a12,0,03:00,GP_2,2,24,NA,0
a13,1,01:00,GP_2,2,1,1,1
a13,1,01:00,GP_2,2,2,0,1
a13,1,01:00,GP_2,2,3,0,1
a13,1,01:00,GP_2,2,4,1,1
a13,1,01:00,GP_2,2,5,0,1
a13,1,01:00,GP_2,2,6,1,1
a13,1,01:00,GP_2,2,7,1,1
a13,1,01:00,GP_2,2,8,0,1
a13,1,01:00,GP_2,2,9,1,1
a13,1,01:00,GP_2,2,10,1,1
a13,1,01:00,GP_2,2,11,1,1
a13,1,01:00,GP_2,2,12,0,1
a13,1,01:00,GP_2,2,13,1,1
a13,1,01:00,GP_2,2,14,1,1
a13,1,01:00,GP_2,2,15,1,1
a13,1,01:00,GP_2,2,16,NA,1
a13,1,01:00,GP_2,2,17,NA,1
a13,1,01:00,GP_2,2,18,NA,1
a13,1,01:00,GP_2,2,19,NA,1
a13,1,01:00,GP_2,2,20,NA,1
a13,1,01:00,GP_2,2,21,NA,1
a13,1,01:00,GP_2,2,22,NA,1
a13,1,01:00,GP_2,2,23,NA,1
a13,1,01:00,GP_2,2,24,NA,1
a14,1,01:25,GP_2,2,1,0,4
a14,1,01:25,GP_2,2,2,0,4
a14,1,01:25,GP_2,2,3,0,4
a14,1,01:25,GP_2,2,4,1,4
a14,1,01:25,GP_2,2,5,0,4
a14,1,01:25,GP_2,2,6,1,4
a14,1,01:25,GP_2,2,7,0,4
a14,1,01:25,GP_2,2,8,1,4
a14,1,01:25,GP_2,2,9,0,4
a14,1,01:25,GP_2,2,10,1,4
a14,1,01:25,GP_2,2,11,0,4
a14,1,01:25,GP_2,2,12,1,4
a14,1,01:25,GP_2,2,13,1,4
a14,1,01:25,GP_2,2,14,0,4
a14,1,01:25,GP_2,2,15,1,4
a14,1,01:25,GP_2,2,16,NA,4
a14,1,01:25,GP_2,2,17,NA,4
a14,1,01:25,GP_2,2,18,NA,4
a14,1,01:25,GP_2,2,19,NA,4
a14,1,01:25,GP_2,2,20,NA,4
a14,1,01:25,GP_2,2,21,NA,4
a14,1,01:25,GP_2,2,22,NA,4
a14,1,01:25,GP_2,2,23,NA,4
a14,1,01:25,GP_2,2,24,NA,4
a15,1,03:22,GP_2,2,1,0,4
a15,1,03:22,GP_2,2,2,0,4
a15,1,03:22,GP_2,2,3,0,4
a15,1,03:22,GP_2,2,4,1,4
a15,1,03:22,GP_2,2,5,0,4
a15,1,03:22,GP_2,2,6,1,4
a15,1,03:22,GP_2,2,7,0,4
a15,1,03:22,GP_2,2,8,0,4
a15,1,03:22,GP_2,2,9,1,4
a15,1,03:22,GP_2,2,10,0,4
a15,1,03:22,GP_2,2,11,0,4
a15,1,03:22,GP_2,2,12,1,4
a15,1,03:22,GP_2,2,13,0,4
a15,1,03:22,GP_2,2,14,0,4
a15,1,03:22,GP_2,2,15,1,4
a15,1,03:22,GP_2,2,16,NA,4
a15,1,03:22,GP_2,2,17,NA,4
a15,1,03:22,GP_2,2,18,NA,4
a15,1,03:22,GP_2,2,19,NA,4
a15,1,03:22,GP_2,2,20,NA,4
a15,1,03:22,GP_2,2,21,NA,4
a15,1,03:22,GP_2,2,22,NA,4
a15,1,03:22,GP_2,2,23,NA,4
a15,1,03:22,GP_2,2,24,NA,4
a18,0,03:00,GP_2,2,1,0,0
a18,0,03:00,GP_2,2,2,0,0
a18,0,03:00,GP_2,2,3,0,0
a18,0,03:00,GP_2,2,4,0,0
a18,0,03:00,GP_2,2,5,0,0
a18,0,03:00,GP_2,2,6,0,0
a18,0,03:00,GP_2,2,7,0,0
a18,0,03:00,GP_2,2,8,0,0
a18,0,03:00,GP_2,2,9,0,0
a18,0,03:00,GP_2,2,10,0,0
a18,0,03:00,GP_2,2,11,0,0
a18,0,03:00,GP_2,2,12,0,0
a18,0,03:00,GP_2,2,13,0,0
a18,0,03:00,GP_2,2,14,0,0
a18,0,03:00,GP_2,2,15,0,0
a18,0,03:00,GP_2,2,16,NA,0
a18,0,03:00,GP_2,2,17,NA,0
a18,0,03:00,GP_2,2,18,NA,0
a18,0,03:00,GP_2,2,19,NA,0
a18,0,03:00,GP_2,2,20,NA,0
a18,0,03:00,GP_2,2,21,NA,0
a18,0,03:00,GP_2,2,22,NA,0
a18,0,03:00,GP_2,2,23,NA,0
a18,0,03:00,GP_2,2,24,NA,0
a19,1,01:22,GP_1,3,1,0,15
a19,1,01:22,GP_1,3,2,0,15
a19,1,01:22,GP_1,3,3,0,15
a19,1,01:22,GP_1,3,4,0,15
a19,1,01:22,GP_1,3,5,0,15
a19,1,01:22,GP_1,3,6,0,15
a19,1,01:22,GP_1,3,7,0,15
a19,1,01:22,GP_1,3,8,0,15
a19,1,01:22,GP_1,3,9,0,15
a19,1,01:22,GP_1,3,10,0,15
a19,1,01:22,GP_1,3,11,0,15
a19,1,01:22,GP_1,3,12,0,15
a19,1,01:22,GP_1,3,13,0,15
a19,1,01:22,GP_1,3,14,0,15
a19,1,01:22,GP_1,3,15,1,15
a19,1,01:22,GP_1,3,16,0,15
a19,1,01:22,GP_1,3,17,1,15
a19,1,01:22,GP_1,3,18,1,15
a19,1,01:22,GP_1,3,19,0,15
a19,1,01:22,GP_1,3,20,0,15
a19,1,01:22,GP_1,3,21,NA,15
a19,1,01:22,GP_1,3,22,NA,15
a19,1,01:22,GP_1,3,23,NA,15
a19,1,01:22,GP_1,3,24,NA,15
a20,1,01:26,GP_1,3,1,0,2
a20,1,01:26,GP_1,3,2,1,2
a20,1,01:26,GP_1,3,3,0,2
a20,1,01:26,GP_1,3,4,1,2
a20,1,01:26,GP_1,3,5,0,2
a20,1,01:26,GP_1,3,6,0,2
a20,1,01:26,GP_1,3,7,0,2
a20,1,01:26,GP_1,3,8,0,2
a20,1,01:26,GP_1,3,9,0,2
a20,1,01:26,GP_1,3,10,1,2
a20,1,01:26,GP_1,3,11,1,2
a20,1,01:26,GP_1,3,12,0,2
a20,1,01:26,GP_1,3,13,1,2
a20,1,01:26,GP_1,3,14,1,2
a20,1,01:26,GP_1,3,15,1,2
a20,1,01:26,GP_1,3,16,1,2
a20,1,01:26,GP_1,3,17,1,2
a20,1,01:26,GP_1,3,18,1,2
a20,1,01:26,GP_1,3,19,0,2
a20,1,01:26,GP_1,3,20,1,2
a20,1,01:26,GP_1,3,21,NA,2
a20,1,01:26,GP_1,3,22,NA,2
a20,1,01:26,GP_1,3,23,NA,2
a20,1,01:26,GP_1,3,24,NA,2
a22,1,01:07,GP_1,3,1,0,10
a22,1,01:07,GP_1,3,2,0,10
a22,1,01:07,GP_1,3,3,0,10
a22,1,01:07,GP_1,3,4,0,10
a22,1,01:07,GP_1,3,5,0,10
a22,1,01:07,GP_1,3,6,0,10
a22,1,01:07,GP_1,3,7,0,10
a22,1,01:07,GP_1,3,8,0,10
a22,1,01:07,GP_1,3,9,0,10
a22,1,01:07,GP_1,3,10,1,10
a22,1,01:07,GP_1,3,11,1,10
a22,1,01:07,GP_1,3,12,0,10
a22,1,01:07,GP_1,3,13,1,10
a22,1,01:07,GP_1,3,14,1,10
a22,1,01:07,GP_1,3,15,1,10
a22,1,01:07,GP_1,3,16,1,10
a22,1,01:07,GP_1,3,17,1,10
a22,1,01:07,GP_1,3,18,1,10
a22,1,01:07,GP_1,3,19,1,10
a22,1,01:07,GP_1,3,20,1,10
a22,1,01:07,GP_1,3,21,NA,10
a22,1,01:07,GP_1,3,22,NA,10
a22,1,01:07,GP_1,3,23,NA,10
a22,1,01:07,GP_1,3,24,NA,10
a23,1,02:09,GP_1,3,1,0,11
a23,1,02:09,GP_1,3,2,0,11
a23,1,02:09,GP_1,3,3,0,11
a23,1,02:09,GP_1,3,4,0,11
a23,1,02:09,GP_1,3,5,0,11
a23,1,02:09,GP_1,3,6,0,11
a23,1,02:09,GP_1,3,7,0,11
a23,1,02:09,GP_1,3,8,0,11
a23,1,02:09,GP_1,3,9,0,11
a23,1,02:09,GP_1,3,10,0,11
a23,1,02:09,GP_1,3,11,1,11
a23,1,02:09,GP_1,3,12,0,11
a23,1,02:09,GP_1,3,13,0,11
a23,1,02:09,GP_1,3,14,0,11
a23,1,02:09,GP_1,3,15,1,11
a23,1,02:09,GP_1,3,16,0,11
a23,1,02:09,GP_1,3,17,1,11
a23,1,02:09,GP_1,3,18,1,11
a23,1,02:09,GP_1,3,19,0,11
a23,1,02:09,GP_1,3,20,1,11
a23,1,02:09,GP_1,3,21,NA,11
a23,1,02:09,GP_1,3,22,NA,11
a23,1,02:09,GP_1,3,23,NA,11
a23,1,02:09,GP_1,3,24,NA,11
a25,1,01:25,GP_1,3,1,0,13
a25,1,01:25,GP_1,3,2,0,13
a25,1,01:25,GP_1,3,3,0,13
a25,1,01:25,GP_1,3,4,0,13
a25,1,01:25,GP_1,3,5,0,13
a25,1,01:25,GP_1,3,6,0,13
a25,1,01:25,GP_1,3,7,0,13
a25,1,01:25,GP_1,3,8,0,13
a25,1,01:25,GP_1,3,9,0,13
a25,1,01:25,GP_1,3,10,0,13
a25,1,01:25,GP_1,3,11,0,13
a25,1,01:25,GP_1,3,12,0,13
a25,1,01:25,GP_1,3,13,1,13
a25,1,01:25,GP_1,3,14,0,13
a25,1,01:25,GP_1,3,15,1,13
a25,1,01:25,GP_1,3,16,0,13
a25,1,01:25,GP_1,3,17,1,13
a25,1,01:25,GP_1,3,18,1,13
a25,1,01:25,GP_1,3,19,1,13
a25,1,01:25,GP_1,3,20,1,13
a25,1,01:25,GP_1,3,21,NA,13
a25,1,01:25,GP_1,3,22,NA,13
a25,1,01:25,GP_1,3,23,NA,13
a25,1,01:25,GP_1,3,24,NA,13
a28,1,02:25,GP_C,4,1,0,13
a28,1,02:25,GP_C,4,2,0,13
a28,1,02:25,GP_C,4,3,0,13
a28,1,02:25,GP_C,4,4,0,13
a28,1,02:25,GP_C,4,5,0,13
a28,1,02:25,GP_C,4,6,0,13
a28,1,02:25,GP_C,4,7,0,13
a28,1,02:25,GP_C,4,8,0,13
a28,1,02:25,GP_C,4,9,0,13
a28,1,02:25,GP_C,4,10,0,13
a28,1,02:25,GP_C,4,11,0,13
a28,1,02:25,GP_C,4,12,0,13
a28,1,02:25,GP_C,4,13,1,13
a28,1,02:25,GP_C,4,14,1,13
a28,1,02:25,GP_C,4,15,0,13
a28,1,02:25,GP_C,4,16,0,13
a28,1,02:25,GP_C,4,17,0,13
a28,1,02:25,GP_C,4,18,0,13
a28,1,02:25,GP_C,4,19,0,13
a28,1,02:25,GP_C,4,20,0,13
a28,1,02:25,GP_C,4,21,1,13
a28,1,02:25,GP_C,4,22,1,13
a28,1,02:25,GP_C,4,23,NA,13
a28,1,02:25,GP_C,4,24,NA,13
a29,0,03:00,GP_C,4,1,0,0
a29,0,03:00,GP_C,4,2,0,0
a29,0,03:00,GP_C,4,3,0,0
a29,0,03:00,GP_C,4,4,0,0
a29,0,03:00,GP_C,4,5,0,0
a29,0,03:00,GP_C,4,6,0,0
a29,0,03:00,GP_C,4,7,0,0
a29,0,03:00,GP_C,4,8,0,0
a29,0,03:00,GP_C,4,9,0,0
a29,0,03:00,GP_C,4,10,0,0
a29,0,03:00,GP_C,4,11,0,0
a29,0,03:00,GP_C,4,12,0,0
a29,0,03:00,GP_C,4,13,0,0
a29,0,03:00,GP_C,4,14,0,0
a29,0,03:00,GP_C,4,15,0,0
a29,0,03:00,GP_C,4,16,0,0
a29,0,03:00,GP_C,4,17,0,0
a29,0,03:00,GP_C,4,18,0,0
a29,0,03:00,GP_C,4,19,0,0
a29,0,03:00,GP_C,4,20,0,0
a29,0,03:00,GP_C,4,21,0,0
a29,0,03:00,GP_C,4,22,0,0
a29,0,03:00,GP_C,4,23,0,0
a29,0,03:00,GP_C,4,24,NA,0
a30,1,01:20,GP_C,4,1,0,7
a30,1,01:20,GP_C,4,2,0,7
a30,1,01:20,GP_C,4,3,0,7
a30,1,01:20,GP_C,4,4,0,7
a30,1,01:20,GP_C,4,5,0,7
a30,1,01:20,GP_C,4,6,0,7
a30,1,01:20,GP_C,4,7,1,7
a30,1,01:20,GP_C,4,8,1,7
a30,1,01:20,GP_C,4,9,0,7
a30,1,01:20,GP_C,4,10,0,7
a30,1,01:20,GP_C,4,11,0,7
a30,1,01:20,GP_C,4,12,0,7
a30,1,01:20,GP_C,4,13,0,7
a30,1,01:20,GP_C,4,14,0,7
a30,1,01:20,GP_C,4,15,1,7
a30,1,01:20,GP_C,4,16,1,7
a30,1,01:20,GP_C,4,17,0,7
a30,1,01:20,GP_C,4,18,0,7
a30,1,01:20,GP_C,4,19,1,7
a30,1,01:20,GP_C,4,20,0,7
a30,1,01:20,GP_C,4,21,1,7
a30,1,01:20,GP_C,4,22,1,7
a30,1,01:20,GP_C,4,23,1,7
a30,1,01:20,GP_C,4,24,NA,7
a31,0,02:18,GP_C,4,1,1,1
a31,0,02:18,GP_C,4,2,0,1
a31,0,02:18,GP_C,4,3,0,1
a31,0,02:18,GP_C,4,4,0,1
a31,0,02:18,GP_C,4,5,0,1
a31,0,02:18,GP_C,4,6,0,1
a31,0,02:18,GP_C,4,7,0,1
a31,0,02:18,GP_C,4,8,1,1
a31,0,02:18,GP_C,4,9,1,1
a31,0,02:18,GP_C,4,10,0,1
a31,0,02:18,GP_C,4,11,0,1
a31,0,02:18,GP_C,4,12,0,1
a31,0,02:18,GP_C,4,13,0,1
a31,0,02:18,GP_C,4,14,0,1
a31,0,02:18,GP_C,4,15,0,1
a31,0,02:18,GP_C,4,16,0,1
a31,0,02:18,GP_C,4,17,0,1
a31,0,02:18,GP_C,4,18,0,1
a31,0,02:18,GP_C,4,19,1,1
a31,0,02:18,GP_C,4,20,1,1
a31,0,02:18,GP_C,4,21,1,1
a31,0,02:18,GP_C,4,22,1,1
a31,0,02:18,GP_C,4,23,NA,1
a31,0,02:18,GP_C,4,24,NA,1
a32,1,00:38,GP_C,4,1,0,3
a32,1,00:38,GP_C,4,2,0,3
a32,1,00:38,GP_C,4,3,1,3
a32,1,00:38,GP_C,4,4,0,3
a32,1,00:38,GP_C,4,5,0,3
a32,1,00:38,GP_C,4,6,0,3
a32,1,00:38,GP_C,4,7,1,3
a32,1,00:38,GP_C,4,8,1,3
a32,1,00:38,GP_C,4,9,1,3
a32,1,00:38,GP_C,4,10,0,3
a32,1,00:38,GP_C,4,11,1,3
a32,1,00:38,GP_C,4,12,1,3
a32,1,00:38,GP_C,4,13,1,3
a32,1,00:38,GP_C,4,14,1,3
a32,1,00:38,GP_C,4,15,1,3
a32,1,00:38,GP_C,4,16,1,3
a32,1,00:38,GP_C,4,17,1,3
a32,1,00:38,GP_C,4,18,1,3
a32,1,00:38,GP_C,4,19,1,3
a32,1,00:38,GP_C,4,20,1,3
a32,1,00:38,GP_C,4,21,1,3
a32,1,00:38,GP_C,4,22,1,3
a32,1,00:38,GP_C,4,23,NA,3
a32,1,00:38,GP_C,4,24,NA,3
a34,0,03:00,GP_C,4,1,0,6
a34,0,03:00,GP_C,4,2,0,6
a34,0,03:00,GP_C,4,3,0,6
a34,0,03:00,GP_C,4,4,0,6
a34,0,03:00,GP_C,4,5,0,6
a34,0,03:00,GP_C,4,6,1,6
a34,0,03:00,GP_C,4,7,0,6
a34,0,03:00,GP_C,4,8,1,6
a34,0,03:00,GP_C,4,9,0,6
a34,0,03:00,GP_C,4,10,0,6
a34,0,03:00,GP_C,4,11,0,6
a34,0,03:00,GP_C,4,12,0,6
a34,0,03:00,GP_C,4,13,0,6
a34,0,03:00,GP_C,4,14,0,6
a34,0,03:00,GP_C,4,15,1,6
a34,0,03:00,GP_C,4,16,0,6
a34,0,03:00,GP_C,4,17,1,6
a34,0,03:00,GP_C,4,18,0,6
a34,0,03:00,GP_C,4,19,1,6
a34,0,03:00,GP_C,4,20,1,6
a34,0,03:00,GP_C,4,21,0,6
a34,0,03:00,GP_C,4,22,1,6
a34,0,03:00,GP_C,4,23,NA,6
a34,0,03:00,GP_C,4,24,NA,6
a35,1,01:04,GP_C,4,1,1,1
a35,1,01:04,GP_C,4,2,0,1
a35,1,01:04,GP_C,4,3,0,1
a35,1,01:04,GP_C,4,4,0,1
a35,1,01:04,GP_C,4,5,0,1
a35,1,01:04,GP_C,4,6,0,1
a35,1,01:04,GP_C,4,7,1,1
a35,1,01:04,GP_C,4,8,1,1
a35,1,01:04,GP_C,4,9,0,1
a35,1,01:04,GP_C,4,10,0,1
a35,1,01:04,GP_C,4,11,0,1
a35,1,01:04,GP_C,4,12,1,1
a35,1,01:04,GP_C,4,13,0,1
a35,1,01:04,GP_C,4,14,1,1
a35,1,01:04,GP_C,4,15,1,1
a35,1,01:04,GP_C,4,16,1,1
a35,1,01:04,GP_C,4,17,1,1
a35,1,01:04,GP_C,4,18,1,1
a35,1,01:04,GP_C,4,19,1,1
a35,1,01:04,GP_C,4,20,1,1
a35,1,01:04,GP_C,4,21,1,1
a35,1,01:04,GP_C,4,22,1,1
a35,1,01:04,GP_C,4,23,NA,1
a35,1,01:04,GP_C,4,24,NA,1
a36,1,00:31,GP_2,5,1,0,3
a36,1,00:31,GP_2,5,2,0,3
a36,1,00:31,GP_2,5,3,1,3
a36,1,00:31,GP_2,5,4,0,3
a36,1,00:31,GP_2,5,5,1,3
a36,1,00:31,GP_2,5,6,1,3
a36,1,00:31,GP_2,5,7,1,3
a36,1,00:31,GP_2,5,8,1,3
a36,1,00:31,GP_2,5,9,1,3
a36,1,00:31,GP_2,5,10,0,3
a36,1,00:31,GP_2,5,11,1,3
a36,1,00:31,GP_2,5,12,0,3
a36,1,00:31,GP_2,5,13,0,3
a36,1,00:31,GP_2,5,14,1,3
a36,1,00:31,GP_2,5,15,0,3
a36,1,00:31,GP_2,5,16,NA,3
a36,1,00:31,GP_2,5,17,NA,3
a36,1,00:31,GP_2,5,18,NA,3
a36,1,00:31,GP_2,5,19,NA,3
a36,1,00:31,GP_2,5,20,NA,3
a36,1,00:31,GP_2,5,21,NA,3
a36,1,00:31,GP_2,5,22,NA,3
a36,1,00:31,GP_2,5,23,NA,3
a36,1,00:31,GP_2,5,24,NA,3
a37,1,01:16,GP_2,5,1,0,4
a37,1,01:16,GP_2,5,2,0,4
a37,1,01:16,GP_2,5,3,0,4
a37,1,01:16,GP_2,5,4,1,4
a37,1,01:16,GP_2,5,5,1,4
a37,1,01:16,GP_2,5,6,0,4
a37,1,01:16,GP_2,5,7,1,4
a37,1,01:16,GP_2,5,8,0,4
a37,1,01:16,GP_2,5,9,1,4
a37,1,01:16,GP_2,5,10,0,4
a37,1,01:16,GP_2,5,11,0,4
a37,1,01:16,GP_2,5,12,1,4
a37,1,01:16,GP_2,5,13,0,4
a37,1,01:16,GP_2,5,14,1,4
a37,1,01:16,GP_2,5,15,0,4
a37,1,01:16,GP_2,5,16,NA,4
a37,1,01:16,GP_2,5,17,NA,4
a37,1,01:16,GP_2,5,18,NA,4
a37,1,01:16,GP_2,5,19,NA,4
a37,1,01:16,GP_2,5,20,NA,4
a37,1,01:16,GP_2,5,21,NA,4
a37,1,01:16,GP_2,5,22,NA,4
a37,1,01:16,GP_2,5,23,NA,4
a37,1,01:16,GP_2,5,24,NA,4
a38,0,03:00,GP_2,5,1,0,3
a38,0,03:00,GP_2,5,2,0,3
a38,0,03:00,GP_2,5,3,1,3
a38,0,03:00,GP_2,5,4,1,3
a38,0,03:00,GP_2,5,5,1,3
a38,0,03:00,GP_2,5,6,1,3
a38,0,03:00,GP_2,5,7,1,3
a38,0,03:00,GP_2,5,8,1,3
a38,0,03:00,GP_2,5,9,1,3
a38,0,03:00,GP_2,5,10,0,3
a38,0,03:00,GP_2,5,11,1,3
a38,0,03:00,GP_2,5,12,0,3
a38,0,03:00,GP_2,5,13,1,3
a38,0,03:00,GP_2,5,14,1,3
a38,0,03:00,GP_2,5,15,1,3
a38,0,03:00,GP_2,5,16,NA,3
a38,0,03:00,GP_2,5,17,NA,3
a38,0,03:00,GP_2,5,18,NA,3
a38,0,03:00,GP_2,5,19,NA,3
a38,0,03:00,GP_2,5,20,NA,3
a38,0,03:00,GP_2,5,21,NA,3
a38,0,03:00,GP_2,5,22,NA,3
a38,0,03:00,GP_2,5,23,NA,3
a38,0,03:00,GP_2,5,24,NA,3
a40,1,01:24,GP_2,5,1,0,3
a40,1,01:24,GP_2,5,2,0,3
a40,1,01:24,GP_2,5,3,1,3
a40,1,01:24,GP_2,5,4,1,3
a40,1,01:24,GP_2,5,5,0,3
a40,1,01:24,GP_2,5,6,0,3
a40,1,01:24,GP_2,5,7,1,3
a40,1,01:24,GP_2,5,8,1,3
a40,1,01:24,GP_2,5,9,1,3
a40,1,01:24,GP_2,5,10,0,3
a40,1,01:24,GP_2,5,11,1,3
a40,1,01:24,GP_2,5,12,0,3
a40,1,01:24,GP_2,5,13,0,3
a40,1,01:24,GP_2,5,14,1,3
a40,1,01:24,GP_2,5,15,1,3
a40,1,01:24,GP_2,5,16,NA,3
a40,1,01:24,GP_2,5,17,NA,3
a40,1,01:24,GP_2,5,18,NA,3
a40,1,01:24,GP_2,5,19,NA,3
a40,1,01:24,GP_2,5,20,NA,3
a40,1,01:24,GP_2,5,21,NA,3
a40,1,01:24,GP_2,5,22,NA,3
a40,1,01:24,GP_2,5,23,NA,3
a40,1,01:24,GP_2,5,24,NA,3
a41,1,02:56,GP_2,5,1,0,4
a41,1,02:56,GP_2,5,2,0,4
a41,1,02:56,GP_2,5,3,0,4
a41,1,02:56,GP_2,5,4,1,4
a41,1,02:56,GP_2,5,5,0,4
a41,1,02:56,GP_2,5,6,0,4
a41,1,02:56,GP_2,5,7,0,4
a41,1,02:56,GP_2,5,8,0,4
a41,1,02:56,GP_2,5,9,0,4
a41,1,02:56,GP_2,5,10,0,4
a41,1,02:56,GP_2,5,11,0,4
a41,1,02:56,GP_2,5,12,1,4
a41,1,02:56,GP_2,5,13,0,4
a41,1,02:56,GP_2,5,14,1,4
a41,1,02:56,GP_2,5,15,0,4
a41,1,02:56,GP_2,5,16,NA,4
a41,1,02:56,GP_2,5,17,NA,4
a41,1,02:56,GP_2,5,18,NA,4
a41,1,02:56,GP_2,5,19,NA,4
a41,1,02:56,GP_2,5,20,NA,4
a41,1,02:56,GP_2,5,21,NA,4
a41,1,02:56,GP_2,5,22,NA,4
a41,1,02:56,GP_2,5,23,NA,4
a41,1,02:56,GP_2,5,24,NA,4
a42,1,01:35,GP_2,5,1,0,13
a42,1,01:35,GP_2,5,2,0,13
a42,1,01:35,GP_2,5,3,0,13
a42,1,01:35,GP_2,5,4,0,13
a42,1,01:35,GP_2,5,5,0,13
a42,1,01:35,GP_2,5,6,0,13
a42,1,01:35,GP_2,5,7,0,13
a42,1,01:35,GP_2,5,8,0,13
a42,1,01:35,GP_2,5,9,0,13
a42,1,01:35,GP_2,5,10,0,13
a42,1,01:35,GP_2,5,11,0,13
a42,1,01:35,GP_2,5,12,0,13
a42,1,01:35,GP_2,5,13,1,13
a42,1,01:35,GP_2,5,14,0,13
a42,1,01:35,GP_2,5,15,0,13
a42,1,01:35,GP_2,5,16,NA,13
a42,1,01:35,GP_2,5,17,NA,13
a42,1,01:35,GP_2,5,18,NA,13
a42,1,01:35,GP_2,5,19,NA,13
a42,1,01:35,GP_2,5,20,NA,13
a42,1,01:35,GP_2,5,21,NA,13
a42,1,01:35,GP_2,5,22,NA,13
a42,1,01:35,GP_2,5,23,NA,13
a42,1,01:35,GP_2,5,24,NA,13
a43,1,00:45,GP_2,5,1,0,5
a43,1,00:45,GP_2,5,2,0,5
a43,1,00:45,GP_2,5,3,0,5
a43,1,00:45,GP_2,5,4,0,5
a43,1,00:45,GP_2,5,5,1,5
a43,1,00:45,GP_2,5,6,1,5
a43,1,00:45,GP_2,5,7,0,5
a43,1,00:45,GP_2,5,8,1,5
a43,1,00:45,GP_2,5,9,0,5
a43,1,00:45,GP_2,5,10,1,5
a43,1,00:45,GP_2,5,11,1,5
a43,1,00:45,GP_2,5,12,0,5
a43,1,00:45,GP_2,5,13,0,5
a43,1,00:45,GP_2,5,14,1,5
a43,1,00:45,GP_2,5,15,1,5
a43,1,00:45,GP_2,5,16,NA,5
a43,1,00:45,GP_2,5,17,NA,5
a43,1,00:45,GP_2,5,18,NA,5
a43,1,00:45,GP_2,5,19,NA,5
a43,1,00:45,GP_2,5,20,NA,5
a43,1,00:45,GP_2,5,21,NA,5
a43,1,00:45,GP_2,5,22,NA,5
a43,1,00:45,GP_2,5,23,NA,5
a43,1,00:45,GP_2,5,24,NA,5
a44,0,03:00,GP_2,5,1,0,11
a44,0,03:00,GP_2,5,2,0,11
a44,0,03:00,GP_2,5,3,0,11
a44,0,03:00,GP_2,5,4,0,11
a44,0,03:00,GP_2,5,5,0,11
a44,0,03:00,GP_2,5,6,0,11
a44,0,03:00,GP_2,5,7,0,11
a44,0,03:00,GP_2,5,8,0,11
a44,0,03:00,GP_2,5,9,0,11
a44,0,03:00,GP_2,5,10,0,11
a44,0,03:00,GP_2,5,11,1,11
a44,0,03:00,GP_2,5,12,1,11
a44,0,03:00,GP_2,5,13,0,11
a44,0,03:00,GP_2,5,14,1,11
a44,0,03:00,GP_2,5,15,1,11
a44,0,03:00,GP_2,5,16,NA,11
a44,0,03:00,GP_2,5,17,NA,11
a44,0,03:00,GP_2,5,18,NA,11
a44,0,03:00,GP_2,5,19,NA,11
a44,0,03:00,GP_2,5,20,NA,11
a44,0,03:00,GP_2,5,21,NA,11
a44,0,03:00,GP_2,5,22,NA,11
a44,0,03:00,GP_2,5,23,NA,11
a44,0,03:00,GP_2,5,24,NA,11
a45,1,01:03,GP_1,6,1,0,11
a45,1,01:03,GP_1,6,2,0,11
a45,1,01:03,GP_1,6,3,0,11
a45,1,01:03,GP_1,6,4,0,11
a45,1,01:03,GP_1,6,5,0,11
a45,1,01:03,GP_1,6,6,0,11
a45,1,01:03,GP_1,6,7,0,11
a45,1,01:03,GP_1,6,8,0,11
a45,1,01:03,GP_1,6,9,0,11
a45,1,01:03,GP_1,6,10,0,11
a45,1,01:03,GP_1,6,11,1,11
a45,1,01:03,GP_1,6,12,0,11
a45,1,01:03,GP_1,6,13,1,11
a45,1,01:03,GP_1,6,14,1,11
a45,1,01:03,GP_1,6,15,1,11
a45,1,01:03,GP_1,6,16,0,11
a45,1,01:03,GP_1,6,17,1,11
a45,1,01:03,GP_1,6,18,NA,11
a45,1,01:03,GP_1,6,19,NA,11
a45,1,01:03,GP_1,6,20,NA,11
a45,1,01:03,GP_1,6,21,NA,11
a45,1,01:03,GP_1,6,22,NA,11
a45,1,01:03,GP_1,6,23,NA,11
a45,1,01:03,GP_1,6,24,NA,11
a47,0,03:00,GP_1,6,1,0,6
a47,0,03:00,GP_1,6,2,0,6
a47,0,03:00,GP_1,6,3,0,6
a47,0,03:00,GP_1,6,4,0,6
a47,0,03:00,GP_1,6,5,0,6
a47,0,03:00,GP_1,6,6,1,6
a47,0,03:00,GP_1,6,7,0,6
a47,0,03:00,GP_1,6,8,0,6
a47,0,03:00,GP_1,6,9,0,6
a47,0,03:00,GP_1,6,10,0,6
a47,0,03:00,GP_1,6,11,0,6
a47,0,03:00,GP_1,6,12,0,6
a47,0,03:00,GP_1,6,13,0,6
a47,0,03:00,GP_1,6,14,0,6
a47,0,03:00,GP_1,6,15,0,6
a47,0,03:00,GP_1,6,16,0,6
a47,0,03:00,GP_1,6,17,0,6
a47,0,03:00,GP_1,6,18,1,6
a47,0,03:00,GP_1,6,19,NA,6
a47,0,03:00,GP_1,6,20,NA,6
a47,0,03:00,GP_1,6,21,NA,6
a47,0,03:00,GP_1,6,22,NA,6
a47,0,03:00,GP_1,6,23,NA,6
a47,0,03:00,GP_1,6,24,NA,6
a48,1,00:32,GP_1,6,1,0,5
a48,1,00:32,GP_1,6,2,0,5
a48,1,00:32,GP_1,6,3,0,5
a48,1,00:32,GP_1,6,4,0,5
a48,1,00:32,GP_1,6,5,1,5
a48,1,00:32,GP_1,6,6,1,5
a48,1,00:32,GP_1,6,7,1,5
a48,1,00:32,GP_1,6,8,1,5
a48,1,00:32,GP_1,6,9,1,5
a48,1,00:32,GP_1,6,10,1,5
a48,1,00:32,GP_1,6,11,0,5
a48,1,00:32,GP_1,6,12,1,5
a48,1,00:32,GP_1,6,13,1,5
a48,1,00:32,GP_1,6,14,1,5
a48,1,00:32,GP_1,6,15,1,5
a48,1,00:32,GP_1,6,16,1,5
a48,1,00:32,GP_1,6,17,1,5
a48,1,00:32,GP_1,6,18,0,5
a48,1,00:32,GP_1,6,19,NA,5
a48,1,00:32,GP_1,6,20,NA,5
a48,1,00:32,GP_1,6,21,NA,5
a48,1,00:32,GP_1,6,22,NA,5
a48,1,00:32,GP_1,6,23,NA,5
a48,1,00:32,GP_1,6,24,NA,5
a49,0,03:00,GP_1,6,1,0,6
a49,0,03:00,GP_1,6,2,0,6
a49,0,03:00,GP_1,6,3,0,6
a49,0,03:00,GP_1,6,4,0,6
a49,0,03:00,GP_1,6,5,0,6
a49,0,03:00,GP_1,6,6,1,6
a49,0,03:00,GP_1,6,7,0,6
a49,0,03:00,GP_1,6,8,0,6
a49,0,03:00,GP_1,6,9,0,6
a49,0,03:00,GP_1,6,10,1,6
a49,0,03:00,GP_1,6,11,0,6
a49,0,03:00,GP_1,6,12,0,6
a49,0,03:00,GP_1,6,13,0,6
a49,0,03:00,GP_1,6,14,1,6
a49,0,03:00,GP_1,6,15,0,6
a49,0,03:00,GP_1,6,16,1,6
a49,0,03:00,GP_1,6,17,0,6
a49,0,03:00,GP_1,6,18,0,6
a49,0,03:00,GP_1,6,19,NA,6
a49,0,03:00,GP_1,6,20,NA,6
a49,0,03:00,GP_1,6,21,NA,6
a49,0,03:00,GP_1,6,22,NA,6
a49,0,03:00,GP_1,6,23,NA,6
a49,0,03:00,GP_1,6,24,NA,6
a50,1,00:26,GP_1,6,1,0,3
a50,1,00:26,GP_1,6,2,0,3
a50,1,00:26,GP_1,6,3,1,3
a50,1,00:26,GP_1,6,4,1,3
a50,1,00:26,GP_1,6,5,1,3
a50,1,00:26,GP_1,6,6,1,3
a50,1,00:26,GP_1,6,7,1,3
a50,1,00:26,GP_1,6,8,1,3
a50,1,00:26,GP_1,6,9,1,3
a50,1,00:26,GP_1,6,10,1,3
a50,1,00:26,GP_1,6,11,1,3
a50,1,00:26,GP_1,6,12,1,3
a50,1,00:26,GP_1,6,13,1,3
a50,1,00:26,GP_1,6,14,1,3
a50,1,00:26,GP_1,6,15,1,3
a50,1,00:26,GP_1,6,16,1,3
a50,1,00:26,GP_1,6,17,1,3
a50,1,00:26,GP_1,6,18,1,3
a50,1,00:26,GP_1,6,19,NA,3
a50,1,00:26,GP_1,6,20,NA,3
a50,1,00:26,GP_1,6,21,NA,3
a50,1,00:26,GP_1,6,22,NA,3
a50,1,00:26,GP_1,6,23,NA,3
a50,1,00:26,GP_1,6,24,NA,3
a51,1,00:36,GP_1,6,1,1,1
a51,1,00:36,GP_1,6,2,0,1
a51,1,00:36,GP_1,6,3,0,1
a51,1,00:36,GP_1,6,4,0,1
a51,1,00:36,GP_1,6,5,0,1
a51,1,00:36,GP_1,6,6,1,1
a51,1,00:36,GP_1,6,7,1,1
a51,1,00:36,GP_1,6,8,1,1
a51,1,00:36,GP_1,6,9,1,1
a51,1,00:36,GP_1,6,10,1,1
a51,1,00:36,GP_1,6,11,1,1
a51,1,00:36,GP_1,6,12,1,1
a51,1,00:36,GP_1,6,13,1,1
a51,1,00:36,GP_1,6,14,1,1
a51,1,00:36,GP_1,6,15,1,1
a51,1,00:36,GP_1,6,16,1,1
a51,1,00:36,GP_1,6,17,1,1
a51,1,00:36,GP_1,6,18,1,1
a51,1,00:36,GP_1,6,19,NA,1
a51,1,00:36,GP_1,6,20,NA,1
a51,1,00:36,GP_1,6,21,NA,1
a51,1,00:36,GP_1,6,22,NA,1
a51,1,00:36,GP_1,6,23,NA,1
a51,1,00:36,GP_1,6,24,NA,1
a53,1,02:45,GP_1,6,1,0,5
a53,1,02:45,GP_1,6,2,0,5
a53,1,02:45,GP_1,6,3,0,5
a53,1,02:45,GP_1,6,4,0,5
a53,1,02:45,GP_1,6,5,1,5
a53,1,02:45,GP_1,6,6,0,5
a53,1,02:45,GP_1,6,7,0,5
a53,1,02:45,GP_1,6,8,0,5
a53,1,02:45,GP_1,6,9,0,5
a53,1,02:45,GP_1,6,10,1,5
a53,1,02:45,GP_1,6,11,1,5
a53,1,02:45,GP_1,6,12,0,5
a53,1,02:45,GP_1,6,13,0,5
a53,1,02:45,GP_1,6,14,0,5
a53,1,02:45,GP_1,6,15,1,5
a53,1,02:45,GP_1,6,16,1,5
a53,1,02:45,GP_1,6,17,1,5
a53,1,02:45,GP_1,6,18,0,5
a53,1,02:45,GP_1,6,19,NA,5
a53,1,02:45,GP_1,6,20,NA,5
a53,1,02:45,GP_1,6,21,NA,5
a53,1,02:45,GP_1,6,22,NA,5
a53,1,02:45,GP_1,6,23,NA,5
a53,1,02:45,GP_1,6,24,NA,5
a54,1,00:18,GP_1,7,1,0,8
a54,1,00:18,GP_1,7,2,0,8
a54,1,00:18,GP_1,7,3,0,8
a54,1,00:18,GP_1,7,4,0,8
a54,1,00:18,GP_1,7,5,0,8
a54,1,00:18,GP_1,7,6,0,8
a54,1,00:18,GP_1,7,7,0,8
a54,1,00:18,GP_1,7,8,1,8
a54,1,00:18,GP_1,7,9,1,8
a54,1,00:18,GP_1,7,10,1,8
a54,1,00:18,GP_1,7,11,1,8
a54,1,00:18,GP_1,7,12,1,8
a54,1,00:18,GP_1,7,13,1,8
a54,1,00:18,GP_1,7,14,1,8
a54,1,00:18,GP_1,7,15,1,8
a54,1,00:18,GP_1,7,16,0,8
a54,1,00:18,GP_1,7,17,1,8
a54,1,00:18,GP_1,7,18,0,8
a54,1,00:18,GP_1,7,19,NA,8
a54,1,00:18,GP_1,7,20,NA,8
a54,1,00:18,GP_1,7,21,NA,8
a54,1,00:18,GP_1,7,22,NA,8
a54,1,00:18,GP_1,7,23,NA,8
a54,1,00:18,GP_1,7,24,NA,8
a55,0,03:00,GP_1,7,1,0,14
a55,0,03:00,GP_1,7,2,0,14
a55,0,03:00,GP_1,7,3,0,14
a55,0,03:00,GP_1,7,4,0,14
a55,0,03:00,GP_1,7,5,0,14
a55,0,03:00,GP_1,7,6,0,14
a55,0,03:00,GP_1,7,7,0,14
a55,0,03:00,GP_1,7,8,0,14
a55,0,03:00,GP_1,7,9,0,14
a55,0,03:00,GP_1,7,10,0,14
a55,0,03:00,GP_1,7,11,0,14
a55,0,03:00,GP_1,7,12,0,14
a55,0,03:00,GP_1,7,13,0,14
a55,0,03:00,GP_1,7,14,1,14
a55,0,03:00,GP_1,7,15,1,14
a55,0,03:00,GP_1,7,16,0,14
a55,0,03:00,GP_1,7,17,0,14
a55,0,03:00,GP_1,7,18,0,14
a55,0,03:00,GP_1,7,19,NA,14
a55,0,03:00,GP_1,7,20,NA,14
a55,0,03:00,GP_1,7,21,NA,14
a55,0,03:00,GP_1,7,22,NA,14
a55,0,03:00,GP_1,7,23,NA,14
a55,0,03:00,GP_1,7,24,NA,14
a56,1,00:44,GP_1,7,1,0,3
a56,1,00:44,GP_1,7,2,0,3
a56,1,00:44,GP_1,7,3,1,3
a56,1,00:44,GP_1,7,4,0,3
a56,1,00:44,GP_1,7,5,0,3
a56,1,00:44,GP_1,7,6,0,3
a56,1,00:44,GP_1,7,7,1,3
a56,1,00:44,GP_1,7,8,0,3
a56,1,00:44,GP_1,7,9,1,3
a56,1,00:44,GP_1,7,10,1,3
a56,1,00:44,GP_1,7,11,1,3
a56,1,00:44,GP_1,7,12,1,3
a56,1,00:44,GP_1,7,13,1,3
a56,1,00:44,GP_1,7,14,1,3
a56,1,00:44,GP_1,7,15,1,3
a56,1,00:44,GP_1,7,16,1,3
a56,1,00:44,GP_1,7,17,1,3
a56,1,00:44,GP_1,7,18,1,3
a56,1,00:44,GP_1,7,19,NA,3
a56,1,00:44,GP_1,7,20,NA,3
a56,1,00:44,GP_1,7,21,NA,3
a56,1,00:44,GP_1,7,22,NA,3
a56,1,00:44,GP_1,7,23,NA,3
a56,1,00:44,GP_1,7,24,NA,3
a57,1,00:11,GP_1,7,1,0,10
a57,1,00:11,GP_1,7,2,0,10
a57,1,00:11,GP_1,7,3,0,10
a57,1,00:11,GP_1,7,4,0,10
a57,1,00:11,GP_1,7,5,0,10
a57,1,00:11,GP_1,7,6,0,10
a57,1,00:11,GP_1,7,7,0,10
a57,1,00:11,GP_1,7,8,0,10
a57,1,00:11,GP_1,7,9,0,10
a57,1,00:11,GP_1,7,10,1,10
a57,1,00:11,GP_1,7,11,1,10
a57,1,00:11,GP_1,7,12,0,10
a57,1,00:11,GP_1,7,13,1,10
a57,1,00:11,GP_1,7,14,0,10
a57,1,00:11,GP_1,7,15,1,10
a57,1,00:11,GP_1,7,16,0,10
a57,1,00:11,GP_1,7,17,1,10
a57,1,00:11,GP_1,7,18,0,10
a57,1,00:11,GP_1,7,19,NA,10
a57,1,00:11,GP_1,7,20,NA,10
a57,1,00:11,GP_1,7,21,NA,10
a57,1,00:11,GP_1,7,22,NA,10
a57,1,00:11,GP_1,7,23,NA,10
a57,1,00:11,GP_1,7,24,NA,10
a59,1,00:43,GP_1,7,1,0,12
a59,1,00:43,GP_1,7,2,0,12
a59,1,00:43,GP_1,7,3,0,12
a59,1,00:43,GP_1,7,4,0,12
a59,1,00:43,GP_1,7,5,0,12
a59,1,00:43,GP_1,7,6,0,12
a59,1,00:43,GP_1,7,7,0,12
a59,1,00:43,GP_1,7,8,0,12
a59,1,00:43,GP_1,7,9,0,12
a59,1,00:43,GP_1,7,10,0,12
a59,1,00:43,GP_1,7,11,0,12
a59,1,00:43,GP_1,7,12,1,12
a59,1,00:43,GP_1,7,13,0,12
a59,1,00:43,GP_1,7,14,0,12
a59,1,00:43,GP_1,7,15,0,12
a59,1,00:43,GP_1,7,16,1,12
a59,1,00:43,GP_1,7,17,1,12
a59,1,00:43,GP_1,7,18,0,12
a59,1,00:43,GP_1,7,19,NA,12
a59,1,00:43,GP_1,7,20,NA,12
a59,1,00:43,GP_1,7,21,NA,12
a59,1,00:43,GP_1,7,22,NA,12
a59,1,00:43,GP_1,7,23,NA,12
a59,1,00:43,GP_1,7,24,NA,12
a60,1,00:47,GP_1,7,1,0,7
a60,1,00:47,GP_1,7,2,0,7
a60,1,00:47,GP_1,7,3,0,7
a60,1,00:47,GP_1,7,4,0,7
a60,1,00:47,GP_1,7,5,0,7
a60,1,00:47,GP_1,7,6,0,7
a60,1,00:47,GP_1,7,7,1,7
a60,1,00:47,GP_1,7,8,0,7
a60,1,00:47,GP_1,7,9,0,7
a60,1,00:47,GP_1,7,10,1,7
a60,1,00:47,GP_1,7,11,0,7
a60,1,00:47,GP_1,7,12,1,7
a60,1,00:47,GP_1,7,13,1,7
a60,1,00:47,GP_1,7,14,0,7
a60,1,00:47,GP_1,7,15,0,7
a60,1,00:47,GP_1,7,16,1,7
a60,1,00:47,GP_1,7,17,0,7
a60,1,00:47,GP_1,7,18,1,7
a60,1,00:47,GP_1,7,19,NA,7
a60,1,00:47,GP_1,7,20,NA,7
a60,1,00:47,GP_1,7,21,NA,7
a60,1,00:47,GP_1,7,22,NA,7
a60,1,00:47,GP_1,7,23,NA,7
a60,1,00:47,GP_1,7,24,NA,7
a62,1,01:57,GP_1,7,1,0,9
a62,1,01:57,GP_1,7,2,0,9
a62,1,01:57,GP_1,7,3,0,9
a62,1,01:57,GP_1,7,4,0,9
a62,1,01:57,GP_1,7,5,0,9
a62,1,01:57,GP_1,7,6,0,9
a62,1,01:57,GP_1,7,7,0,9
a62,1,01:57,GP_1,7,8,0,9
a62,1,01:57,GP_1,7,9,1,9
a62,1,01:57,GP_1,7,10,1,9
a62,1,01:57,GP_1,7,11,0,9
a62,1,01:57,GP_1,7,12,0,9
a62,1,01:57,GP_1,7,13,0,9
a62,1,01:57,GP_1,7,14,0,9
a62,1,01:57,GP_1,7,15,0,9
a62,1,01:57,GP_1,7,16,1,9
a62,1,01:57,GP_1,7,17,0,9
a62,1,01:57,GP_1,7,18,NA,9
a62,1,01:57,GP_1,7,19,NA,9
a62,1,01:57,GP_1,7,20,NA,9
a62,1,01:57,GP_1,7,21,NA,9
a62,1,01:57,GP_1,7,22,NA,9
a62,1,01:57,GP_1,7,23,NA,9
a62,1,01:57,GP_1,7,24,NA,9
a63,1,02:15,GP_2,8,1,0,3
a63,1,02:15,GP_2,8,2,0,3
a63,1,02:15,GP_2,8,3,1,3
a63,1,02:15,GP_2,8,4,0,3
a63,1,02:15,GP_2,8,5,1,3
a63,1,02:15,GP_2,8,6,1,3
a63,1,02:15,GP_2,8,7,1,3
a63,1,02:15,GP_2,8,8,1,3
a63,1,02:15,GP_2,8,9,0,3
a63,1,02:15,GP_2,8,10,1,3
a63,1,02:15,GP_2,8,11,0,3
a63,1,02:15,GP_2,8,12,0,3
a63,1,02:15,GP_2,8,13,1,3
a63,1,02:15,GP_2,8,14,1,3
a63,1,02:15,GP_2,8,15,1,3
a63,1,02:15,GP_2,8,16,1,3
a63,1,02:15,GP_2,8,17,1,3
a63,1,02:15,GP_2,8,18,1,3
a63,1,02:15,GP_2,8,19,NA,3
a63,1,02:15,GP_2,8,20,NA,3
a63,1,02:15,GP_2,8,21,NA,3
a63,1,02:15,GP_2,8,22,NA,3
a63,1,02:15,GP_2,8,23,NA,3
a63,1,02:15,GP_2,8,24,NA,3
a64,1,00:56,GP_2,8,1,0,3
a64,1,00:56,GP_2,8,2,0,3
a64,1,00:56,GP_2,8,3,1,3
a64,1,00:56,GP_2,8,4,1,3
a64,1,00:56,GP_2,8,5,0,3
a64,1,00:56,GP_2,8,6,0,3
a64,1,00:56,GP_2,8,7,0,3
a64,1,00:56,GP_2,8,8,1,3
a64,1,00:56,GP_2,8,9,1,3
a64,1,00:56,GP_2,8,10,0,3
a64,1,00:56,GP_2,8,11,0,3
a64,1,00:56,GP_2,8,12,0,3
a64,1,00:56,GP_2,8,13,0,3
a64,1,00:56,GP_2,8,14,0,3
a64,1,00:56,GP_2,8,15,1,3
a64,1,00:56,GP_2,8,16,0,3
a64,1,00:56,GP_2,8,17,1,3
a64,1,00:56,GP_2,8,18,0,3
a64,1,00:56,GP_2,8,19,NA,3
a64,1,00:56,GP_2,8,20,NA,3
a64,1,00:56,GP_2,8,21,NA,3
a64,1,00:56,GP_2,8,22,NA,3
a64,1,00:56,GP_2,8,23,NA,3
a64,1,00:56,GP_2,8,24,NA,3
a65,0,03:00,GP_2,8,1,0,3
a65,0,03:00,GP_2,8,2,0,3
a65,0,03:00,GP_2,8,3,1,3
a65,0,03:00,GP_2,8,4,0,3
a65,0,03:00,GP_2,8,5,0,3
a65,0,03:00,GP_2,8,6,0,3
a65,0,03:00,GP_2,8,7,0,3
a65,0,03:00,GP_2,8,8,0,3
a65,0,03:00,GP_2,8,9,0,3
a65,0,03:00,GP_2,8,10,0,3
a65,0,03:00,GP_2,8,11,0,3
a65,0,03:00,GP_2,8,12,0,3
a65,0,03:00,GP_2,8,13,0,3
a65,0,03:00,GP_2,8,14,0,3
a65,0,03:00,GP_2,8,15,0,3
a65,0,03:00,GP_2,8,16,0,3
a65,0,03:00,GP_2,8,17,0,3
a65,0,03:00,GP_2,8,18,0,3
a65,0,03:00,GP_2,8,19,NA,3
a65,0,03:00,GP_2,8,20,NA,3
a65,0,03:00,GP_2,8,21,NA,3
a65,0,03:00,GP_2,8,22,NA,3
a65,0,03:00,GP_2,8,23,NA,3
a65,0,03:00,GP_2,8,24,NA,3
a66,1,00:22,GP_2,8,1,0,2
a66,1,00:22,GP_2,8,2,1,2
a66,1,00:22,GP_2,8,3,1,2
a66,1,00:22,GP_2,8,4,1,2
a66,1,00:22,GP_2,8,5,1,2
a66,1,00:22,GP_2,8,6,1,2
a66,1,00:22,GP_2,8,7,1,2
a66,1,00:22,GP_2,8,8,1,2
a66,1,00:22,GP_2,8,9,1,2
a66,1,00:22,GP_2,8,10,0,2
a66,1,00:22,GP_2,8,11,0,2
a66,1,00:22,GP_2,8,12,0,2
a66,1,00:22,GP_2,8,13,1,2
a66,1,00:22,GP_2,8,14,1,2
a66,1,00:22,GP_2,8,15,1,2
a66,1,00:22,GP_2,8,16,0,2
a66,1,00:22,GP_2,8,17,1,2
a66,1,00:22,GP_2,8,18,1,2
a66,1,00:22,GP_2,8,19,NA,2
a66,1,00:22,GP_2,8,20,NA,2
a66,1,00:22,GP_2,8,21,NA,2
a66,1,00:22,GP_2,8,22,NA,2
a66,1,00:22,GP_2,8,23,NA,2
a66,1,00:22,GP_2,8,24,NA,2
a68,1,01:13,GP_2,8,1,0,3
a68,1,01:13,GP_2,8,2,0,3
a68,1,01:13,GP_2,8,3,1,3
a68,1,01:13,GP_2,8,4,0,3
a68,1,01:13,GP_2,8,5,0,3
a68,1,01:13,GP_2,8,6,0,3
a68,1,01:13,GP_2,8,7,0,3
a68,1,01:13,GP_2,8,8,0,3
a68,1,01:13,GP_2,8,9,1,3
a68,1,01:13,GP_2,8,10,0,3
a68,1,01:13,GP_2,8,11,0,3
a68,1,01:13,GP_2,8,12,1,3
a68,1,01:13,GP_2,8,13,0,3
a68,1,01:13,GP_2,8,14,0,3
a68,1,01:13,GP_2,8,15,0,3
a68,1,01:13,GP_2,8,16,1,3
a68,1,01:13,GP_2,8,17,1,3
a68,1,01:13,GP_2,8,18,0,3
a68,1,01:13,GP_2,8,19,NA,3
a68,1,01:13,GP_2,8,20,NA,3
a68,1,01:13,GP_2,8,21,NA,3
a68,1,01:13,GP_2,8,22,NA,3
a68,1,01:13,GP_2,8,23,NA,3
a68,1,01:13,GP_2,8,24,NA,3
a69,1,00:28,GP_2,8,1,0,2
a69,1,00:28,GP_2,8,2,1,2
a69,1,00:28,GP_2,8,3,1,2
a69,1,00:28,GP_2,8,4,0,2
a69,1,00:28,GP_2,8,5,0,2
a69,1,00:28,GP_2,8,6,0,2
a69,1,00:28,GP_2,8,7,0,2
a69,1,00:28,GP_2,8,8,0,2
a69,1,00:28,GP_2,8,9,0,2
a69,1,00:28,GP_2,8,10,0,2
a69,1,00:28,GP_2,8,11,0,2
a69,1,00:28,GP_2,8,12,1,2
a69,1,00:28,GP_2,8,13,0,2
a69,1,00:28,GP_2,8,14,0,2
a69,1,00:28,GP_2,8,15,1,2
a69,1,00:28,GP_2,8,16,0,2
a69,1,00:28,GP_2,8,17,1,2
a69,1,00:28,GP_2,8,18,1,2
a69,1,00:28,GP_2,8,19,NA,2
a69,1,00:28,GP_2,8,20,NA,2
a69,1,00:28,GP_2,8,21,NA,2
a69,1,00:28,GP_2,8,22,NA,2
a69,1,00:28,GP_2,8,23,NA,2
a69,1,00:28,GP_2,8,24,NA,2
a70,1,01:42,GP_2,8,1,0,13
a70,1,01:42,GP_2,8,2,0,13
a70,1,01:42,GP_2,8,3,0,13
a70,1,01:42,GP_2,8,4,0,13
a70,1,01:42,GP_2,8,5,0,13
a70,1,01:42,GP_2,8,6,0,13
a70,1,01:42,GP_2,8,7,0,13
a70,1,01:42,GP_2,8,8,0,13
a70,1,01:42,GP_2,8,9,0,13
a70,1,01:42,GP_2,8,10,0,13
a70,1,01:42,GP_2,8,11,0,13
a70,1,01:42,GP_2,8,12,0,13
a70,1,01:42,GP_2,8,13,1,13
a70,1,01:42,GP_2,8,14,0,13
a70,1,01:42,GP_2,8,15,1,13
a70,1,01:42,GP_2,8,16,0,13
a70,1,01:42,GP_2,8,17,1,13
a70,1,01:42,GP_2,8,18,0,13
a70,1,01:42,GP_2,8,19,NA,13
a70,1,01:42,GP_2,8,20,NA,13
a70,1,01:42,GP_2,8,21,NA,13
a70,1,01:42,GP_2,8,22,NA,13
a70,1,01:42,GP_2,8,23,NA,13
a70,1,01:42,GP_2,8,24,NA,13
a71,1,00:52,GP_2,8,1,0,3
a71,1,00:52,GP_2,8,2,0,3
a71,1,00:52,GP_2,8,3,1,3
a71,1,00:52,GP_2,8,4,1,3
a71,1,00:52,GP_2,8,5,1,3
a71,1,00:52,GP_2,8,6,0,3
a71,1,00:52,GP_2,8,7,1,3
a71,1,00:52,GP_2,8,8,0,3
a71,1,00:52,GP_2,8,9,0,3
a71,1,00:52,GP_2,8,10,0,3
a71,1,00:52,GP_2,8,11,0,3
a71,1,00:52,GP_2,8,12,1,3
a71,1,00:52,GP_2,8,13,1,3
a71,1,00:52,GP_2,8,14,0,3
a71,1,00:52,GP_2,8,15,0,3
a71,1,00:52,GP_2,8,16,0,3
a71,1,00:52,GP_2,8,17,1,3
a71,1,00:52,GP_2,8,18,NA,3
a71,1,00:52,GP_2,8,19,NA,3
a71,1,00:52,GP_2,8,20,NA,3
a71,1,00:52,GP_2,8,21,NA,3
a71,1,00:52,GP_2,8,22,NA,3
a71,1,00:52,GP_2,8,23,NA,3
a71,1,00:52,GP_2,8,24,NA,3
a72,1,02:35,GP_C,9,1,0,13
a72,1,02:35,GP_C,9,2,0,13
a72,1,02:35,GP_C,9,3,0,13
a72,1,02:35,GP_C,9,4,0,13
a72,1,02:35,GP_C,9,5,0,13
a72,1,02:35,GP_C,9,6,0,13
a72,1,02:35,GP_C,9,7,0,13
a72,1,02:35,GP_C,9,8,0,13
a72,1,02:35,GP_C,9,9,0,13
a72,1,02:35,GP_C,9,10,0,13
a72,1,02:35,GP_C,9,11,0,13
a72,1,02:35,GP_C,9,12,0,13
a72,1,02:35,GP_C,9,13,1,13
a72,1,02:35,GP_C,9,14,1,13
a72,1,02:35,GP_C,9,15,1,13
a72,1,02:35,GP_C,9,16,0,13
a72,1,02:35,GP_C,9,17,0,13
a72,1,02:35,GP_C,9,18,1,13
a72,1,02:35,GP_C,9,19,0,13
a72,1,02:35,GP_C,9,20,1,13
a72,1,02:35,GP_C,9,21,1,13
a72,1,02:35,GP_C,9,22,1,13
a72,1,02:35,GP_C,9,23,0,13
a72,1,02:35,GP_C,9,24,0,13
a73,0,03:00,GP_C,9,1,0,8
a73,0,03:00,GP_C,9,2,0,8
a73,0,03:00,GP_C,9,3,0,8
a73,0,03:00,GP_C,9,4,0,8
a73,0,03:00,GP_C,9,5,0,8
a73,0,03:00,GP_C,9,6,0,8
a73,0,03:00,GP_C,9,7,0,8
a73,0,03:00,GP_C,9,8,1,8
a73,0,03:00,GP_C,9,9,0,8
a73,0,03:00,GP_C,9,10,0,8
a73,0,03:00,GP_C,9,11,0,8
a73,0,03:00,GP_C,9,12,0,8
a73,0,03:00,GP_C,9,13,1,8
a73,0,03:00,GP_C,9,14,1,8
a73,0,03:00,GP_C,9,15,0,8
a73,0,03:00,GP_C,9,16,1,8
a73,0,03:00,GP_C,9,17,0,8
a73,0,03:00,GP_C,9,18,0,8
a73,0,03:00,GP_C,9,19,0,8
a73,0,03:00,GP_C,9,20,0,8
a73,0,03:00,GP_C,9,21,1,8
a73,0,03:00,GP_C,9,22,0,8
a73,0,03:00,GP_C,9,23,0,8
a73,0,03:00,GP_C,9,24,0,8
a74,1,01:08,GP_C,9,1,0,4
a74,1,01:08,GP_C,9,2,0,4
a74,1,01:08,GP_C,9,3,0,4
a74,1,01:08,GP_C,9,4,1,4
a74,1,01:08,GP_C,9,5,0,4
a74,1,01:08,GP_C,9,6,1,4
a74,1,01:08,GP_C,9,7,0,4
a74,1,01:08,GP_C,9,8,0,4
a74,1,01:08,GP_C,9,9,0,4
a74,1,01:08,GP_C,9,10,1,4
a74,1,01:08,GP_C,9,11,0,4
a74,1,01:08,GP_C,9,12,1,4
a74,1,01:08,GP_C,9,13,1,4
a74,1,01:08,GP_C,9,14,1,4
a74,1,01:08,GP_C,9,15,1,4
a74,1,01:08,GP_C,9,16,1,4
a74,1,01:08,GP_C,9,17,0,4
a74,1,01:08,GP_C,9,18,1,4
a74,1,01:08,GP_C,9,19,0,4
a74,1,01:08,GP_C,9,20,0,4
a74,1,01:08,GP_C,9,21,1,4
a74,1,01:08,GP_C,9,22,1,4
a74,1,01:08,GP_C,9,23,1,4
a74,1,01:08,GP_C,9,24,1,4
a75,1,01:17,GP_C,9,1,0,11
a75,1,01:17,GP_C,9,2,0,11
a75,1,01:17,GP_C,9,3,0,11
a75,1,01:17,GP_C,9,4,0,11
a75,1,01:17,GP_C,9,5,0,11
a75,1,01:17,GP_C,9,6,0,11
a75,1,01:17,GP_C,9,7,0,11
a75,1,01:17,GP_C,9,8,0,11
a75,1,01:17,GP_C,9,9,0,11
a75,1,01:17,GP_C,9,10,0,11
a75,1,01:17,GP_C,9,11,1,11
a75,1,01:17,GP_C,9,12,0,11
a75,1,01:17,GP_C,9,13,1,11
a75,1,01:17,GP_C,9,14,1,11
a75,1,01:17,GP_C,9,15,0,11
a75,1,01:17,GP_C,9,16,0,11
a75,1,01:17,GP_C,9,17,1,11
a75,1,01:17,GP_C,9,18,0,11
a75,1,01:17,GP_C,9,19,0,11
a75,1,01:17,GP_C,9,20,0,11
a75,1,01:17,GP_C,9,21,1,11
a75,1,01:17,GP_C,9,22,1,11
a75,1,01:17,GP_C,9,23,0,11
a75,1,01:17,GP_C,9,24,0,11
a76,0,03:00,GP_C,9,1,0,17
a76,0,03:00,GP_C,9,2,0,17
a76,0,03:00,GP_C,9,3,0,17
a76,0,03:00,GP_C,9,4,0,17
a76,0,03:00,GP_C,9,5,0,17
a76,0,03:00,GP_C,9,6,0,17
a76,0,03:00,GP_C,9,7,0,17
a76,0,03:00,GP_C,9,8,0,17
a76,0,03:00,GP_C,9,9,0,17
a76,0,03:00,GP_C,9,10,0,17
a76,0,03:00,GP_C,9,11,0,17
a76,0,03:00,GP_C,9,12,0,17
a76,0,03:00,GP_C,9,13,0,17
a76,0,03:00,GP_C,9,14,0,17
a76,0,03:00,GP_C,9,15,0,17
a76,0,03:00,GP_C,9,16,0,17
a76,0,03:00,GP_C,9,17,1,17
a76,0,03:00,GP_C,9,18,0,17
a76,0,03:00,GP_C,9,19,0,17
a76,0,03:00,GP_C,9,20,0,17
a76,0,03:00,GP_C,9,21,1,17
a76,0,03:00,GP_C,9,22,0,17
a76,0,03:00,GP_C,9,23,0,17
a76,0,03:00,GP_C,9,24,1,17
a77,0,03:00,GP_C,9,1,0,2
a77,0,03:00,GP_C,9,2,1,2
a77,0,03:00,GP_C,9,3,0,2
a77,0,03:00,GP_C,9,4,0,2
a77,0,03:00,GP_C,9,5,0,2
a77,0,03:00,GP_C,9,6,0,2
a77,0,03:00,GP_C,9,7,0,2
a77,0,03:00,GP_C,9,8,0,2
a77,0,03:00,GP_C,9,9,0,2
a77,0,03:00,GP_C,9,10,0,2
a77,0,03:00,GP_C,9,11,1,2
a77,0,03:00,GP_C,9,12,1,2
a77,0,03:00,GP_C,9,13,1,2
a77,0,03:00,GP_C,9,14,1,2
a77,0,03:00,GP_C,9,15,1,2
a77,0,03:00,GP_C,9,16,1,2
a77,0,03:00,GP_C,9,17,1,2
a77,0,03:00,GP_C,9,18,1,2
a77,0,03:00,GP_C,9,19,1,2
a77,0,03:00,GP_C,9,20,1,2
a77,0,03:00,GP_C,9,21,1,2
a77,0,03:00,GP_C,9,22,0,2
a77,0,03:00,GP_C,9,23,0,2
a77,0,03:00,GP_C,9,24,1,2
a78,1,01:19,GP_C,9,1,1,1
a78,1,01:19,GP_C,9,2,0,1
a78,1,01:19,GP_C,9,3,0,1
a78,1,01:19,GP_C,9,4,1,1
a78,1,01:19,GP_C,9,5,0,1
a78,1,01:19,GP_C,9,6,0,1
a78,1,01:19,GP_C,9,7,0,1
a78,1,01:19,GP_C,9,8,0,1
a78,1,01:19,GP_C,9,9,0,1
a78,1,01:19,GP_C,9,10,0,1
a78,1,01:19,GP_C,9,11,0,1
a78,1,01:19,GP_C,9,12,0,1
a78,1,01:19,GP_C,9,13,1,1
a78,1,01:19,GP_C,9,14,1,1
a78,1,01:19,GP_C,9,15,0,1
a78,1,01:19,GP_C,9,16,0,1
a78,1,01:19,GP_C,9,17,0,1
a78,1,01:19,GP_C,9,18,0,1
a78,1,01:19,GP_C,9,19,0,1
a78,1,01:19,GP_C,9,20,1,1
a78,1,01:19,GP_C,9,21,1,1
a78,1,01:19,GP_C,9,22,1,1
a78,1,01:19,GP_C,9,23,0,1
a78,1,01:19,GP_C,9,24,0,1
