"cc","longitude","latitude"
64.9834811687469,-50.5527541114028,-24.2116827304899
85.6134951114655,-50.5526631278975,-24.2116823503412
82.6708316802979,-50.5529485766994,-24.2117770251552
85.5962753295898,-50.5528567241827,-24.2117662940075
89.3515467643738,-50.5527582476657,-24.2117660049036
97.6182579994202,-50.5526597711502,-24.211765715736
98.1557309627533,-50.552566519678,-24.211769618538
66.1008536815643,-50.5531441783022,-24.2118741591384
81.7753672599792,-50.5530526166566,-24.2118579326988
95.5231606960297,-50.5529548855842,-24.2118569006655
88.3360624313354,-50.5528564089963,-24.211856611624
91.1138236522675,-50.5527579324098,-24.2118563225188
94.925582408905,-50.552659455825,-24.21185603335
96.6170966625214,-50.5525609792416,-24.2118557441175
98.1470465660095,-50.5524742452544,-24.2118635191855
63.683819770813,-50.5532482004395,-24.211950016115
81.914758682251,-50.5531515237851,-24.2119477961764
88.3165240287781,-50.5530530471246,-24.2119475072611
90.2162730693817,-50.5529545704657,-24.211947218282
87.815123796463,-50.5528560938083,-24.2119469292393
91.2458658218384,-50.5527576171525,-24.2119466401329
92.9215252399445,-50.5526591404982,-24.2119463509629
93.0826008319855,-50.5525606638454,-24.2119460617292
100,-50.5524621871943,-24.2119457724318
64.2653346061707,-50.5534435392426,-24.2120426261951
67.545747756958,-50.5533481622683,-24.2120386914366
80.8728754520416,-50.5532496855353,-24.2120384026473
73.9266932010651,-50.5531512088038,-24.2120381137943
80.219042301178,-50.553052732074,-24.2120378248777
83.5398614406586,-50.5529542553456,-24.2120375358975
86.6530001163483,-50.5528557786188,-24.2120372468536
91.0443663597107,-50.5527573018935,-24.212036957746
92.4213826656342,-50.5526588251698,-24.2120366685747
96.4410722255707,-50.5525603484477,-24.2120363793398
97.8972554206848,-50.5524618717271,-24.2120360900412
89.0771269798279,-50.5523640719865,-24.2120364039837
71.0657119750977,-50.5536388080538,-24.2121357966171
73.5789656639099,-50.5535448010337,-24.2121295864458
81.8606972694397,-50.5534463242282,-24.2121292977827
82.4162065982819,-50.5533478474243,-24.2121290090558
84.044873714447,-50.5532493706219,-24.2121287202653
79.2255818843842,-50.553150893821,-24.2121284314112
73.002564907074,-50.5530524170217,-24.2121281424933
81.0696184635162,-50.552953940224,-24.2121278535119
69.2525327205658,-50.5528554634277,-24.2121275644667
82.7289640903473,-50.5527569866331,-24.2121272753579
85.5385839939117,-50.55265850984,-24.2121269861855
90.983110666275,-50.5525600330484,-24.2121266969493
96.5728640556335,-50.5524615562584,-24.2121264076496
96.5327501296997,-50.5523630794699,-24.2121261182861
54.0770888328552,-50.5538342212852,-24.2122296342885
67.1456277370453,-50.5537414400815,-24.2122204812042
77.2949695587158,-50.5536429632035,-24.2122201926672
85.3943824768066,-50.553544486327,-24.2122199040664
86.1406207084656,-50.5534460094521,-24.2122196154021
87.5007808208466,-50.5533475325787,-24.212219326674
84.2540621757507,-50.5532490557069,-24.2122190378823
86.7573618888855,-50.5531505788366,-24.2122187490269
71.3020086288452,-50.5530521019679,-24.2122184601079
76.6610264778137,-50.5529536251008,-24.2122181711252
62.8298103809357,-50.5528551482351,-24.2122178820788
79.9780070781708,-50.5527566713711,-24.2122175929688
84.1098845005035,-50.5526581945086,-24.2122173037952
90.9388780593872,-50.5525597176476,-24.2122170145578
92.3341393470764,-50.5524612407882,-24.2122167252568
93.9505338668823,-50.5523627639303,-24.2122164358922
56.9753289222717,-50.5540299866031,-24.2123242367801
67.2031402587891,-50.5539380014816,-24.2123114485053
82.5816035270691,-50.553839602461,-24.2123110873008
85.2018296718597,-50.553741125512,-24.2123107988262
88.0414962768555,-50.5536426485646,-24.2123105102879
83.9008867740631,-50.5535441716187,-24.212310221686
84.1552734375,-50.5534456946744,-24.2123099330204
80.8084428310394,-50.5533472177316,-24.2123096442911
75.7002055644989,-50.5532487407904,-24.2123093554982
86.1944258213043,-50.5531502638507,-24.2123090666416
82.4347138404846,-50.5530517869126,-24.2123087777214
85.8685433864594,-50.552953309976,-24.2123084887374
87.0172917842865,-50.552854833041,-24.2123081996899
88.1035387516022,-50.5527563561075,-24.2123079105786
92.4152374267578,-50.5526578791756,-24.2123076214038
94.6757674217224,-50.5525594022452,-24.2123073321652
96.2989568710327,-50.5524609253164,-24.212307042863
90.801477432251,-50.5523656883099,-24.2123046277467
58.6734056472778,-50.554225631652,-24.2124189271912
67.5938129425049,-50.5541340447647,-24.2124029383512
83.3080232143402,-50.5540362420007,-24.2124019816836
90.1327848434448,-50.5539377649793,-24.2124016933351
91.5509164333344,-50.5538392879594,-24.2124014049229
92.7571296691895,-50.553740810941,-24.2124011164471
93.4514105319977,-50.5536423339242,-24.2124008279076
84.5777094364166,-50.5535438569089,-24.2124005393044
68.1879043579102,-50.5534453798952,-24.2124002506376
61.8767380714417,-50.553346902883,-24.2123999619071
71.27286195755,-50.5532484258723,-24.212399673113
78.4039378166199,-50.5531499488633,-24.2123993842552
84.7198128700256,-50.5530514718557,-24.2123990953337
85.013473033905,-50.5529529948497,-24.2123988063486
88.6964797973633,-50.5528545178453,-24.2123985172998
93.6270356178284,-50.5527560408424,-24.2123982281874
93.3287382125854,-50.552657563841,-24.2123979390113
97.5475370883942,-50.5525590868412,-24.2123976497715
95.1644897460938,-50.552460609843,-24.2123973604681
80.5241703987122,-50.5523842048411,-24.2123912390055
46.731886267662,-50.5544209298484,-24.2125135295385
65.7729268074036,-50.5543296580503,-24.2124949764992
82.5243353843689,-50.5542328818228,-24.2124928758155
87.2015595436096,-50.5541344047289,-24.2124925875931
92.4593508243561,-50.5540359276364,-24.212492299307
94.1387712955475,-50.5539374505456,-24.2124920109573
92.4101054668427,-50.5538389734562,-24.2124917225439
94.9491620063782,-50.5537404963685,-24.2124914340669
91.126412153244,-50.5536420192822,-24.2124911455262
88.2797658443451,-50.5535435421975,-24.2124908569218
54.8173010349274,-50.5534450651144,-24.2124905682538
50.2497553825378,-50.5533465880328,-24.2124902795221
78.0150592327118,-50.5532481109527,-24.2124899907267
68.0628776550293,-50.5531496338742,-24.2124897018677
81.8866610527039,-50.5530511567973,-24.212489412945
82.4789702892303,-50.5529526797219,-24.2124891239587
80.6242108345032,-50.552854202648,-24.2124888349087
82.4393093585968,-50.5527557255757,-24.2124885457951
92.5809264183044,-50.552657248505,-24.2124882566177
98.1371700763702,-50.5525587714358,-24.2124879673768
80.2627623081207,-50.5524623004054,-24.2124860128668
52.5234222412109,-50.5545250124296,-24.2125875409973
68.6204254627228,-50.5544295219272,-24.2125837696965
81.8272113800049,-50.5543310447607,-24.2125834816002
86.4724934101105,-50.5542325675958,-24.2125831934402
94.3165004253387,-50.5541340904324,-24.2125829052166
99.0421950817108,-50.5540356132706,-24.2125826169294
94.2822217941284,-50.5539371361103,-24.2125823285784
96.9773173332214,-50.5538386589515,-24.2125820401638
90.6042635440826,-50.5537401817944,-24.2125817516856
90.1392340660095,-50.5536417046387,-24.2125814631437
88.8751924037933,-50.5535432274846,-24.2125811745381
57.1201205253601,-50.5534447503321,-24.2125808858689
51.2311220169067,-50.553346273181,-24.212580597136
52.8648912906647,-50.5532477960316,-24.2125803083394
71.3954091072083,-50.5531493188837,-24.2125800194792
83.6482465267181,-50.5530508417373,-24.2125797305553
85.1886093616486,-50.5529523645925,-24.2125794415677
86.5460932254791,-50.5528538874492,-24.2125791525165
86.7847621440887,-50.5527554103075,-24.2125788634017
96.5989291667938,-50.5526569331673,-24.2125785742231
92.6219344139099,-50.5525584560287,-24.2125782849809
64.8021817207336,-50.5547202813885,-24.2126806607005
69.9151873588562,-50.5546261623138,-24.2126746633266
70.7448959350586,-50.5545276850748,-24.2126743753564
77.5631248950958,-50.5544292078374,-24.2126740873226
82.3936700820923,-50.5543307306015,-24.2126737992251
85.1987957954407,-50.5542322533672,-24.2126735110639
91.5322363376617,-50.5541337761344,-24.2126732228391
95.0398921966553,-50.5540352989032,-24.2126729345506
93.3892071247101,-50.5539368216735,-24.2126726461985
91.6283011436462,-50.5538383444453,-24.2126723577827
88.242506980896,-50.5537398672187,-24.2126720693032
87.7965748310089,-50.5536413899937,-24.2126717807601
83.4389090538025,-50.5535429127701,-24.2126714921533
77.7940332889557,-50.5534444355482,-24.2126712034829
55.0204396247864,-50.5533459583278,-24.2126709147488
52.6988625526428,-50.5532474811089,-24.212670625951
71.2031960487366,-50.5531490038916,-24.2126703370896
76.2065410614014,-50.5530505266758,-24.2126700481644
84.8842084407806,-50.5529520494616,-24.2126697591757
88.289076089859,-50.5528535722489,-24.2126694701233
92.0479118824005,-50.5527550950377,-24.2126691810072
98.0405151844025,-50.5526566178282,-24.2126688918274
88.3765697479248,-50.552570238055,-24.2126615112258
55.66246509552,-50.5549156742561,-24.2127744349993
66.4764881134033,-50.5548228029827,-24.2127655567058
74.138867855072,-50.5547243256713,-24.2127652688618
81.0426831245422,-50.5546258483613,-24.212764980954
82.8080117702484,-50.554527371053,-24.2127646929827
83.8140785694122,-50.5544288937461,-24.2127644049476
82.9038441181183,-50.5543304164408,-24.2127641168489
85.2368831634521,-50.5542319391371,-24.2127638286866
88.6479675769806,-50.5541334618349,-24.2127635404605
91.7513430118561,-50.5540349845342,-24.2127632521708
93.6629354953766,-50.5539365072351,-24.2127629638175
88.936185836792,-50.5538380299376,-24.2127626754005
92.6653623580933,-50.5537395526415,-24.2127623869198
90.7373130321503,-50.5536410753471,-24.2127620983755
94.3810224533081,-50.5535425980541,-24.2127618097675
88.0390048027039,-50.5534441207627,-24.2127615210958
78.3840954303741,-50.5533456434729,-24.2127612323605
70.0199246406555,-50.5532471661846,-24.2127609435615
76.0196685791016,-50.5531486888979,-24.2127606546989
81.8901479244232,-50.5530502116127,-24.2127603657725
84.1201424598694,-50.5529517343291,-24.2127600767826
93.3311820030212,-50.552853257047,-24.2127597877289
94.4823622703552,-50.5527547797664,-24.2127594986116
88.5662496089935,-50.5526568063387,-24.2127587848748
63.8062715530396,-50.5550185667953,-24.2128572988554
67.4570977687836,-50.55492096655,-24.2128561621162
80.2491962909698,-50.5548224891675,-24.2128558743346
85.9196662902832,-50.5547240117867,-24.2128555864894
89.5377576351166,-50.5546255344073,-24.2128552985804
89.3912672996521,-50.5545270570295,-24.2128550106079
84.0979814529419,-50.5544285796533,-24.2128547225716
84.5017731189728,-50.5543301022786,-24.2128544344717
84.274297952652,-50.5542316249054,-24.2128541463081
83.8214099407196,-50.5541331475338,-24.2128538580809
85.7641100883484,-50.5540346701637,-24.21285356979
93.7011957168579,-50.5539361927952,-24.2128532814354
95.6496119499207,-50.5538377154282,-24.2128529930172
95.7169473171234,-50.5537392380628,-24.2128527045353
95.8738625049591,-50.5536407606989,-24.2128524159898
95.9969520568848,-50.5535422833366,-24.2128521273805
96.8674659729004,-50.5534438059758,-24.2128518387077
91.5207624435425,-50.5533453286165,-24.2128515499711
87.4801099300385,-50.5532468512588,-24.2128512611709
88.8804256916046,-50.5531483739027,-24.2128509723071
92.5895273685455,-50.5530498965481,-24.2128506833796
90.0418996810913,-50.552951419195,-24.2128503943884
92.948180437088,-50.5528529418435,-24.2128501053335
92.9898142814636,-50.5527544644936,-24.212849816215
88.8807833194733,-50.5526717820164,-24.2128438040083
57.3912858963013,-50.5552097901702,-24.2129550663684
67.3148512840271,-50.5551176077109,-24.2129470551198
69.8114991188049,-50.555019130256,-24.2129467674643
79.1676044464111,-50.5549206528026,-24.2129464797452
92.271214723587,-50.5548221753508,-24.2129461919624
90.6668543815613,-50.5547236979005,-24.2129459041159
89.7760093212128,-50.5546252204518,-24.2129456162058
89.4288718700409,-50.5545267430046,-24.212945328232
87.2195243835449,-50.5544282655589,-24.2129450401945
84.0811491012573,-50.5543297881148,-24.2129447520934
79.3356597423553,-50.5542313106722,-24.2129444639286
76.7071485519409,-50.5541328332312,-24.2129441757001
89.0299439430237,-50.5540343557917,-24.212943887408
95.0828969478607,-50.5539358783538,-24.2129435990523
97.129088640213,-50.5538374009174,-24.2129433106328
89.6652221679688,-50.5537389234825,-24.2129430221497
95.8449840545654,-50.5536404460492,-24.212942733603
97.407865524292,-50.5535419686175,-24.2129424449925
95.5544412136078,-50.5534434911873,-24.2129421563185
93.3969497680664,-50.5533450137586,-24.2129418675807
92.0127332210541,-50.5532465363315,-24.2129415787793
84.0703845024109,-50.5531480589059,-24.2129412899142
89.4359648227692,-50.5530495814819,-24.2129410009855
91.9386565685272,-50.5529511040594,-24.2129407119931
91.7456924915314,-50.5528526266385,-24.212940422937
90.041184425354,-50.5527541492192,-24.2129401338173
66.286027431488,-50.5553128122964,-24.213039370895
65.3538763523102,-50.5552157716268,-24.2130376603431
66.8588817119598,-50.5551172941009,-24.2130373727501
81.6087961196899,-50.5550188165766,-24.2130370850934
90.1700496673584,-50.5549203390538,-24.213036797373
93.2917714118958,-50.5548218615325,-24.213036509589
89.1637444496155,-50.5547233840128,-24.2130362217413
88.8374149799347,-50.5546249064947,-24.21303593383
90.1453018188477,-50.5545264289781,-24.213035645855
87.8770470619202,-50.554427951463,-24.2130353578163
84.6320927143097,-50.5543294739495,-24.213035069714
82.8426837921143,-50.5542309964375,-24.213034781548
82.8661561012268,-50.554132518927,-24.2130344933183
93.939870595932,-50.5540340414181,-24.213034205025
99.7285127639771,-50.5539355639108,-24.213033916668
96.0653126239777,-50.553837086405,-24.2130336282474
90.4274821281433,-50.5537386089007,-24.2130333397631
87.4755620956421,-50.553640131398,-24.2130330512151
95.0769186019897,-50.5535416538968,-24.2130327626035
93.648236989975,-50.5534431763972,-24.2130324739282
95.7733809947968,-50.5533446988991,-24.2130321851892
94.9169933795929,-50.5532462214026,-24.2130318963866
94.0884709358215,-50.5531477439076,-24.2130316075203
89.1085863113403,-50.5530492664142,-24.2130313185904
93.7525272369385,-50.5529507889223,-24.2130310295967
93.2498514652252,-50.552852311432,-24.2130307405395
86.2459301948547,-50.5527597667224,-24.2130279445453
63.5762810707092,-50.5555037259643,-24.213138149468
67.3006892204285,-50.5554124132798,-24.213128552971
69.3543553352356,-50.5553139356814,-24.2131282655041
75.5706310272217,-50.5552154580846,-24.2131279779735
72.5098848342896,-50.5551169804893,-24.2131276903793
72.7219581604004,-50.5550185028956,-24.2131274027214
83.7365329265594,-50.5549200253034,-24.2131271149998
94.2104041576385,-50.5548215477127,-24.2131268272146
94.7039365768433,-50.5547230701236,-24.2131265393657
92.2651708126068,-50.554624592536,-24.2131262514532
88.7355804443359,-50.55452611495,-24.2131259634769
85.8937561511993,-50.5544276373655,-24.2131256754371
85.0904941558838,-50.5543291597826,-24.2131253873335
84.7663819789886,-50.5542306822012,-24.2131250991663
85.8342349529266,-50.5541322046213,-24.2131248109355
92.1116590499878,-50.554033727043,-24.2131245226409
94.7349011898041,-50.5539352494662,-24.2131242342827
92.7485346794128,-50.553836771891,-24.2131239458609
93.8719570636749,-50.5537382943173,-24.2131236573754
89.0478730201721,-50.5536398167452,-24.2131233688262
90.8223032951355,-50.5535413391746,-24.2131230802133
91.6214644908905,-50.5534428616056,-24.2131227915368
96.2075412273407,-50.5533443840381,-24.2131225027966
97.3652303218842,-50.5532459064722,-24.2131222139928
97.9330718517303,-50.5531474289078,-24.2131219251253
94.8222160339355,-50.5530489513449,-24.2131216361941
90.4840886592865,-50.5529504737836,-24.2131213471993
94.9823260307312,-50.5528519962239,-24.2131210581408
86.4887475967407,-50.5527740309576,-24.2131165980527
72.9624152183533,-50.5555105775443,-24.2132191580072
69.9911236763,-50.5554120998749,-24.2132188706027
69.5469260215759,-50.5553136222072,-24.2132185831346
72.7223992347717,-50.5552151445409,-24.2132182956029
75.5784630775452,-50.5551166668762,-24.2132180080074
72.3320782184601,-50.5550181892131,-24.2132177203483
73.7048745155334,-50.5549197115514,-24.2132174326255
86.4802539348602,-50.5548212338914,-24.2132171448391
89.1734421253204,-50.5547227562328,-24.213216856989
86.4934027194977,-50.5546242785758,-24.2132165690753
90.0992393493652,-50.5545258009204,-24.2132162810978
84.8641395568848,-50.5544273232665,-24.2132159930567
84.4826340675354,-50.5543288456141,-24.213215704952
84.9477589130402,-50.5542303679633,-24.2132154167836
83.4997534751892,-50.554131890314,-24.2132151285515
89.0266716480255,-50.5540334126663,-24.2132148402558
97.772091627121,-50.5539349350201,-24.2132145518964
96.4586138725281,-50.5538364573755,-24.2132142634733
96.5912699699402,-50.5537379797324,-24.2132139749866
96.7473864555359,-50.5536395020909,-24.2132136864362
91.6638433933258,-50.5535410244509,-24.2132133978221
89.0529274940491,-50.5534425468124,-24.2132131091444
95.1604068279266,-50.5533440691755,-24.213212820403
97.3738253116608,-50.5532455915402,-24.213212531598
96.4463174343109,-50.5531471139064,-24.2132122427292
97.7972447872162,-50.5530486362741,-24.2132119537969
95.0867235660553,-50.5529501586434,-24.2132116648008
95.3138947486877,-50.5528516810142,-24.2132113757411
80.9275329113007,-50.5555102642073,-24.2133094756391
71.4658975601196,-50.5554117864685,-24.2133091882334
70.8083152770996,-50.5553133087313,-24.2133089007641
71.7286705970764,-50.5552148309957,-24.2133086132311
72.5448131561279,-50.5551163532616,-24.2133083256345
67.5385475158691,-50.555017875529,-24.2133080379742
68.9774215221405,-50.554919397798,-24.2133077502502
82.3598682880402,-50.5548209200685,-24.2133074624625
84.9872946739197,-50.5547224423405,-24.2133071746112
88.3061051368713,-50.5546239646141,-24.2133068866963
91.4211273193359,-50.5545254868892,-24.2133065987176
85.188901424408,-50.5544270091659,-24.2133063106753
85.6132090091705,-50.5543285314442,-24.2133060225694
84.7221374511719,-50.5542300537239,-24.2133057343998
82.532787322998,-50.5541315760052,-24.2133054461665
90.7099187374115,-50.5540330982881,-24.2133051578695
88.1918370723724,-50.5539346205725,-24.2133048695089
95.8171248435974,-50.5538361428585,-24.2133045810846
91.0218715667725,-50.553737665146,-24.2133042925967
97.0732808113098,-50.553639187435,-24.2133040040451
93.4016168117523,-50.5535407097256,-24.2133037154298
90.4173791408539,-50.5534422320177,-24.2133034267509
92.3021733760834,-50.5533437543114,-24.2133031380083
92.6237881183624,-50.5532452766066,-24.213302849202
97.4476277828217,-50.5531467989034,-24.2133025603321
99.3599712848663,-50.5530483212017,-24.2133022713985
97.7668941020966,-50.5529498435016,-24.2133019824013
91.7568564414978,-50.5528585510731,-24.2132973948046
79.6617686748505,-50.5555072656146,-24.213397930585
77.0659863948822,-50.5554114730606,-24.213399505863
74.3541538715363,-50.555312995254,-24.2133992183925
69.50364112854,-50.5552145174489,-24.2133989308583
67.3535943031311,-50.5551160396454,-24.2133986432605
65.7370746135712,-50.5550175618434,-24.2133983555989
64.6974980831146,-50.5549190840429,-24.2133980678738
67.9263532161713,-50.554820606244,-24.2133977800849
83.619225025177,-50.5547221284467,-24.2133974922324
90.7620549201965,-50.5546236506508,-24.2133972043162
88.4467661380768,-50.5545251728566,-24.2133969163364
91.2604153156281,-50.5544266950638,-24.2133966282929
87.9941284656525,-50.5543282172726,-24.2133963401857
87.3888075351715,-50.554229739483,-24.2133960520149
90.1315808296204,-50.5541312616949,-24.2133957637804
90.9221470355988,-50.5540327839083,-24.2133954754822
88.9944314956665,-50.5539343061233,-24.2133951871204
96.6326773166656,-50.5538358283399,-24.2133948986949
97.1394836902618,-50.5537373505579,-24.2133946102057
96.1708009243011,-50.5536388727776,-24.2133943216529
94.5859491825104,-50.5535403949987,-24.2133940330364
96.2812423706055,-50.5534419172215,-24.2133937443563
95.1995432376862,-50.5533434394457,-24.2133934556125
95.695835351944,-50.5532449616715,-24.213393166805
96.9587743282318,-50.5531464838989,-24.2133928779339
96.6590285301208,-50.5530480061278,-24.2133925889991
97.4794983863831,-50.5529495283583,-24.2133923000006
90.7728552818298,-50.5554897270883,-24.2134846046224
84.4978868961334,-50.5554111596511,-24.2134898234916
76.3643503189087,-50.5553126817751,-24.2134895360198
73.5107004642487,-50.5552142039006,-24.2134892484844
71.0599064826965,-50.5551157260276,-24.2134889608854
67.3704147338867,-50.5550172481562,-24.2134886732226
65.3326511383057,-50.5549187702864,-24.2134883854962
66.6130661964417,-50.554820292418,-24.2134880977062
72.8064477443695,-50.5547218145513,-24.2134878098525
86.3891363143921,-50.554623336686,-24.2134875219351
85.5111956596375,-50.5545248588223,-24.213487233954
85.7833981513977,-50.5544263809602,-24.2134869459093
89.0724182128906,-50.5543279030996,-24.2134866578009
84.5994532108307,-50.5542294252405,-24.2134863696289
84.9573075771332,-50.554130947383,-24.2134860813932
85.6594264507294,-50.554032469527,-24.2134857930938
89.6045446395874,-50.5539339916726,-24.2134855047308
87.8407180309296,-50.5538355138197,-24.2134852163041
93.5907602310181,-50.5537370359684,-24.2134849278137
97.0418870449066,-50.5536385581186,-24.2134846392597
98.4024286270142,-50.5535400802704,-24.213484350642
96.6388821601868,-50.5534416024237,-24.2134840619606
94.7670161724091,-50.5533431245785,-24.2134837732156
97.0302104949951,-50.5532446467349,-24.2134834844069
98.2006072998047,-50.5531461688929,-24.2134831955346
97.0928013324738,-50.5530476910524,-24.2134829065986
97.5655198097229,-50.5529492132134,-24.2134826175989
87.7990007400513,-50.5554107081398,-24.2135800197656
81.2579154968262,-50.5553123682946,-24.2135798536461
73.3449578285217,-50.5552138903507,-24.2135795661095
69.0219521522522,-50.5551154124084,-24.2135792785092
65.0416731834412,-50.5550169344675,-24.2135789908453
59.4027042388916,-50.5549184565283,-24.2135787031177
54.3361902236938,-50.5548199785905,-24.2135784153264
65.8251464366913,-50.5547215006543,-24.2135781274715
76.3052761554718,-50.5546230227197,-24.2135778395529
85.8075976371765,-50.5545245447866,-24.2135775515706
84.7636222839355,-50.554426066855,-24.2135772635247
94.5864856243134,-50.554327588925,-24.2135769754151
84.4636261463165,-50.5542291109965,-24.2135766872419
81.6991746425629,-50.5541306330696,-24.2135763990049
86.9626343250275,-50.5540321551442,-24.2135761107044
85.2027952671051,-50.5539336772203,-24.2135758223401
79.0897130966187,-50.553835199298,-24.2135755339122
88.1670951843262,-50.5537367213773,-24.2135752454206
92.6066279411316,-50.5536382434581,-24.2135749568654
97.1529006958008,-50.5535397655404,-24.2135746682465
97.4546074867249,-50.5534412876243,-24.2135743795639
95.810455083847,-50.5533428097097,-24.2135740908177
96.0377216339111,-50.5532443317967,-24.2135738020078
94.8714077472687,-50.5531458538853,-24.2135735131342
96.9071865081787,-50.5530473759753,-24.213573224197
90.6575560569763,-50.552948898067,-24.2135729351961
89.6244287490845,-50.5553989129782,-24.2136662518761
83.365398645401,-50.5553120548126,-24.2136701712713
73.5495209693909,-50.5552135767993,-24.2136698837334
69.1871762275696,-50.5551150987875,-24.213669596132
70.2157020568848,-50.5550166207773,-24.2136693084668
45.854264497757,-50.5549181427686,-24.213669020738
53.1954050064087,-50.5548196647615,-24.2136687329455
54.8439800739288,-50.5547211867558,-24.2136684450894
72.5062370300293,-50.5546227087518,-24.2136681571696
82.1654736995697,-50.5545242307492,-24.2136678691861
83.3971261978149,-50.5544257527483,-24.213667581139
96.23002409935,-50.5543272747488,-24.2136672930282
88.4009718894958,-50.5542287967509,-24.2136670048537
87.9740655422211,-50.5541303187546,-24.2136667166156
89.2992556095123,-50.5540318407598,-24.2136664283138
90.7162010669708,-50.5539333627665,-24.2136661399484
84.7868382930756,-50.5538348847748,-24.2136658515192
84.8440825939178,-50.5537364067846,-24.2136655630265
90.2388751506805,-50.553637928796,-24.21366527447
94.4239556789398,-50.5535394508089,-24.2136649858499
92.9863333702087,-50.5534409728234,-24.2136646971661
90.2127325534821,-50.5533424948394,-24.2136644084187
97.9285895824432,-50.553244016857,-24.2136641196075
97.5258648395538,-50.5531455388761,-24.2136638307328
94.65052485466,-50.5530470608968,-24.2136635417943
88.2760167121887,-50.5529496179225,-24.2136626231407
83.2722187042236,-50.5553117413291,-24.2137604888954
72.2177624702454,-50.5552132632464,-24.2137602013563
69.2428588867188,-50.5551147851652,-24.2137599137536
67.6066517829895,-50.5550163070855,-24.2137596260873
58.1907749176025,-50.5549178290074,-24.2137593383573
57.814633846283,-50.5548193509308,-24.2137590505636
69.2464470863342,-50.5547208728558,-24.2137587627063
64.1815781593323,-50.5546223947823,-24.2137584747852
61.4732086658478,-50.5545239167104,-24.2137581868006
84.3942761421204,-50.55442543864,-24.2137578987522
89.9158835411072,-50.5543269605711,-24.2137576106402
90.5551552772522,-50.5542284825038,-24.2137573224645
85.7043981552124,-50.5541300044381,-24.2137570342252
85.331779718399,-50.5540315263738,-24.2137567459222
89.5288228988647,-50.5539330483112,-24.2137564575555
88.4388506412506,-50.55383457025,-24.2137561691252
85.1758182048798,-50.5537360921904,-24.2137558806312
85.4313910007477,-50.5536376141324,-24.2137555920735
92.31196641922,-50.5535391360759,-24.2137553034522
91.8195247650146,-50.553440658021,-24.2137550147672
92.2845363616943,-50.5533421799676,-24.2137547260186
94.2097306251526,-50.5532437019157,-24.2137544372062
95.2983140945435,-50.5531452238654,-24.2137541483302
95.0867652893066,-50.5530467458167,-24.2137538593906
94.2139267921448,-50.5529542827545,-24.213753289712
81.0054183006287,-50.5553070099874,-24.2138481024104
71.1388230323792,-50.5552129496919,-24.2138505189782
67.9468750953674,-50.5551144715413,-24.2138502313743
66.4731979370117,-50.5550159933922,-24.2138499437067
68.3826804161072,-50.5549175152447,-24.2138496559755
73.8674581050873,-50.5548190370987,-24.2138493681806
65.412449836731,-50.5547205589542,-24.213849080322
65.1714682579041,-50.5546220808113,-24.2138487923998
70.4411625862122,-50.55452360267,-24.2138485044139
69.8482275009155,-50.5544251245302,-24.2138482163644
84.7545564174652,-50.5543266463919,-24.2138479282512
91.3030028343201,-50.5542281682552,-24.2138476400743
89.5393073558807,-50.55412969012,-24.2138473518337
84.9232196807861,-50.5540312119863,-24.2138470635295
91.7950630187988,-50.5539327338543,-24.2138467751616
89.5883321762085,-50.5538342557237,-24.2138464867301
90.776252746582,-50.5537357775947,-24.2138461982349
89.4433796405792,-50.5536372994672,-24.213845909676
88.866913318634,-50.5535388213413,-24.2138456210535
91.1767363548279,-50.553440343217,-24.2138453323673
93.5301244258881,-50.5533418650942,-24.2138450436174
95.567774772644,-50.5532433869729,-24.2138447548039
95.1111614704132,-50.5531449088532,-24.2138444659267
96.962982416153,-50.553046430735,-24.2138441769858
93.2419180870056,-50.5529521321327,-24.2138443989146
88.2538855075836,-50.5552881976156,-24.2139349172214
82.7986717224121,-50.5552126361359,-24.2139408365989
70.0690746307373,-50.5551141579158,-24.2139405489938
72.2658038139343,-50.5550156796973,-24.213940261325
66.0876333713531,-50.5549172014804,-24.2139399735926
76.3947665691376,-50.554818723265,-24.2139396857965
65.5056774616241,-50.5547202450511,-24.2139393979367
64.9074018001556,-50.5546217668388,-24.2139391100133
60.2709472179413,-50.554523288628,-24.2139388220262
66.1474287509918,-50.5544248104188,-24.2139385339755
84.5478475093842,-50.5543263322111,-24.213938245861
88.719779253006,-50.554227854005,-24.2139379576829
90.4852330684662,-50.5541293758004,-24.2139376694412
90.7150566577911,-50.5540308975973,-24.2139373811358
95.0858235359192,-50.5539324193958,-24.2139370927667
89.7401750087738,-50.5538339411958,-24.2139368043339
85.2057218551636,-50.5537354629974,-24.2139365158375
89.7010624408722,-50.5536369848005,-24.2139362272774
84.0187191963196,-50.5535385066052,-24.2139359386537
85.7018232345581,-50.5534400284114,-24.2139356499662
95.8909332752228,-50.5533415502192,-24.2139353612151
96.8174338340759,-50.5532430720285,-24.2139350724004
83.9056611061096,-50.5531445938394,-24.213934783522
86.3456428050995,-50.5530461156518,-24.2139344945799
81.7834854125977,-50.5529483233804,-24.2139346680258
82.3984384536743,-50.5552116070258,-24.2140305704098
73.9166498184204,-50.5551138442888,-24.2140308666123
75.533801317215,-50.5550153660009,-24.2140305789423
68.8256859779358,-50.5549168877146,-24.2140302912087
68.6989665031433,-50.5548184094297,-24.2140300034113
70.4757809638977,-50.5547199311465,-24.2140297155504
65.6687617301941,-50.5546214528647,-24.2140294276257
67.0972228050232,-50.5545229745845,-24.2140291396374
64.6586954593658,-50.5544244963059,-24.2140288515855
79.7442078590393,-50.5543260180288,-24.2140285634698
83.9934647083282,-50.5542275397532,-24.2140282752905
86.6766333580017,-50.5541290614792,-24.2140279870476
89.3160760402679,-50.5540305832067,-24.2140276987409
85.502678155899,-50.5539321049358,-24.2140274103706
85.5000197887421,-50.5538336266664,-24.2140271219367
86.3928735256195,-50.5537351483986,-24.214026833439
86.468243598938,-50.5536366701323,-24.2140265448777
79.3559372425079,-50.5535381918676,-24.2140262562528
84.9481344223022,-50.5534397136044,-24.2140259675641
94.652247428894,-50.5533412353427,-24.2140256788118
91.6184544563293,-50.5532427570826,-24.2140253899959
74.1439819335938,-50.553144278824,-24.2140251011162
81.3570737838745,-50.553045800567,-24.214024812173
88.1543934345245,-50.5529473223116,-24.214024523166
71.3299155235291,-50.5551973148572,-24.2141168618178
79.562383890152,-50.5551135306603,-24.2141211842297
70.624840259552,-50.555015052303,-24.2141208965585
67.5093054771423,-50.5549165739472,-24.2141206088236
67.6295757293701,-50.554818095593,-24.2141203210251
73.1619954109192,-50.5547196172403,-24.2141200331629
67.2131538391113,-50.5546211388891,-24.2141197452371
69.2148685455322,-50.5545226605395,-24.2141194572476
64.3357753753662,-50.5544241821914,-24.2141191691944
66.8085992336273,-50.5543257038449,-24.2141188810775
68.9289212226868,-50.5542272254999,-24.214118592897
83.5579454898834,-50.5541287471565,-24.2141183046529
90.8538579940796,-50.5540302688146,-24.214118016345
84.4232141971588,-50.5539317904743,-24.2141177279735
91.9759392738342,-50.5538333121355,-24.2141174395383
83.2569241523743,-50.5537348337982,-24.2141171510395
87.2178256511688,-50.5536363554625,-24.214116862477
81.3594281673431,-50.5535378771283,-24.2141165738508
93.2699084281921,-50.5534393987957,-24.2141162851609
92.7153587341309,-50.5533409204647,-24.2141159964074
94.9220359325409,-50.5532424421351,-24.2141157075903
86.232191324234,-50.5531439638072,-24.2141154187094
83.0067217350006,-50.5530454854807,-24.2141151297649
87.2769117355347,-50.5529470071559,-24.2141148407567
79.7536611557007,-50.552868753966,-24.2141188328978
77.1942734718323,-50.5551132170302,-24.214211501846
73.7012207508087,-50.5550147386035,-24.2142112141736
75.4106104373932,-50.5549162601783,-24.2142109264375
72.8509426116943,-50.5548177817546,-24.2142106386378
70.599889755249,-50.5547193033325,-24.2142103507744
78.6270439624786,-50.554620824912,-24.2142100628474
73.6730635166168,-50.5545223464929,-24.2142097748566
62.9519581794739,-50.5544238680754,-24.2142094868022
58.3470463752747,-50.5543253896595,-24.2142091986842
57.954204082489,-50.5542269112451,-24.2142089105025
72.3234176635742,-50.5541284328322,-24.2142086222571
84.0239942073822,-50.5540299544209,-24.214208333948
89.8776352405548,-50.5539314760112,-24.2142080455753
92.9809153079987,-50.553832997603,-24.2142077571389
81.6225945949554,-50.5537345191963,-24.2142074686389
94.6510553359985,-50.5536360407912,-24.2142071800751
92.9305791854858,-50.5535375623876,-24.2142068914477
95.258092880249,-50.5534390839855,-24.2142066027567
96.600866317749,-50.5533406055851,-24.214206314002
93.7934517860413,-50.5532421271861,-24.2142060251836
82.2937488555908,-50.5531436487887,-24.2142057363015
83.4690153598785,-50.5530451703929,-24.2142054473558
83.2157850265503,-50.5529466919986,-24.2142051583464
83.9548647403717,-50.5528535283116,-24.2142073548666
77.4382829666138,-50.5551062715643,-24.2142983614759
74.3170261383057,-50.5550144249025,-24.2143015317876
71.7666625976562,-50.5549159464079,-24.2143012440503
67.5875723361969,-50.5548174679148,-24.2143009562494
68.045175075531,-50.5547189894232,-24.2143006683848
85.0628256797791,-50.5546205109332,-24.2143003804566
72.8476226329803,-50.5545220324448,-24.2143000924646
57.473349571228,-50.5544235539579,-24.214299804409
43.8242733478546,-50.5543250754725,-24.2142995162898
54.640805721283,-50.5542265969887,-24.2142992281068
77.521139383316,-50.5541281185064,-24.2142989398602
82.9658329486847,-50.5540296400257,-24.21429865155
94.702285528183,-50.5539311615465,-24.214298363176
82.3570072650909,-50.5538326830689,-24.2142980747384
92.5433874130249,-50.5537342045928,-24.2142977862372
96.5497434139252,-50.5536357261183,-24.2142974976722
97.6232290267944,-50.5535372476453,-24.2142972090436
93.8488900661469,-50.5534387691738,-24.2142969203514
96.8637764453888,-50.5533402907039,-24.2142966315954
97.2048878669739,-50.5532418122356,-24.2142963427758
93.7509119510651,-50.5531433337687,-24.2142960538926
90.3915524482727,-50.5530448553035,-24.2142957649456
90.1669263839722,-50.5529463768398,-24.214295475935
89.8316383361816,-50.5528478983776,-24.2142951868608
74.3174314498901,-50.5550141111999,-24.2143918494006
76.6312897205353,-50.5549156326359,-24.2143915616621
71.8955814838409,-50.5548171540734,-24.21439127386
67.2489285469055,-50.5547186755124,-24.2143909859941
71.908175945282,-50.554620196953,-24.2143906980647
72.8086769580841,-50.5545217183951,-24.2143904100715
56.6473364830017,-50.5544232398388,-24.2143901220147
59.035336971283,-50.554324761284,-24.2143898338943
63.9497578144073,-50.5542262827308,-24.2143895457101
69.9504494667053,-50.5541278041791,-24.2143892574623
84.5076441764832,-50.554029325629,-24.2143889691508
95.1971054077148,-50.5539308470804,-24.2143886807757
93.4157371520996,-50.5538323685333,-24.2143883923369
95.4020500183105,-50.5537338899878,-24.2143881038344
97.7094709873199,-50.5536354114438,-24.2143878152683
98.3649969100952,-50.5535369329014,-24.2143875266384
97.5774765014648,-50.5534384543605,-24.214387237945
95.8262205123901,-50.5533399758212,-24.2143869491878
98.0475187301636,-50.5532414972834,-24.214386660367
94.7290480136871,-50.5531430187472,-24.2143863714825
93.6231136322021,-50.5530445402125,-24.2143860825344
98.908007144928,-50.5529460616794,-24.2143857935226
90.6519293785095,-50.5528475831478,-24.2143855044471
85.5097115039825,-50.552772925358,-24.2143896065703
82.8663110733032,-50.5550120804616,-24.2144808844565
71.6347336769104,-50.5549153188623,-24.2144818792728
68.2429671287537,-50.5548168402304,-24.2144815914694
78.3802151679993,-50.5547183616,-24.2144813036024
76.7556011676788,-50.5546198829712,-24.2144810156717
73.5543131828308,-50.5545214043439,-24.2144807276774
54.1922330856323,-50.5544229257182,-24.2144804396194
58.2626163959503,-50.554324447094,-24.2144801514977
72.3527789115906,-50.5542259684713,-24.2144798633123
85.5997383594513,-50.5541274898502,-24.2144795750633
93.2815551757812,-50.5540290112306,-24.2144792867506
95.8600759506226,-50.5539305326126,-24.2144789983743
95.1884388923645,-50.5538320539962,-24.2144787099342
99.4439840316772,-50.5537335753812,-24.2144784214306
99.4471609592438,-50.5536350967678,-24.2144781328632
98.1563687324524,-50.553536618156,-24.2144778442322
97.6458489894867,-50.5534381395457,-24.2144775555375
97.2325205802917,-50.553339660937,-24.2144772667791
98.6514806747437,-50.5532411823298,-24.2144769779571
92.9217994213104,-50.5531427037241,-24.2144766890714
92.4626231193542,-50.55304422512,-24.2144764001221
96.7467308044434,-50.5529457465175,-24.214476111109
94.4065093994141,-50.5528472679165,-24.2144758220323
84.9228918552399,-50.5527587648707,-24.214478317716
72.5985884666443,-50.5549957340883,-24.2145673892734
70.9878861904144,-50.5549150050873,-24.2145721968824
70.1829671859741,-50.5548165263859,-24.2145719090778
69.8464035987854,-50.5547180476861,-24.2145716212096
72.5718975067139,-50.5546195689879,-24.2145713332777
65.7567381858826,-50.5545210902912,-24.2145710452821
61.3589525222778,-50.554422611596,-24.2145707572229
74.2768824100494,-50.5543241329024,-24.2145704691
88.3059620857239,-50.5542256542103,-24.2145701809135
88.8869225978851,-50.5541271755198,-24.2145698926632
95.0299918651581,-50.5540286968308,-24.2145696043493
93.9831972122192,-50.5539302181434,-24.2145693159718
94.5006847381592,-50.5538317394575,-24.2145690275305
99.311774969101,-50.5537332607731,-24.2145687390256
98.4671056270599,-50.5536347820903,-24.2145684504571
93.9932346343994,-50.5535363034091,-24.2145681618248
93.4037446975708,-50.5534378247294,-24.2145678731289
96.2259709835052,-50.5533393460512,-24.2145675843694
97.8640973567963,-50.5532408673746,-24.2145672955461
95.8288967609406,-50.5531423886995,-24.2145670066592
94.9055016040802,-50.553043910026,-24.2145667177086
95.137882232666,-50.552945431354,-24.2145664286944
99.2521643638611,-50.5528469526836,-24.2145661396165
86.3655805587769,-50.552748755901,-24.2145660873254
75.9212613105774,-50.5549146907155,-24.2146625139433
81.8804085254669,-50.5548162125399,-24.2146622266851
74.0908682346344,-50.5547177337707,-24.2146619388157
84.8622739315033,-50.554619255003,-24.2146616508826
85.9175443649292,-50.5545207762369,-24.2146613628858
79.5785427093506,-50.5544222974723,-24.2146610748254
87.4407410621643,-50.5543238187092,-24.2146607867013
86.9329988956451,-50.5542253399478,-24.2146604985135
90.4655516147614,-50.5541268611878,-24.2146602102621
89.9732351303101,-50.5540283824294,-24.214659921947
91.232693195343,-50.5539299036725,-24.2146596335682
95.4779744148254,-50.5538314249172,-24.2146593451258
96.9869196414948,-50.5537329461635,-24.2146590566196
98.5523402690887,-50.5536344674112,-24.2146587680499
96.6640651226044,-50.5535359886606,-24.2146584794164
93.465793132782,-50.5534375099114,-24.2146581907193
92.5087988376617,-50.5533390311639,-24.2146579019585
97.0625281333923,-50.5532405524178,-24.2146576131341
98.998636007309,-50.5531420736733,-24.214657324246
96.174430847168,-50.5530435949304,-24.2146570352942
93.7421917915344,-50.552945116189,-24.2146567462787
94.3567335605621,-50.5528466374492,-24.2146564571996
87.0456457138062,-50.5527481587109,-24.2146561680568
84.1608107089996,-50.5526695038088,-24.2146631787784
88.881242275238,-50.5549049557589,-24.2147488732236
82.3207378387451,-50.5548158986923,-24.2147525442914
83.5932731628418,-50.5547174198537,-24.2147522564207
91.9084072113037,-50.5546189410166,-24.2147519684864
87.2669160366058,-50.554520462181,-24.2147516804884
88.7640237808228,-50.554421983347,-24.2147513924268
84.6691906452179,-50.5543235045146,-24.2147511043015
83.9811980724335,-50.5542250256836,-24.2147508161125
86.5886270999908,-50.5541265468543,-24.2147505278599
85.2078855037689,-50.5540280680265,-24.2147502395435
88.1526410579681,-50.5539295892002,-24.2147499511636
89.2829596996307,-50.5538311103754,-24.2147496627199
93.5331583023071,-50.5537326315523,-24.2147493742126
97.8954136371613,-50.5536341527306,-24.2147490856416
100,-50.5535356739105,-24.2147487970069
96.8517482280731,-50.553437195092,-24.2147485083086
93.2260811328888,-50.553338716275,-24.2147482195466
95.6181108951569,-50.5532402374595,-24.214747930721
92.9147362709045,-50.5531417586456,-24.2147476418316
97.0610320568085,-50.5530432798332,-24.2147473528786
41.1644101142883,-50.5529448010224,-24.214747063862
93.2818651199341,-50.5528463222132,-24.2147467747816
97.345358133316,-50.5527478434055,-24.2147464856376
83.8838815689087,-50.5526505146816,-24.2147471528595
78.2202005386353,-50.5548155848432,-24.2148428618965
73.2986986637115,-50.5547171059351,-24.2148425740247
87.8123044967651,-50.5546186270286,-24.2148422860892
93.7646627426147,-50.5545201481237,-24.21484199809
94.1011786460876,-50.5544216692202,-24.2148417100271
88.206547498703,-50.5543231903183,-24.2148414219006
88.7646317481995,-50.554224711418,-24.2148411337104
89.3258273601532,-50.5541262325192,-24.2148408454566
83.8309288024902,-50.554027753622,-24.214840557139
87.9879295825958,-50.5539292747263,-24.2148402687578
85.6147229671478,-50.5538307958321,-24.214839980313
93.8844978809357,-50.5537323169395,-24.2148396918044
95.0282156467438,-50.5536338380484,-24.2148394032322
98.9458799362183,-50.5535353591589,-24.2148391145964
99.1653621196747,-50.553436880271,-24.2148388258968
98.8916099071503,-50.5533384013845,-24.2148385371336
98.1908738613129,-50.5532399224997,-24.2148382483068
92.5113081932068,-50.5531414436163,-24.2148379594162
93.8036501407623,-50.5530429647346,-24.214837670462
96.2653517723083,-50.5529444858543,-24.2148373814441
96.9422340393066,-50.5528460069756,-24.2148370923626
93.7923014163971,-50.5527475280985,-24.2148368032173
90.5432343482971,-50.5526490492229,-24.2148365140085
85.7392013072968,-50.5525643429269,-24.2148426484688
80.2468001842499,-50.5548121327368,-24.2149310736288
71.6595947742462,-50.554716792015,-24.2149328916276
80.3834676742554,-50.5546183130391,-24.2149326036908
87.4261915683746,-50.5545198340647,-24.2149323156905
93.4444963932037,-50.5544213550919,-24.2149320276264
93.13805103302,-50.5543228761206,-24.2149317394987
88.7411534786224,-50.5542243971508,-24.2149314513073
90.3646051883698,-50.5541259181826,-24.2149311630522
87.7036809921265,-50.5540274392159,-24.2149308747334
90.1143789291382,-50.5539289602508,-24.214930586351
90.5590415000916,-50.5538304812872,-24.214930297905
91.1894381046295,-50.5537320023252,-24.2149300093952
95.1022028923035,-50.5536335233647,-24.2149297208218
95.5289840698242,-50.5535350444058,-24.2149294321847
98.7241089344025,-50.5534365654484,-24.214929143484
96.7515170574188,-50.5533380864926,-24.2149288547196
92.5562858581543,-50.5532396075383,-24.2149285658915
95.3605473041534,-50.5531411285855,-24.2149282769997
97.3265886306763,-50.5530426496343,-24.2149279880443
94.1571772098541,-50.5529441706847,-24.2149276990252
92.489218711853,-50.5528456917366,-24.2149274099424
96.2610125541687,-50.55274721279,-24.214927120796
92.8833901882172,-50.552648733845,-24.2149268315859
91.1288797855377,-50.5525502956962,-24.2149265793864
92.8123235702515,-50.5547941772378,-24.215017805535
81.9918096065521,-50.5547164780934,-24.2150232092294
70.2662646770477,-50.5546179990481,-24.2150229212914
79.6935260295868,-50.5545195200042,-24.2150226332898
86.8582844734192,-50.554421040962,-24.2150223452246
89.8956716060638,-50.5543225619213,-24.2150220570956
85.1286113262177,-50.5542240828821,-24.215021768903
89.7619187831879,-50.5541256038444,-24.2150214806467
92.0526206493378,-50.5540271248084,-24.2150211923268
89.6457314491272,-50.5539286457738,-24.2150209039432
90.6320214271545,-50.5538301667408,-24.2150206154959
91.9024467468262,-50.5537316877094,-24.2150203269849
88.2415473461151,-50.5536332086795,-24.2150200384103
94.3309843540192,-50.5535347296511,-24.215019749772
96.1740434169769,-50.5534362506243,-24.2150194610701
72.9134798049927,-50.553337771599,-24.2150191723044
93.441903591156,-50.5532392925753,-24.2150188834751
96.7963755130768,-50.5531408135531,-24.2150185945822
97.7021157741547,-50.5530423345325,-24.2150183056255
96.1850464344025,-50.5529438555134,-24.2150180166052
92.9040551185608,-50.5528453764959,-24.2150177275212
96.5787947177887,-50.5527468974799,-24.2150174383736
95.4079508781433,-50.5526484184655,-24.2150171491623
91.8850839138031,-50.5525499394527,-24.2150168598873
85.9676837921143,-50.5524587182718,-24.2150212027614
75.7520616054535,-50.5547159045388,-24.2151133032318
63.2224678993225,-50.5546176850555,-24.215113238891
72.8172659873962,-50.5545192059422,-24.2151129508882
84.7279965877533,-50.5544207268305,-24.2151126628217
88.2227957248688,-50.5543222477204,-24.2151123746915
83.681857585907,-50.5542237686118,-24.2151120864977
90.1322364807129,-50.5541252895047,-24.2151117982402
88.4662270545959,-50.5540268103992,-24.2151115099191
96.7962682247162,-50.5539283312953,-24.2151112215342
94.2292153835297,-50.5538298521929,-24.2151109330857
86.9363784790039,-50.553731373092,-24.2151106445736
85.8750402927399,-50.5536328939926,-24.2151103559977
87.685626745224,-50.5535344148949,-24.2151100673582
95.7131028175354,-50.5534359357986,-24.2151097786551
67.8146362304688,-50.553337456704,-24.2151094898882
97.387683391571,-50.5532389776108,-24.2151092010577
98.0025470256805,-50.5531404985192,-24.2151089121635
95.084685087204,-50.5530420194292,-24.2151086232057
96.9988405704498,-50.5529435403407,-24.2151083341841
89.1335785388947,-50.5528450612537,-24.215108045099
92.2531962394714,-50.5527465821683,-24.2151077559501
94.3112194538116,-50.5526481030845,-24.2151074667376
83.3919405937195,-50.5525496240022,-24.2151071774614
84.3165516853333,-50.5524511449215,-24.2151068881215
90.6563937664032,-50.5547033435778,-24.2151995285909
63.7603878974915,-50.5546173710613,-24.2152035564894
66.2083625793457,-50.5545188918787,-24.2152032684854
83.8012754917145,-50.5544204126976,-24.2152029804177
85.8642876148224,-50.554321933518,-24.2152026922864
84.8558664321899,-50.55422345434,-24.2152024040913
89.0467584133148,-50.5541249751635,-24.2152021158326
84.4555914402008,-50.5540264959886,-24.2152018275103
94.6007430553436,-50.5539280168152,-24.2152015391242
89.5951569080353,-50.5538295376433,-24.2152012506745
78.9820730686188,-50.553731058473,-24.2152009621611
92.956531047821,-50.5536325793043,-24.2152006735841
92.414802312851,-50.5535341001371,-24.2152003849434
92.6702439785004,-50.5534356209714,-24.215200096239
94.1972851753235,-50.5533371418073,-24.2151998074709
98.6855566501617,-50.5532386626448,-24.2151995186392
99.345862865448,-50.5531401834838,-24.2151992297438
97.4615752696991,-50.5530417043243,-24.2151989407847
93.8703417778015,-50.5529432251664,-24.215198651762
89.7724747657776,-50.55284474601,-24.2151983626756
95.2175915241241,-50.5527462668552,-24.2151980735255
84.442526102066,-50.5526477877019,-24.2151977843118
83.5090637207031,-50.5525493085502,-24.2151974950344
82.2664439678192,-50.5524508294,-24.2151972056933
85.6194019317627,-50.5523541058988,-24.2151984864584
82.1735501289368,-50.5546170570656,-24.2152938740868
72.3257422447205,-50.5545185778136,-24.2152935860816
70.430052280426,-50.554420098563,-24.2152932980127
84.8131716251373,-50.5543216193141,-24.2152930098801
87.1840357780457,-50.5542231400666,-24.2152927216839
92.0114934444427,-50.5541246608207,-24.215292433424
91.2313044071198,-50.5540261815764,-24.2152921451004
89.3238663673401,-50.5539277023335,-24.2152918567131
87.4580681324005,-50.5538292230923,-24.2152915682622
88.366711139679,-50.5537307438526,-24.2152912797476
98.3089745044708,-50.5536322646144,-24.2152909911694
91.3645684719086,-50.5535337853778,-24.2152907025274
94.037652015686,-50.5534353061427,-24.2152904138218
95.7667589187622,-50.5533368269092,-24.2152901250526
95.2385902404785,-50.5532383476772,-24.2152898362196
94.5245862007141,-50.5531398684467,-24.215289547323
94.8325455188751,-50.5530413892178,-24.2152892583627
81.8475067615509,-50.5529429099905,-24.2152889693388
83.9970707893372,-50.5528444307647,-24.2152886802512
88.8175666332245,-50.5527459515405,-24.2152883910999
84.9383533000946,-50.5526474723178,-24.2152881018849
88.7273252010345,-50.5525489930967,-24.2152878126063
83.9038491249084,-50.5524505138771,-24.215287523264
79.7238528728485,-50.552352034659,-24.2152872338581
79.295027256012,-50.5522570780531,-24.2152900323195
75.7920026779175,-50.5546117402601,-24.2153812551409
81.3471138477325,-50.5545182637469,-24.2153839036767
82.5609445571899,-50.554419784427,-24.2153836156066
84.7591638565063,-50.5543213051086,-24.2153833274728
86.5606486797333,-50.5542228257917,-24.2153830392753
89.2426431179047,-50.5541243464764,-24.2153827510142
87.280261516571,-50.5540258671626,-24.2153824626894
85.8751475811005,-50.5539273878504,-24.215382174301
84.3762099742889,-50.5538289085397,-24.2153818858488
87.6263618469238,-50.5537304292305,-24.215381597333
96.5724647045135,-50.5536319499229,-24.2153813087536
93.6050415039062,-50.5535334706169,-24.2153810201104
90.8376634120941,-50.5534349913124,-24.2153807314036
90.5986905097961,-50.5533365120094,-24.2153804426331
95.5785274505615,-50.553238032708,-24.215380153799
94.2173898220062,-50.5531395534082,-24.2153798649012
42.2296792268753,-50.5530410741099,-24.2153795759397
59.5788538455963,-50.5529425948131,-24.2153792869145
75.6755411624908,-50.5528441155179,-24.2153789978257
83.533376455307,-50.5527456362242,-24.2153787086732
84.0985417366028,-50.5526471569321,-24.215378419457
86.0539734363556,-50.5525486776416,-24.2153781301772
81.9082200527191,-50.5524501983525,-24.2153778408337
81.8784832954407,-50.5523517190651,-24.2153775514265
90.3854250907898,-50.5522532397792,-24.2153772619556
84.138423204422,-50.5521605684236,-24.2153819346415
84.0794503688812,-50.5545179496787,-24.2154742212707
83.6323261260986,-50.5544194702894,-24.2154739331994
83.6997210979462,-50.5543209909015,-24.2154736450644
84.2604339122772,-50.5542225115152,-24.2154733568657
84.1714799404144,-50.5541240321305,-24.2154730686034
85.1115167140961,-50.5540255527473,-24.2154727802774
85.1275682449341,-50.5539270733656,-24.2154724918877
85.2829456329346,-50.5538285939855,-24.2154722034344
90.5374228954315,-50.553730114607,-24.2154719149174
96.4272797107697,-50.5536316352299,-24.2154716263367
94.7047293186188,-50.5535331558545,-24.2154713376923
89.7427797317505,-50.5534346764805,-24.2154710489843
89.4105792045593,-50.5533361971082,-24.2154707602126
85.9084725379944,-50.5532377177373,-24.2154704713773
61.8013679981232,-50.5531392383681,-24.2154701824782
56.6855192184448,-50.5530407590003,-24.2154698935155
55.4351449012756,-50.5529422796341,-24.2154696044891
80.846095085144,-50.5528438002695,-24.2154693153991
77.4426639080048,-50.5527453209064,-24.2154690262454
82.4090719223022,-50.5526468415449,-24.215468737028
79.6255886554718,-50.5525483621849,-24.215468447747
81.0345828533173,-50.5524498828265,-24.2154681584022
79.6836256980896,-50.5523514034696,-24.2154678689938
82.8288495540619,-50.5522529241143,-24.2154675795218
86.8262410163879,-50.5521544447605,-24.215467289986
83.2404971122742,-50.552074418553,-24.2154727847966
78.4168839454651,-50.5545163524512,-24.2155635388328
84.8019480705261,-50.5544191561502,-24.2155642507911
83.5720479488373,-50.5543206766929,-24.2155639626549
82.9761266708374,-50.5542221972372,-24.215563674455
83.5108876228333,-50.5541237177831,-24.2155633861915
85.5211317539215,-50.5540252383304,-24.2155630978643
87.0057582855225,-50.5539267588794,-24.2155628094734
83.7200999259949,-50.5538282794298,-24.2155625210188
92.7114605903625,-50.5537297999818,-24.2155622325006
95.1424062252045,-50.5536313205354,-24.2155619439187
91.7964816093445,-50.5535328410905,-24.2155616552732
87.1788501739502,-50.5534343616472,-24.2155613665639
84.7697556018829,-50.5533358822054,-24.215561077791
83.4023714065552,-50.5532374027651,-24.2155607889544
66.7074143886566,-50.5531389233264,-24.2155605000542
56.4680337905884,-50.5530404438892,-24.2155602110903
54.0299773216248,-50.5529419644536,-24.2155599220627
65.2743577957153,-50.5528434850196,-24.2155596329714
72.2894787788391,-50.5527450055871,-24.2155593438165
76.6850829124451,-50.5526465261561,-24.2155590545979
78.505665063858,-50.5525480467267,-24.2155587653157
83.6018919944763,-50.5524495672988,-24.2155584759697
81.9610178470612,-50.5523510878725,-24.2155581865601
82.9412639141083,-50.5522526084478,-24.2155578970868
82.8730702400208,-50.5521541290246,-24.2155576075499
82.3700845241547,-50.5520560031723,-24.215557639209
86.9086027145386,-50.5545003490503,-24.2156496063111
86.3298952579498,-50.5544188420095,-24.2156545683818
84.8006248474121,-50.5543203624828,-24.2156542802444
81.5995454788208,-50.5542218829577,-24.2156539920433
83.1881046295166,-50.5541234034341,-24.2156537037785
84.9404573440552,-50.554024923912,-24.2156534154501
86.3463640213013,-50.5539264443915,-24.215653127058
89.8239016532898,-50.5538279648726,-24.2156528386022
86.8159711360931,-50.5537294853552,-24.2156525500828
93.8556253910065,-50.5536310058393,-24.2156522614997
92.0732200145721,-50.553532526325,-24.2156519728529
85.769122838974,-50.5534340468122,-24.2156516841425
85.6863558292389,-50.553335567301,-24.2156513953684
83.0439329147339,-50.5532370877913,-24.2156511065306
75.3901779651642,-50.5531386082832,-24.2156508176291
63.8404130935669,-50.5530401287766,-24.215650528664
55.0190806388855,-50.5529416492716,-24.2156502396352
66.514253616333,-50.5528431697681,-24.2156499505427
72.368997335434,-50.5527446902662,-24.2156496613866
75.2790093421936,-50.5526462107658,-24.2156493721668
78.1331479549408,-50.552547731267,-24.2156490828833
81.7774593830109,-50.5524492517697,-24.2156487935361
79.9700796604156,-50.5523507722739,-24.2156485041253
82.0239067077637,-50.5522522927798,-24.2156482146508
83.2665205001831,-50.5521538132871,-24.2156479251127
83.1036329269409,-50.5520553337961,-24.2156476355108
91.378778219223,-50.5519623342715,-24.2156501551201
86.851555109024,-50.5544181812187,-24.2157445861764
79.0371060371399,-50.5543200482712,-24.2157445978327
75.5481779575348,-50.5542215686766,-24.2157443096304
82.9900503158569,-50.5541230890836,-24.2157440213645
83.740758895874,-50.5540246094921,-24.2157437330348
83.0428242683411,-50.5539261299022,-24.2157434446415
87.6615285873413,-50.5538276503138,-24.2157431561846
91.8063998222351,-50.553729170727,-24.2157428676639
96.8329071998596,-50.5536306911417,-24.2157425790796
90.8602952957153,-50.5535322115579,-24.2157422904316
86.6061270236969,-50.5534337319757,-24.21574200172
83.5562407970428,-50.5533352523951,-24.2157417129446
54.7005414962769,-50.553236772816,-24.2157414241056
65.7560110092163,-50.5531382932384,-24.215741135203
66.9834971427917,-50.5530398136624,-24.2157408462366
65.915858745575,-50.552941334088,-24.2157405572066
63.5636806488037,-50.5528428545151,-24.2157402681129
70.1386690139771,-50.5527443749437,-24.2157399789556
74.0129053592682,-50.5526458953739,-24.2157396897345
73.3460187911987,-50.5525474158056,-24.2157394004498
75.1035034656525,-50.5524489362389,-24.2157391111015
74.3577182292938,-50.5523504566738,-24.2157388216894
74.7573435306549,-50.5522519771102,-24.2157385322137
80.6878507137299,-50.5521534975481,-24.2157382426743
83.9750945568085,-50.5520550179876,-24.2157379530713
84.133780002594,-50.5519565384287,-24.2157376634046
72.7059900760651,-50.5544034654301,-24.2158296732821
78.1530797481537,-50.5543197340579,-24.21583491542
80.328243970871,-50.554221254394,-24.2158346272165
77.5004386901855,-50.5541227747315,-24.2158343389494
78.4105062484741,-50.5540242950706,-24.2158340506185
84.8150908946991,-50.5539258154113,-24.215833762224
90.2137339115143,-50.5538273357535,-24.2158334737658
92.8805768489838,-50.5537288560972,-24.215833185244
91.6358351707458,-50.5536303764425,-24.2158328966584
84.6935927867889,-50.5535318967893,-24.2158326080092
88.4415507316589,-50.5534334171377,-24.2158323192964
78.0280649662018,-50.5533349374876,-24.2158320305198
65.7711386680603,-50.5532364578391,-24.2158317416796
55.8622896671295,-50.5531379781921,-24.2158314527757
67.5700426101685,-50.5530394985467,-24.2158311638082
76.7171680927277,-50.5529410189028,-24.2158308747769
73.7057685852051,-50.5528425392605,-24.215830585682
69.6873009204865,-50.5527440596197,-24.2158302965235
71.0497558116913,-50.5526455799805,-24.2158300073012
71.2633788585663,-50.5525471003428,-24.2158297180153
74.4505286216736,-50.5524486207067,-24.2158294286657
72.9467511177063,-50.5523501410721,-24.2158291392525
79.394793510437,-50.5522516614391,-24.2158288497756
83.6009800434113,-50.5521531818076,-24.215828560235
82.6900243759155,-50.5520547021777,-24.2158282706307
84.0728402137756,-50.5519562225493,-24.2158279809628
91.1571025848389,-50.5518675828177,-24.2158344874286
78.2208681106567,-50.5543189852239,-24.2159248565241
83.0664157867432,-50.5542209401098,-24.2159249448015
70.7794904708862,-50.5541224603779,-24.2159246565332
70.720911026001,-50.5540239806476,-24.2159243682011
80.710756778717,-50.5539255009188,-24.2159240798054
85.8221709728241,-50.5538270211916,-24.215923791346
90.3891563415527,-50.5537285414659,-24.2159235028229
87.850147485733,-50.5536300617418,-24.2159232142362
84.8677217960358,-50.5535315820192,-24.2159229255858
84.295129776001,-50.5534331022981,-24.2159226368717
70.4420328140259,-50.5533346225786,-24.2159223480939
69.0457105636597,-50.5532361428607,-24.2159220592525
56.9439888000488,-50.5531376631443,-24.2159217703474
60.443389415741,-50.5530391834294,-24.2159214813787
69.8908805847168,-50.5529407037161,-24.2159211923462
58.7647080421448,-50.5528422240044,-24.2159209032501
74.4803011417389,-50.5527437442942,-24.2159206140903
70.6894636154175,-50.5526452645855,-24.2159203248669
71.4174747467041,-50.5525467848784,-24.2159200355797
74.6845364570618,-50.5524483051728,-24.2159197462289
71.7524349689484,-50.5523498254688,-24.2159194568145
74.9983668327332,-50.5522513457664,-24.2159191673363
80.6007146835327,-50.5521528660655,-24.2159188777945
79.7025680541992,-50.5520543863661,-24.215918588189
83.7047398090363,-50.5519559066683,-24.2159182985199
82.9926490783691,-50.5518574269721,-24.215918008787
100,-50.554302790658,-24.2160090590474
80.7190477848053,-50.554220625824,-24.2160152623855
75.5230188369751,-50.5541221460227,-24.2160149741159
73.8514184951782,-50.554023666223,-24.2160146857826
77.6388764381409,-50.5539251864248,-24.2160143973857
83.9893996715546,-50.5538267066281,-24.2160141089251
84.6776187419891,-50.553728226833,-24.2160138204008
82.7997267246246,-50.5536297470395,-24.2160135318129
75.9548962116241,-50.5535312672475,-24.2160132431612
80.2457809448242,-50.553432787457,-24.2160129544459
85.0906133651733,-50.5533343076681,-24.216012665667
69.8402285575867,-50.5532358278807,-24.2160123768243
55.4925918579102,-50.5531373480949,-24.216012087918
54.7708630561829,-50.5530388683106,-24.216011798948
68.8246846199036,-50.5529403885279,-24.2160115099144
61.8492603302002,-50.5528419087467,-24.2160112208171
74.3547439575195,-50.552743428967,-24.2160109316561
67.600554227829,-50.552644949189,-24.2160106424314
69.1740453243256,-50.5525464694124,-24.2160103531431
70.3851699829102,-50.5524479896375,-24.2160100637911
59.357225894928,-50.552349509864,-24.2160097743754
65.0987446308136,-50.5522510300922,-24.216009484896
75.1841187477112,-50.5521525503218,-24.216009195353
76.335620880127,-50.552054070553,-24.2160089057463
82.5871586799622,-50.5519555907858,-24.2160086160759
80.4809868335724,-50.5518571110202,-24.2160083263419
86.0959708690643,-50.5517661220013,-24.2160119226738
99.6581256389618,-50.5542185269063,-24.2161040849841
75.4014253616333,-50.5541218316661,-24.2161052916976
82.5874984264374,-50.5540233517969,-24.2161050033631
82.3519766330719,-50.5539248719293,-24.2161047149649
82.0288240909576,-50.5538263920632,-24.2161044265031
76.7525017261505,-50.5537279121986,-24.2161041379776
74.2905735969543,-50.5536294323356,-24.2161038493885
69.8213577270508,-50.5535309524742,-24.2161035607356
85.4898989200592,-50.5534324726143,-24.2161032720191
66.0663247108459,-50.553333992756,-24.2161029832389
60.5216503143311,-50.5532355128992,-24.2161026943951
55.6948184967041,-50.5531370330439,-24.2161024054876
51.8153309822083,-50.5530385531902,-24.2161021165164
60.8594954013824,-50.5529400733381,-24.2161018274815
64.743834733963,-50.5528415934875,-24.216101538383
61.8838489055634,-50.5527431136384,-24.2161012492208
66.2815570831299,-50.5526446337909,-24.2161009599949
67.9121911525726,-50.5525461539449,-24.2161006707053
58.1430315971375,-50.5524476741005,-24.2161003813521
57.013475894928,-50.5523491942577,-24.2161000919352
67.1869993209839,-50.5522507144164,-24.2160998024546
76.0114908218384,-50.5521522345766,-24.2160995129104
87.4638617038727,-50.5520537547384,-24.2160992233025
72.0044255256653,-50.5519552749018,-24.2160989336309
74.725753068924,-50.5518567950667,-24.2160986438956
82.7833473682404,-50.5517583152331,-24.2160983540967
83.8559031486511,-50.5541215173078,-24.2161956092781
82.6201200485229,-50.5540230373692,-24.2161953209425
83.0387711524963,-50.5539245574322,-24.2161950325431
82.3134005069733,-50.5538260774967,-24.2161947440801
80.0415337085724,-50.5537275975627,-24.2161944555534
70.916336774826,-50.5536291176303,-24.216194166963
61.5969061851501,-50.5535306376994,-24.216193878309
71.0718274116516,-50.5534321577701,-24.2161935895912
67.8666353225708,-50.5533336778423,-24.2161933008098
65.5944049358368,-50.5532351979161,-24.2161930119648
56.4394652843475,-50.5531367179914,-24.216192723056
47.0760017633438,-50.5530382380683,-24.2161924340836
35.5858713388443,-50.5529397581467,-24.2161921450476
49.9514907598495,-50.5528412782267,-24.2161918559478
52.5844573974609,-50.5527427983082,-24.2161915667844
57.7061295509338,-50.5526443183913,-24.2161912775573
66.0480260848999,-50.5525458384759,-24.2161909882665
58.6910367012024,-50.552447358562,-24.2161906989121
63.1290555000305,-50.5523488786498,-24.216190409494
67.263650894165,-50.552250398739,-24.2161901200122
61.9675397872925,-50.5521519188299,-24.2161898304667
68.1885540485382,-50.5520534389222,-24.2161895408576
71.6517806053162,-50.5519549590162,-24.2161892511848
71.4120209217072,-50.5518564791116,-24.2161889614483
80.6623935699463,-50.5517579992087,-24.2161886716482
85.3073298931122,-50.5516617836903,-24.2161902108244
82.3323667049408,-50.5541114035494,-24.2162796402761
85.0717782974243,-50.55402272294,-24.2162856385208
86.758941411972,-50.5539242429335,-24.2162853501202
82.6116740703583,-50.5538257629286,-24.2162850616559
73.5143661499023,-50.5537272829252,-24.216284773128
79.6276450157166,-50.5536288029234,-24.2162844845364
68.8587307929993,-50.5535303229231,-24.2162841958812
66.0465121269226,-50.5534318429243,-24.2162839071623
63.889479637146,-50.5533333629271,-24.2162836183797
63.9392971992493,-50.5532348829315,-24.2162833295334
51.0559558868408,-50.5531364029374,-24.2162830406234
56.6295564174652,-50.5530379229448,-24.2162827516498
46.1979031562805,-50.5529394429538,-24.2162824626125
37.2533231973648,-50.5528409629643,-24.2162821735116
42.4315959215164,-50.5527424829764,-24.2162818843469
58.548903465271,-50.5526440029901,-24.2162815951186
59.3231201171875,-50.5525455230053,-24.2162813058266
69.5132911205292,-50.552447043022,-24.216281016471
68.4502005577087,-50.5523485630403,-24.2162807270516
72.2482740879059,-50.5522500830602,-24.2162804375686
63.1832361221313,-50.5521516030816,-24.216280148022
61.7570400238037,-50.5520531231045,-24.2162798584116
71.3441252708435,-50.551954643129,-24.2162795687376
72.9344487190247,-50.5518561631551,-24.2162792789999
74.8114705085754,-50.5517576831827,-24.2162789891985
86.4904761314392,-50.5516592032118,-24.2162786993335
92.2924101352692,-50.5515742394876,-24.2162853636261
75.9539783000946,-50.5540190289671,-24.2163730868627
81.0965299606323,-50.5539239284333,-24.2163756676962
68.3332800865173,-50.553825448359,-24.2163753792308
88.474702835083,-50.5537269682862,-24.2163750907016
74.4219064712524,-50.5536284882149,-24.2163748021088
74.1294682025909,-50.5535300081452,-24.2163745134524
69.0351843833923,-50.553431528077,-24.2163742247322
67.8974628448486,-50.5533330480104,-24.2163739359484
63.2108449935913,-50.5532345679453,-24.2163736471009
66.6343688964844,-50.5531360878818,-24.2163733581898
52.6848435401917,-50.5530376078198,-24.2163730692149
47.6129174232483,-50.5529391277594,-24.2163727801764
45.3927546739578,-50.5528406477005,-24.2163724910742
49.3900150060654,-50.5527421676431,-24.2163722019084
53.4240961074829,-50.5526436875874,-24.2163719126789
51.7557322978973,-50.5525452075331,-24.2163716233857
72.3271369934082,-50.5524467274804,-24.2163713340288
69.2423105239868,-50.5523482474293,-24.2163710446082
64.2757833003998,-50.5522497673797,-24.216370755124
46.300134062767,-50.5521512873317,-24.2163704655761
60.361647605896,-50.5520528072852,-24.2163701759646
74.0616679191589,-50.5519543272403,-24.2163698862893
70.3877806663513,-50.5518558471969,-24.2163695965504
81.2335014343262,-50.5517573671551,-24.2163693067479
91.7730331420898,-50.5516588871148,-24.2163690168816
92.1942472457886,-50.5515604122407,-24.2163687316964
81.9902241230011,-50.5539228476274,-24.2164652999153
71.3895618915558,-50.5538251337878,-24.2164656968045
64.416491985321,-50.5537266536456,-24.2164654082741
80.8247745037079,-50.5536281735049,-24.2164651196801
70.9322094917297,-50.5535296933657,-24.2164648310225
86.4510595798492,-50.5534312132281,-24.2164645423011
87.4935030937195,-50.5533327330921,-24.2164642535161
66.3601338863373,-50.5532342529576,-24.2164639646674
65.4733896255493,-50.5531357728246,-24.216463675755
55.7401180267334,-50.5530372926932,-24.2164633867789
51.8990397453308,-50.5529388125634,-24.2164630977392
55.2439093589783,-50.552840332435,-24.2164628086358
52.593457698822,-50.5527418523083,-24.2164625194688
49.7601121664047,-50.5526433721831,-24.216462230238
59.0612053871155,-50.5525448920594,-24.2164619409436
65.2798533439636,-50.5524464119373,-24.2164616515855
53.9713144302368,-50.5523479318167,-24.2164613621638
52.3542404174805,-50.5522494516977,-24.2164610726783
49.5923548936844,-50.5521509715803,-24.2164607831292
64.7308111190796,-50.5520524914644,-24.2164604935165
71.7143416404724,-50.55195401135,-24.21646020384
66.7140960693359,-50.5518555312372,-24.2164599140999
83.7860286235809,-50.551757051126,-24.2164596242961
94.747394323349,-50.5516585710163,-24.2164593344286
91.7296767234802,-50.5515600909081,-24.2164590444975
89.4986093044281,-50.5514673313541,-24.2164623932794
75.8365452289581,-50.5538248117712,-24.2165560075132
81.6877543926239,-50.5537263390035,-24.2165557258456
83.9980781078339,-50.5536278587933,-24.2165554372504
68.5434877872467,-50.5535293785848,-24.2165551485915
94.8215782642365,-50.5534308983777,-24.2165548598689
91.9696390628815,-50.5533324181722,-24.2165545710827
71.8369245529175,-50.5532339379683,-24.2165542822327
64.1762495040894,-50.5531354577659,-24.2165539933192
52.872759103775,-50.5530369775651,-24.2165537043419
56.4398169517517,-50.5529384973658,-24.216553415301
62.6184105873108,-50.5528400171681,-24.2165531261964
51.4664888381958,-50.5527415369719,-24.2165528370281
44.5984601974487,-50.5526430567772,-24.2165525477961
55.6464493274689,-50.5525445765842,-24.2165522585005
61.8777930736542,-50.5524460963926,-24.2165519691412
59.2419385910034,-50.5523476162026,-24.2165516797182
66.0412132740021,-50.5522491360142,-24.2165513902316
61.5631937980652,-50.5521506558273,-24.2165511006813
65.8878207206726,-50.552052175642,-24.2165508110673
71.0999965667725,-50.5519536954582,-24.2165505213896
70.7102537155151,-50.551855215276,-24.2165502316483
84.8919808864594,-50.5517567350953,-24.2165499418432
87.0369493961334,-50.5516582549162,-24.2165496519745
89.4711971282959,-50.5515597747386,-24.2165493620422
87.7391397953033,-50.5514612945626,-24.2165490720462
71.1005568504333,-50.5538077129507,-24.216633059404
73.4963238239288,-50.5537260243598,-24.216646043416
69.2899107933044,-50.5536275440802,-24.2166457548195
66.3466930389404,-50.5535290638022,-24.2166454661594
84.8274767398834,-50.5534305835258,-24.2166451774356
79.0719091892242,-50.5533321032509,-24.2166448886482
75.2411246299744,-50.5532336229775,-24.2166445997971
72.4207162857056,-50.5531351427057,-24.2166443108823
63.6479735374451,-50.5530366624354,-24.2166440219038
60.067892074585,-50.5529381821667,-24.2166437328616
64.9382472038269,-50.5528397018996,-24.2166434437558
51.6831040382385,-50.5527412216339,-24.2166431545863
58.3970069885254,-50.5526427413699,-24.2166428653532
56.9849848747253,-50.5525442611074,-24.2166425760563
64.0438079833984,-50.5524457808464,-24.2166422866958
59.3191266059875,-50.552347300587,-24.2166419972716
53.5628736019135,-50.5522488203291,-24.2166417077837
59.6950054168701,-50.5521503400728,-24.2166414182322
65.3132259845734,-50.552051859818,-24.216641128617
64.6206974983215,-50.5519533795648,-24.2166408389381
77.0313858985901,-50.5518548993132,-24.2166405491956
83.9800715446472,-50.5517564190631,-24.2166402593893
84.7548127174377,-50.5516579388145,-24.2166399695194
89.8280203342438,-50.5515594585675,-24.2166396795858
87.8683090209961,-50.5514609783221,-24.2166393895886
85.1821660995483,-50.5513721944451,-24.2166434281196
81.0708820819855,-50.5537119118173,-24.2167215117252
78.6536395549774,-50.5536272293582,-24.2167360723808
70.0503349304199,-50.5535287490181,-24.2167357837263
66.716057062149,-50.5534302686723,-24.2167354950013
60.051167011261,-50.5533317883279,-24.2167352062126
69.0167427062988,-50.5532333079851,-24.2167349173603
73.4818935394287,-50.5531348276439,-24.2167346284443
73.2625484466553,-50.5530363473042,-24.2167343394646
64.4087195396423,-50.5529378669661,-24.2167340504212
75.3893077373505,-50.5528393866295,-24.2167337613142
64.2414450645447,-50.5527409062944,-24.2167334721435
59.140807390213,-50.5526424259609,-24.2167331829091
53.6708354949951,-50.552543945629,-24.216732893611
60.0142598152161,-50.5524454652986,-24.2167326042493
62.4539732933044,-50.5523469849698,-24.2167323148239
50.1735687255859,-50.5522485046425,-24.2167320253348
35.0663244724274,-50.5521500243167,-24.2167317357821
28.622180223465,-50.5520515439925,-24.2167314461657
52.299952507019,-50.5519530636699,-24.2167311564856
61.3825500011444,-50.5518545833488,-24.2167308667418
71.0013747215271,-50.5517561030293,-24.2167305769343
80.8395862579346,-50.5516576227113,-24.2167302870632
91.0995304584503,-50.5515591423949,-24.2167299971284
92.1499013900757,-50.55146066208,-24.21672970713
83.0897092819214,-50.5513621817667,-24.2167294170678
79.50679063797,-50.5535282561353,-24.2168259365264
70.7922101020813,-50.5534299538172,-24.2168258125659
58.6786150932312,-50.5533314734034,-24.216825523776
50.188547372818,-50.5532329929912,-24.2168252349224
68.4575974941254,-50.5531345125806,-24.2168249460052
75.2375662326813,-50.5530360321714,-24.2168246570243
62.0921611785889,-50.5529375517639,-24.2168243679797
65.2785181999207,-50.5528390713578,-24.2168240788715
64.0636563301086,-50.5527405909534,-24.2168237896996
52.833092212677,-50.5526421105505,-24.216823500464
56.6350281238556,-50.5525436301491,-24.2168232111647
59.8652958869934,-50.5524451497493,-24.2168229218018
47.3548769950867,-50.552346669351,-24.2168226323751
54.3908715248108,-50.5522481889543,-24.2168223428848
46.825760602951,-50.5521497085591,-24.2168220533309
16.6269063949585,-50.5520512281655,-24.2168217637132
16.8523862957954,-50.5519527477734,-24.2168214740319
38.9088600873947,-50.5518542673829,-24.2168211842869
74.5392799377441,-50.551755786994,-24.2168208944783
72.9610323905945,-50.5516573066066,-24.2168206046059
81.7539811134338,-50.5515588262207,-24.2168203146699
88.1966531276703,-50.5514603458364,-24.2168200246702
82.3281824588776,-50.5513618654537,-24.2168197346069
84.8035156726837,-50.5512781653049,-24.2168244695204
78.5574555397034,-50.5534292844099,-24.2169158017622
60.1968169212341,-50.5533311584774,-24.2169158413383
57.5040102005005,-50.5532326779958,-24.2169155524835
65.6045973300934,-50.5531341975157,-24.2169152635651
70.5832839012146,-50.5530357170371,-24.216914974583
56.1990261077881,-50.5529372365601,-24.2169146855372
45.4396814107895,-50.5528387560847,-24.2169143964277
46.6529905796051,-50.5527402756108,-24.2169141072546
55.8565735816956,-50.5526417951384,-24.2169138180178
63.6543035507202,-50.5525433146676,-24.2169135287173
56.8897128105164,-50.5524448341984,-24.2169132393531
51.3134837150574,-50.5523463537307,-24.2169129499253
58.0754101276398,-50.5522478732645,-24.2169126604338
49.4558036327362,-50.5521493927999,-24.2169123708786
21.141029894352,-50.5520509123369,-24.2169120812597
32.8814715147018,-50.5519524318754,-24.2169117915772
59.5127463340759,-50.5518539514155,-24.216911501831
61.5612328052521,-50.5517554709571,-24.2169112120211
65.9507691860199,-50.5516569905002,-24.2169109221476
70.6883728504181,-50.551558510045,-24.2169106322104
84.3475461006165,-50.5514600295912,-24.2169103422094
97.7267682552338,-50.5513615491391,-24.2169100521449
88.3114516735077,-50.5512636061424,-24.21691021335
66.2485480308533,-50.5533302582901,-24.2170056162389
53.8494229316711,-50.5532323629988,-24.2170058700435
75.1600980758667,-50.5531338824492,-24.2170055811239
67.1374201774597,-50.5530354019013,-24.2170052921406
63.791036605835,-50.5529369213548,-24.2170050030936
53.6984801292419,-50.55283844081,-24.2170047139829
44.93448138237,-50.5527399602666,-24.2170044248085
55.2815794944763,-50.5526414797248,-24.2170041355705
64.9054050445557,-50.5525429991846,-24.2170038462688
59.9929571151733,-50.5524445186459,-24.2170035569034
49.7883766889572,-50.5523460381088,-24.2170032674744
43.7992513179779,-50.5522475575732,-24.2170029779817
18.1111410260201,-50.5521490770392,-24.2170026884253
26.0977506637573,-50.5520505965067,-24.2170023988052
49.7430205345154,-50.5519521159758,-24.2170021091214
60.3595018386841,-50.5518536354464,-24.217001819374
57.3086500167847,-50.5517551549186,-24.2170015295629
67.7896976470947,-50.5516566743924,-24.2170012396881
72.9053735733032,-50.5515581938677,-24.2170009497497
78.9602339267731,-50.5514597133445,-24.2170006597476
91.5518999099731,-50.5513612328229,-24.2170003696818
88.562023639679,-50.5512627523029,-24.2170000795523
92.1201884746552,-50.5532311812654,-24.2170953829786
79.7107040882111,-50.5531335673813,-24.2170958986816
66.5976524353027,-50.5530350867638,-24.2170956096971
65.0805830955505,-50.552936606148,-24.2170953206489
45.5971539020538,-50.5528381255337,-24.217095031537
61.7946028709412,-50.5527396449209,-24.2170947423614
61.9065403938293,-50.5526411643097,-24.2170944531222
65.4256939888,-50.5525426837001,-24.2170941638192
57.5088143348694,-50.552444203092,-24.2170938744527
37.0296478271484,-50.5523457224854,-24.2170935850224
40.0916367769241,-50.5522472418804,-24.2170932955284
17.4303203821182,-50.5521487612769,-24.2170930059708
18.8865780830383,-50.552050280675,-24.2170927163495
51.4629006385803,-50.5519518000747,-24.2170924266646
50.1375794410706,-50.5518533194759,-24.2170921369159
59.5921158790588,-50.5517548388786,-24.2170918471036
59.9012851715088,-50.551656358283,-24.2170915572276
68.0915713310242,-50.5515578776888,-24.217091267288
85.0376844406128,-50.5514593970962,-24.2170909772846
89.9031817913055,-50.5513609165052,-24.2170906872176
89.6400630474091,-50.5512624359157,-24.2170903970869
69.316291809082,-50.5531320564724,-24.2171851046656
65.5097365379333,-50.5530347716249,-24.2171859272525
60.169792175293,-50.5529362909396,-24.2171856382031
59.51047539711,-50.5528378102559,-24.21718534909
67.6138460636139,-50.5527393295737,-24.2171850599132
64.2917990684509,-50.552640848893,-24.2171847706727
56.2526941299438,-50.5525423682139,-24.2171844813686
40.5142903327942,-50.5524438875364,-24.2171841920008
34.2216432094574,-50.5523454068604,-24.2171839025693
51.2228965759277,-50.552246926186,-24.2171836130742
43.0137574672699,-50.5521484455131,-24.2171833235153
45.6134647130966,-50.5520499648418,-24.2171830338928
57.591986656189,-50.551951484172,-24.2171827442067
54.4322311878204,-50.5518530035038,-24.2171824544568
73.1420755386353,-50.5517545228371,-24.2171821646433
64.8189306259155,-50.551656042172,-24.2171818747661
67.4114584922791,-50.5515575615084,-24.2171815848252
81.6720247268677,-50.5514590808464,-24.2171812948206
88.6000335216522,-50.5513606001859,-24.2171810047524
87.6812875270844,-50.551262119527,-24.2171807146205
89.5366728305817,-50.553032886728,-24.2172747836739
65.1962280273438,-50.5529359757297,-24.2172759557562
67.9234385490417,-50.5528374949765,-24.2172756666419
66.831910610199,-50.5527390142249,-24.2172753774639
55.711841583252,-50.5526405334748,-24.2172750882222
51.9842922687531,-50.5525420527263,-24.2172747989169
56.5583825111389,-50.5524435719793,-24.2172745095479
58.8685870170593,-50.5523450912339,-24.2172742201152
55.2190899848938,-50.55224661049,-24.2172739306188
41.6142851114273,-50.5521481297477,-24.2172736410588
57.3507606983185,-50.552049649007,-24.217273351435
67.8744912147522,-50.5519511682678,-24.2172730617476
65.7796502113342,-50.5518526875301,-24.2172727719966
68.8347935676575,-50.551754206794,-24.2172724821818
71.6888070106506,-50.5516557260595,-24.2172721923034
82.396799325943,-50.5515572453264,-24.2172719023613
79.9276530742645,-50.551458764595,-24.2172716123555
84.8110675811768,-50.5513602838651,-24.2172713222861
85.5479300022125,-50.5512618031368,-24.217271032153
93.0676877498627,-50.5529336745573,-24.2173644220882
98.0879962444305,-50.5528371796956,-24.2173659841927
75.1258492469788,-50.5527386988745,-24.2173656950135
61.6671442985535,-50.552640218055,-24.2173654057707
68.3432579040527,-50.5525417372371,-24.2173651164641
63.0999624729156,-50.5524432564207,-24.2173648270939
53.8794755935669,-50.5523447756058,-24.21736453766
48.9236354827881,-50.5522462947925,-24.2173642481624
41.3775980472565,-50.5521478139808,-24.2173639586011
54.4652938842773,-50.5520493331706,-24.2173636689762
68.3876037597656,-50.551950852362,-24.2173633792876
69.5432245731354,-50.5518523715549,-24.2173630895353
65.6520903110504,-50.5517538907493,-24.2173627997193
71.4372098445892,-50.5516554099454,-24.2173625098397
82.2168469429016,-50.5515569291429,-24.2173622198964
80.3183853626251,-50.5514584483421,-24.2173619298894
77.4889469146729,-50.5513599675428,-24.2173616398187
81.6344201564789,-50.551261486745,-24.2173613496844
84.1518223285675,-50.5528335933318,-24.2174530813121
69.463449716568,-50.5527383835226,-24.2174560125621
72.4629044532776,-50.5526399026337,-24.217455723318
79.8194408416748,-50.5525414217463,-24.2174554340102
74.9184846878052,-50.5524429408605,-24.2174551446388
68.8285827636719,-50.5523444599762,-24.2174548552037
48.6831426620483,-50.5522459790935,-24.2174545657049
53.4143924713135,-50.5521474982123,-24.2174542761424
63.4471476078033,-50.5520490173327,-24.2174539865162
67.3515439033508,-50.5519505364546,-24.2174536968264
68.1004166603088,-50.5518520555781,-24.2174534070729
72.1157312393188,-50.5517535747031,-24.2174531172557
73.457133769989,-50.5516550938297,-24.2174528273749
81.3051104545593,-50.5515566129579,-24.2174525374303
83.2987308502197,-50.5514581320876,-24.2174522474221
83.2191526889801,-50.5513596512188,-24.2174519573502
90.3118252754211,-50.5512615725408,-24.217451327296
85.0657105445862,-50.5527322398648,-24.2175403435301
83.5390150547028,-50.5526395872108,-24.2175460408643
75.8217215538025,-50.552541106254,-24.2175457515553
74.6990621089935,-50.5524426252987,-24.2175454621826
65.7963752746582,-50.552344144345,-24.2175451727463
63.4148597717285,-50.5522456633929,-24.2175448832463
67.5242781639099,-50.5521471824423,-24.2175445936826
68.2574450969696,-50.5520487014932,-24.2175443040552
66.5541768074036,-50.5519502205457,-24.2175440143642
74.767678976059,-50.5518517395998,-24.2175437246095
66.7396903038025,-50.5517532586554,-24.2175434347911
68.597412109375,-50.5516547777125,-24.217543144909
83.3943724632263,-50.5515562967713,-24.2175428549632
84.5793724060059,-50.5514578158315,-24.2175425649538
75.2091467380524,-50.5513593348933,-24.2175422748807
85.4376018047333,-50.5512754558499,-24.2175368365879
87.2858643531799,-50.5526304817918,-24.2176267557418
83.9133322238922,-50.5525407907601,-24.2176360690993
87.3110175132751,-50.5524423097354,-24.2176357797254
84.539121389389,-50.5523438287123,-24.2176354902879
77.1985650062561,-50.5522453476907,-24.2176352007866
66.4353966712952,-50.5521468666707,-24.2176349112217
67.719578742981,-50.5520483856522,-24.2176346215931
69.1204309463501,-50.5519499046353,-24.2176343319009
82.0900142192841,-50.5518514236199,-24.2176340421449
82.8442513942719,-50.5517529426061,-24.2176337523253
81.7398726940155,-50.5516544615938,-24.217633462442
84.5962285995483,-50.5515559805831,-24.2176331724951
83.299458026886,-50.5514574995739,-24.2176328824844
73.0624258518219,-50.5513593502906,-24.2176323036752
85.9026193618774,-50.5525285148296,-24.2177119742891
85.8400285243988,-50.5524419941706,-24.2177260972671
90.9953057765961,-50.552343513078,-24.2177258078283
84.6184015274048,-50.552245031987,-24.2177255183259
81.2808334827423,-50.5521465508975,-24.2177252287598
76.0149300098419,-50.5520480698096,-24.21772493913
71.8511462211609,-50.5519495887233,-24.2177246494365
79.3077707290649,-50.5518511076385,-24.2177243596793
82.462751865387,-50.5517526265552,-24.2177240698585
86.3032519817352,-50.5516541454735,-24.217723779974
86.5490257740021,-50.5515556643933,-24.2177234900258
79.124927520752,-50.5514571833148,-24.217723200014
92.9443717002869,-50.5513754801742,-24.2177156715242
84.446257352829,-50.5523426007513,-24.2178155631353
83.6962938308716,-50.5522447162817,-24.2178158358641
83.8296353816986,-50.5521462351229,-24.2178155462968
82.6521396636963,-50.5520477539655,-24.2178152566657
82.0087969303131,-50.5519492728097,-24.217814966971
78.7652790546417,-50.5518507916555,-24.2178146772127
80.2828252315521,-50.5517523105028,-24.2178143873906
83.3915174007416,-50.5516538293516,-24.2178140975049
87.1073424816132,-50.5515553482021,-24.2178138075555
88.5864675045013,-50.5514596513627,-24.2178113754892
82.4847459793091,-50.5522422280452,-24.2179040506681
88.3736252784729,-50.5521459193466,-24.2179058638327
85.46342253685,-50.5520474381198,-24.2179055742004
84.1996729373932,-50.5519489568946,-24.2179052845045
80.4162621498108,-50.5518504756709,-24.2179049947449
80.5515170097351,-50.5517519944488,-24.2179047049217
83.3832740783691,-50.5516535132282,-24.2179044150347
94.1271722316742,-50.5515550320092,-24.2179041250841
73.0679094791412,-50.5521411527819,-24.2179917163217
83.9608609676361,-50.5520471222726,-24.217995891734
83.3448052406311,-50.5519486409779,-24.2179956020369
83.3014845848083,-50.5518501596848,-24.2179953122761
83.215057849884,-50.5517516783933,-24.2179950224516
83.2802891731262,-50.5516531971033,-24.2179947325635
99.4526982307434,-50.55156829659,-24.2179848820336
92.2226250171661,-50.5520395798321,-24.2180785848541
81.3605308532715,-50.5519483250597,-24.2180859195682
85.1872205734253,-50.5518498436972,-24.2180856298062
83.4139764308929,-50.5517513623362,-24.2180853399805
89.5853519439697,-50.5516610458475,-24.2180786601183
73.1017827987671,-50.5519376912531,-24.2181644899417
86.430561542511,-50.551849527708,-24.2181759473353
87.9222810268402,-50.5517552878764,-24.2181721134351
