"STAND","ESPACAMENT","ESPECIE","IDADE","DATE_S2","NDVI_avg","NDVI_sd","NDVI_min","NDVI_max","MONTH","NDVI_ref"
"ARROIOXAVIER024B",6,"benthamii",6,"2019-01-28",0.876809782038822,0.0916484698401576,-0.234999999403954,0.985195159912109,1,0.823395115852702
"ARROIOXAVIER024B",6,"benthamii",6,"2019-02-22",0.894560852030684,0.0807987928091968,-0.178294569253922,0.998457968235016,2,0.823395115852702
"ARROIOXAVIER024B",6,"benthamii",6,"2019-03-24",0.879314957360512,0.0757921248857556,0.084423303604126,0.993265986442566,3,0.823395115852702
"ARROIOXAVIER024B",6,"benthamii",6,"2019-05-18",0.912182070281785,0.117489208565066,-0.566607475280762,0.999173581600189,5,0.823395115852702
"ARROIOXAVIER024B",6,"benthamii",6,"2019-07-07",0.908184746846501,0.113234198608936,-0.609254479408264,0.999296545982361,7,0.823395115852702
"ARROIOXAVIER024B",6,"benthamii",6,"2019-08-06",0.856503662875494,0.1171616140244,-0.429090917110443,0.981776773929596,8,0.823395115852702
"ARROIOXAVIER024B",6,"benthamii",6,"2019-09-30",0.814975859757038,0.101747034405862,-0.202597409486771,0.921842277050018,9,0.823395115852702
"ARROIOXAVIER024B",6,"benthamii",7,"2019-11-29",0.866340945507483,0.0930346015886067,-0.0851485133171082,0.954320967197418,11,0.817107101276153
"ARROIOXAVIER024B",6,"benthamii",7,"2019-12-04",0.484574403205789,0.289814077513769,0.0102643854916096,0.958727419376373,12,0.817107101276153
"ARROIOXAVIER024B",6,"benthamii",7,"2019-12-09",0.854216073719277,0.0959936994239917,-0.0452127642929554,0.934505760669708,12,0.817107101276153
"ARROIOXAVIER024B",6,"benthamii",7,"2019-12-24",0.866857758984271,0.101130824810173,-0.0112359551712871,0.97330367565155,12,0.817107101276153
"ARROIOXAVIER024B",6,"benthamii",7,"2020-02-02",0.868649303004422,0.091377392075336,0.00459418073296547,0.94947874546051,2,0.817107101276153
"ARROIOXAVIER024B",6,"benthamii",7,"2020-03-08",0.868374287754038,0.0851230288594448,0.225986078381538,0.957259595394135,3,0.817107101276153
"ARROIOXAVIER024B",6,"benthamii",7,"2020-04-07",0.894005737467455,0.080681223008117,0.252127647399902,0.997432589530945,4,0.817107101276153
"ARROIOXAVIER024B",6,"benthamii",7,"2020-05-02",0.816248578323951,0.177225621503454,0.109523423016071,0.984819710254669,5,0.817107101276153
"ARROIOXAVIER024B",6,"benthamii",7,"2020-05-07",0.893158252838538,0.0863225287513583,0.248220220208168,0.998231649398804,5,0.817107101276153
"ARROIOXAVIER024B",6,"benthamii",7,"2020-05-17",0.894342812024661,0.0948166930721245,0.196955278515816,0.998411417007446,5,0.817107101276153
"ARROIOXAVIER024B",6,"benthamii",7,"2020-05-27",0.913800512646972,0.0949770382463479,0.204233825206757,0.999328434467316,5,0.817107101276153
"ARROIOXAVIER024B",6,"benthamii",7,"2020-07-26",0.903135821291885,0.112359199613291,-0.414634138345718,0.999269008636475,7,0.817107101276153
"ARROIOXAVIER024B",6,"benthamii",7,"2020-07-31",0.893746518088126,0.097429504608254,-0.167247384786606,0.998859107494354,7,0.817107101276153
"ARROIOXAVIER024B",6,"benthamii",7,"2020-08-05",0.872097857921453,0.0958965676940702,0.0574443154036999,0.995633184909821,8,0.817107101276153
"ARROIOXAVIER024B",6,"benthamii",7,"2020-08-10",0.859923637339133,0.0982639027051302,0.0705313980579376,0.995604395866394,8,0.817107101276153
"ARROIOXAVIER024B",6,"benthamii",7,"2020-10-19",0.824962235478735,0.115029581855126,-0.216699793934822,0.923329710960388,10,0.817107101276153
"ARROIOXAVIER024B",6,"benthamii",8,"2020-11-23",0.853503839038119,0.088281050041442,0.150987222790718,0.937395215034485,11,0.788368372584712
"ARROIOXAVIER024B",6,"benthamii",8,"2020-12-18",0.876074973996677,0.0817311580818545,-0.208633095026016,0.965841174125671,12,0.788368372584712
"ARROIOXAVIER024B",6,"benthamii",8,"2020-12-23",0.880431470182234,0.0698135024671792,0.243064731359482,0.957507073879242,12,0.788368372584712
"ARROIOXAVIER024B",6,"benthamii",8,"2021-01-02",0.882982465000786,0.0740765330634803,0.210992902517319,0.969732224941254,1,0.788368372584712
"ARROIOXAVIER024B",6,"benthamii",8,"2021-03-13",0.892327247994462,0.0738481754217148,0.207692310214043,0.974468111991882,3,0.788368372584712
"ARROIOXAVIER024B",6,"benthamii",8,"2021-04-07",0.89318355099475,0.072805960278871,-0.0883882120251656,0.995623648166656,4,0.788368372584712
"ARROIOXAVIER024B",6,"benthamii",8,"2021-04-27",0.904933536123095,0.0738551482128116,0.309066832065582,0.998851239681244,4,0.788368372584712
"ARROIOXAVIER024B",6,"benthamii",8,"2021-05-02",0.885895591127255,0.0788899416210396,0.264534085988998,0.990491271018982,5,0.788368372584712
"ARROIOXAVIER024B",6,"benthamii",8,"2021-05-07",0.903286886084388,0.0737432385267299,0.341392248868942,0.998671114444733,5,0.788368372584712
"ARROIOXAVIER024B",6,"benthamii",8,"2021-05-12",0.919832124073676,0.0776732576122338,0.107776261866093,0.999277174472809,5,0.788368372584712
"ARROIOXAVIER024B",6,"benthamii",8,"2021-05-27",0.905829976201157,0.0815561748270676,0.22872032225132,0.999103963375092,5,0.788368372584712
"ARROIOXAVIER024B",6,"benthamii",8,"2021-07-31",0.894878591287212,0.110915575755287,-0.434052765369415,0.998993456363678,7,0.788368372584712
"ARROIOXAVIER024B",6,"benthamii",9,"2021-11-08",0.843480328409258,0.104176294507682,0.0193321611732244,0.931291997432709,11,0.683459647171441
"ARROIOXAVIER024B",6,"benthamii",9,"2021-12-28",0.864777726273403,0.101187081791136,0.216925546526909,0.9632248878479,12,0.683459647171441
"ARROIOXAVIER024B",6,"benthamii",9,"2022-01-12",0.864991324729897,0.0890417955249179,0.278985500335693,0.947145879268646,1,0.683459647171441
"ARROIOXAVIER024B",6,"benthamii",9,"2022-02-11",0.515821891289244,0.0531671412518943,0.150863289833069,0.664765596389771,2,0.683459647171441
"ARROIOXAVIER024B",6,"benthamii",9,"2022-02-16",0.533354636564356,0.0531021180957242,0.189983665943146,0.689725756645203,2,0.683459647171441
"ARROIOXAVIER024B",6,"benthamii",9,"2022-02-26",0.511172332518402,0.0535578033258859,0.223382040858269,0.673151731491089,2,0.683459647171441
"ARROIOXAVIER024D",6,"benthamii",6,"2019-01-28",0.893949667425392,0.0627809585190772,0.695525288581848,0.927952885627747,1,0.823395115852702
"ARROIOXAVIER024D",6,"benthamii",6,"2019-02-22",0.911605092629767,0.051414261322505,0.715802192687988,0.944023728370667,2,0.823395115852702
"ARROIOXAVIER024D",6,"benthamii",6,"2019-03-24",0.84347841479863,0.051174027281024,0.673689126968384,0.91295999288559,3,0.823395115852702
"ARROIOXAVIER024D",6,"benthamii",6,"2019-05-18",0.905519572678821,0.057681238506149,0.709487318992615,0.965181052684784,5,0.823395115852702
"ARROIOXAVIER024D",6,"benthamii",6,"2019-07-07",0.916586541595194,0.0405935049943624,0.770843267440796,0.956444144248962,7,0.823395115852702
"ARROIOXAVIER024D",6,"benthamii",6,"2019-08-06",0.864204719667273,0.0699055821456892,0.627932667732239,0.910621345043182,8,0.823395115852702
"ARROIOXAVIER024D",6,"benthamii",6,"2019-09-30",0.829530618041523,0.0847057531748549,0.51897406578064,0.877786934375763,9,0.823395115852702
"ARROIOXAVIER024D",6,"benthamii",7,"2019-11-29",0.85218624965485,0.0879513676619054,0.615515172481537,0.912005960941315,11,0.817107101276153
"ARROIOXAVIER024D",6,"benthamii",7,"2019-12-04",0.763397042920822,0.0747462993297523,0.588594675064087,0.8640296459198,12,0.817107101276153
"ARROIOXAVIER024D",6,"benthamii",7,"2019-12-09",0.846749658562485,0.0939435296658656,0.549584746360779,0.899558901786804,12,0.817107101276153
"ARROIOXAVIER024D",6,"benthamii",7,"2019-12-24",0.865850799013695,0.0821235527607982,0.5888671875,0.912574827671051,12,0.817107101276153
"ARROIOXAVIER024D",6,"benthamii",7,"2020-02-02",0.891549608945109,0.0458926069236943,0.684210538864136,0.918446600437164,2,0.817107101276153
"ARROIOXAVIER024D",6,"benthamii",7,"2020-03-08",0.86374045113876,0.0692879944353874,0.618742287158966,0.910226106643677,3,0.817107101276153
"ARROIOXAVIER024D",6,"benthamii",7,"2020-04-07",0.903237023346207,0.0398172866252775,0.735095620155334,0.932692289352417,4,0.817107101276153
"ARROIOXAVIER024D",6,"benthamii",7,"2020-05-02",0.894725858529532,0.0378749449113546,0.722751319408417,0.922870576381683,5,0.817107101276153
"ARROIOXAVIER024D",6,"benthamii",7,"2020-05-07",0.900255820694073,0.0354489478446611,0.747041821479797,0.93313068151474,5,0.817107101276153
"ARROIOXAVIER024D",6,"benthamii",7,"2020-05-17",0.89468020236658,0.0401819281593237,0.749334752559662,0.933501958847046,5,0.817107101276153
"ARROIOXAVIER024D",6,"benthamii",7,"2020-05-27",0.916243368635959,0.0282294366014194,0.804752349853516,0.95225465297699,5,0.817107101276153
"ARROIOXAVIER024D",6,"benthamii",7,"2020-07-26",0.916426326926377,0.0337274107462061,0.775086522102356,0.950933694839478,7,0.817107101276153
"ARROIOXAVIER024D",6,"benthamii",7,"2020-07-31",0.903793976655146,0.0389436308199174,0.742164075374603,0.938515901565552,7,0.817107101276153
"ARROIOXAVIER024D",6,"benthamii",7,"2020-08-05",0.887194139272021,0.0347377031343714,0.761514544487,0.915492951869965,8,0.817107101276153
"ARROIOXAVIER024D",6,"benthamii",7,"2020-08-10",0.870412451222286,0.0622765786316052,0.680719792842865,0.916460156440735,8,0.817107101276153
"ARROIOXAVIER024D",6,"benthamii",7,"2020-10-19",0.845311416918196,0.0552521983763999,0.635883927345276,0.881975114345551,10,0.817107101276153
"ARROIOXAVIER024D",6,"benthamii",8,"2020-11-23",0.836587279786283,0.0825849239300323,0.650485455989838,0.897108495235443,11,0.788368372584712
"ARROIOXAVIER024D",6,"benthamii",8,"2020-12-18",0.868595941855329,0.0641097273833873,0.686255931854248,0.913962841033936,12,0.788368372584712
"ARROIOXAVIER024D",6,"benthamii",8,"2020-12-23",0.862127634122899,0.0719083625204252,0.695428729057312,0.910823702812195,12,0.788368372584712
"ARROIOXAVIER024D",6,"benthamii",8,"2021-01-02",0.861134233255475,0.0808314866901001,0.636818408966064,0.913292706012726,1,0.788368372584712
"ARROIOXAVIER024D",6,"benthamii",8,"2021-03-13",0.893197505238251,0.0304563057794382,0.808004200458527,0.922385931015015,3,0.788368372584712
"ARROIOXAVIER024D",6,"benthamii",8,"2021-04-07",0.914564000169129,0.00937600892493606,0.882621467113495,0.929223716259003,4,0.788368372584712
"ARROIOXAVIER024D",6,"benthamii",8,"2021-04-27",0.918346609048534,0.0103578986613832,0.897263824939728,0.932359099388123,4,0.788368372584712
"ARROIOXAVIER024D",6,"benthamii",8,"2021-05-02",0.90028940441988,0.0176647080235511,0.846547305583954,0.92329204082489,5,0.788368372584712
"ARROIOXAVIER024D",6,"benthamii",8,"2021-05-07",0.916647926392106,0.00807070343047901,0.898009300231934,0.929300844669342,5,0.788368372584712
"ARROIOXAVIER024D",6,"benthamii",8,"2021-05-12",0.923435231983386,0.014792131191276,0.882247447967529,0.943143784999847,5,0.788368372584712
"ARROIOXAVIER024D",6,"benthamii",8,"2021-05-27",0.921288341421985,0.0140113690667503,0.878625154495239,0.946072697639465,5,0.788368372584712
"ARROIOXAVIER024D",6,"benthamii",8,"2021-07-31",0.912455294406764,0.013649854498836,0.870643973350525,0.931084513664246,7,0.788368372584712
"ARROIOXAVIER024D",6,"benthamii",9,"2021-11-08",0.849683248462412,0.0526945364491202,0.711162269115448,0.896353185176849,11,0.683459647171441
"ARROIOXAVIER024D",6,"benthamii",9,"2021-12-28",0.84139728969916,0.0826716198753092,0.63205361366272,0.897035896778107,12,0.683459647171441
"ARROIOXAVIER024D",6,"benthamii",9,"2022-01-12",0.856171559126705,0.0613767290759492,0.627972841262817,0.899960279464722,1,0.683459647171441
"ARROIOXAVIER024D",6,"benthamii",9,"2022-02-11",0.498624380934736,0.0169489326370826,0.466049373149872,0.545235872268677,2,0.683459647171441
"ARROIOXAVIER024D",6,"benthamii",9,"2022-02-16",0.516287348485067,0.0194188601170114,0.472309112548828,0.567232251167297,2,0.683459647171441
"ARROIOXAVIER024D",6,"benthamii",9,"2022-02-26",0.496083861202508,0.0187139039465766,0.450988233089447,0.541353404521942,2,0.683459647171441
"ARROIOXAVIER025B",6,"benthamii",6,"2019-01-28",0.882336421237217,0.0731492534749622,0.360296607017517,0.955440759658813,1,0.823395115852702
"ARROIOXAVIER025B",6,"benthamii",6,"2019-02-22",0.894138438287206,0.075674842878064,0.400488406419754,0.963001728057861,2,0.823395115852702
"ARROIOXAVIER025B",6,"benthamii",6,"2019-03-24",0.89087711287921,0.075473361964077,0.497519850730896,0.963509976863861,3,0.823395115852702
"ARROIOXAVIER025B",6,"benthamii",6,"2019-05-18",0.904229397541483,0.100400013938812,0.272453963756561,0.998741328716278,5,0.823395115852702
"ARROIOXAVIER025B",6,"benthamii",6,"2019-07-07",0.901885233143729,0.0938806452714041,0.453618764877319,0.999009430408478,7,0.823395115852702
"ARROIOXAVIER025B",6,"benthamii",6,"2019-08-06",0.860493492790831,0.102201374989398,0.405172407627106,0.954645216464996,8,0.823395115852702
"ARROIOXAVIER025B",6,"benthamii",6,"2019-09-30",0.8199534631418,0.125674179529515,0.198416620492935,0.925322473049164,9,0.823395115852702
"ARROIOXAVIER025B",6,"benthamii",7,"2019-11-29",0.86261217292142,0.107591425754443,0.237590357661247,0.941328704357147,11,0.817107101276153
"ARROIOXAVIER025B",6,"benthamii",7,"2019-12-04",0.809620591864987,0.145828736420644,0.213524773716927,0.933216154575348,12,0.817107101276153
"ARROIOXAVIER025B",6,"benthamii",7,"2019-12-09",0.844003474473022,0.125644135148544,0.218402966856956,0.930925369262695,12,0.817107101276153
"ARROIOXAVIER025B",6,"benthamii",7,"2019-12-24",0.85541648158958,0.129973984013469,0.226016253232956,0.957621335983276,12,0.817107101276153
"ARROIOXAVIER025B",6,"benthamii",7,"2020-02-02",0.872599772120523,0.0781077508919881,0.428053468465805,0.942073166370392,2,0.817107101276153
"ARROIOXAVIER025B",6,"benthamii",7,"2020-03-08",0.847031630232366,0.126285005238843,0.25,0.951164722442627,3,0.817107101276153
"ARROIOXAVIER025B",6,"benthamii",7,"2020-04-07",0.874525924044627,0.115721758560278,0.346707373857498,0.967157423496246,4,0.817107101276153
"ARROIOXAVIER025B",6,"benthamii",7,"2020-05-02",0.779908191773713,0.166548866243754,0.181297898292542,0.959740281105042,5,0.817107101276153
"ARROIOXAVIER025B",6,"benthamii",7,"2020-05-07",0.872798950282732,0.118519376004156,0.354136854410172,0.970055162906647,5,0.817107101276153
"ARROIOXAVIER025B",6,"benthamii",7,"2020-05-17",0.874448363536408,0.126535378174199,0.323943674564362,0.998122036457062,5,0.817107101276153
"ARROIOXAVIER025B",6,"benthamii",7,"2020-05-27",0.890544446262351,0.124098845389834,0.3039171397686,0.998964250087738,5,0.817107101276153
"ARROIOXAVIER025B",6,"benthamii",7,"2020-07-26",0.886007938325857,0.124873039810023,0.301740109920502,0.998355269432068,7,0.817107101276153
"ARROIOXAVIER025B",6,"benthamii",7,"2020-07-31",0.876706362241474,0.124499681127775,0.287547171115875,0.998027622699738,7,0.817107101276153
"ARROIOXAVIER025B",6,"benthamii",7,"2020-08-05",0.862764067163934,0.120948101730405,0.267774075269699,0.959651529788971,8,0.817107101276153
"ARROIOXAVIER025B",6,"benthamii",7,"2020-08-10",0.857326834924991,0.121679381189281,0.238464027643204,0.967142879962921,8,0.817107101276153
"ARROIOXAVIER025B",6,"benthamii",7,"2020-10-19",0.822483703661625,0.126595397167636,0.18229167163372,0.958677709102631,10,0.817107101276153
"ARROIOXAVIER025B",6,"benthamii",8,"2020-11-23",0.843777946847175,0.121751287919397,0.225035831332207,0.936352491378784,11,0.788368372584712
"ARROIOXAVIER025B",6,"benthamii",8,"2020-12-18",0.840263022781797,0.134065070312226,0.233226835727692,0.965841174125671,12,0.788368372584712
"ARROIOXAVIER025B",6,"benthamii",8,"2020-12-23",0.865490114440133,0.100593091405081,0.255003541707993,0.94623339176178,12,0.788368372584712
"ARROIOXAVIER025B",6,"benthamii",8,"2021-01-02",0.86906608763113,0.103418280529102,0.304170906543732,0.948717951774597,1,0.788368372584712
"ARROIOXAVIER025B",6,"benthamii",8,"2021-03-13",0.890320965451185,0.0740197112216013,0.399558484554291,0.967308819293976,3,0.788368372584712
"ARROIOXAVIER025B",6,"benthamii",8,"2021-04-07",0.892416433040683,0.0701069427796714,0.426935821771622,0.965517222881317,4,0.788368372584712
"ARROIOXAVIER025B",6,"benthamii",8,"2021-04-27",0.896736603055191,0.0837584379676479,0.390625,0.987546682357788,4,0.788368372584712
"ARROIOXAVIER025B",6,"benthamii",8,"2021-05-02",0.879153758917068,0.0979715007770789,0.258303761482239,0.968527913093567,5,0.788368372584712
"ARROIOXAVIER025B",6,"benthamii",8,"2021-05-07",0.892553561889647,0.0940953006064498,0.310003817081451,0.996884763240814,5,0.788368372584712
"ARROIOXAVIER025B",6,"benthamii",8,"2021-05-12",0.904913403970044,0.100609142025692,0.325599372386932,0.998717963695526,5,0.788368372584712
"ARROIOXAVIER025B",6,"benthamii",8,"2021-05-27",0.891854216625686,0.116476341396752,0.287891626358032,0.998363316059113,5,0.788368372584712
"ARROIOXAVIER025B",6,"benthamii",8,"2021-07-31",0.886430823843571,0.116120969862589,0.272610634565353,0.998206257820129,7,0.788368372584712
"ARROIOXAVIER025B",6,"benthamii",9,"2021-11-08",0.842490089281128,0.121338785019001,0.225839793682098,0.932571113109589,11,0.683459647171441
"ARROIOXAVIER025B",6,"benthamii",9,"2021-12-28",0.860410524548538,0.114595224200919,0.252336442470551,0.952691674232483,12,0.683459647171441
"ARROIOXAVIER025B",6,"benthamii",9,"2022-01-12",0.857769022184388,0.106166408492378,0.312850654125214,0.951329946517944,1,0.683459647171441
"ARROIOXAVIER025B",6,"benthamii",9,"2022-02-11",0.515547524735502,0.0472259068279958,0.287325799465179,0.62829315662384,2,0.683459647171441
"ARROIOXAVIER025B",6,"benthamii",9,"2022-02-16",0.530637573768676,0.0465115967250865,0.281336158514023,0.64901477098465,2,0.683459647171441
"ARROIOXAVIER025B",6,"benthamii",9,"2022-02-26",0.503572986872552,0.0535015641173104,0.243983954191208,0.630808413028717,2,0.683459647171441
"QUEBRACANGA012E",6,"benthamii",5,"2019-02-22",0.833239317498785,0.0422827551154247,0.692976593971252,0.922194540500641,2,0.815889735373787
"QUEBRACANGA012E",6,"benthamii",5,"2019-03-24",0.839008076620992,0.0431361173357688,0.712064862251282,0.919698178768158,3,0.815889735373787
"QUEBRACANGA012E",6,"benthamii",5,"2019-07-07",0.851489055916335,0.0537573812640333,0.646264612674713,0.971204161643982,7,0.815889735373787
"QUEBRACANGA012E",6,"benthamii",5,"2019-07-17",0.823561881568617,0.0582352223846793,0.58067375421524,0.91558039188385,7,0.815889735373787
"QUEBRACANGA012E",6,"benthamii",5,"2019-08-06",0.775382652278893,0.0647998155363932,0.552280068397522,0.882531642913818,8,0.815889735373787
"QUEBRACANGA012E",6,"benthamii",5,"2019-09-25",0.736881815401687,0.0595318596907802,0.53597754240036,0.866666674613953,9,0.815889735373787
"QUEBRACANGA012E",6,"benthamii",5,"2019-09-30",0.721669297365372,0.0589357494239517,0.518966913223267,0.853350162506104,9,0.815889735373787
"QUEBRACANGA012E",6,"benthamii",5,"2019-11-29",0.794475389136299,0.0525388909561403,0.672547221183777,0.913114726543427,11,0.815889735373787
"QUEBRACANGA012E",6,"benthamii",5,"2019-12-04",0.774530523168733,0.0579345764497731,0.651364743709564,0.905940592288971,12,0.815889735373787
"QUEBRACANGA012E",6,"benthamii",5,"2019-12-09",0.768075220968983,0.058262808409304,0.656615376472473,0.903199315071106,12,0.815889735373787
"QUEBRACANGA012E",6,"benthamii",5,"2019-12-24",0.800203396121117,0.0525288509998233,0.680243849754333,0.922938704490662,12,0.815889735373787
"QUEBRACANGA012E",6,"benthamii",5,"2020-01-08",0.738947545000557,0.0429817369804327,0.645652830600739,0.847094774246216,1,0.815889735373787
"QUEBRACANGA012E",6,"benthamii",6,"2020-02-02",0.816748925092823,0.0432953725582563,0.694516956806183,0.909749805927277,2,0.823395115852702
"QUEBRACANGA012E",6,"benthamii",6,"2020-02-27",0.820778539440027,0.0419254767653897,0.712361037731171,0.915123879909515,2,0.823395115852702
"QUEBRACANGA012E",6,"benthamii",6,"2020-03-03",0.81404442041859,0.0425827569070552,0.685279190540314,0.910919547080994,3,0.823395115852702
"QUEBRACANGA012E",6,"benthamii",6,"2020-03-08",0.779206575317348,0.0411919745793352,0.665103793144226,0.874007403850555,3,0.823395115852702
"QUEBRACANGA012E",6,"benthamii",6,"2020-03-23",0.811049035129881,0.0403912775212194,0.691817224025726,0.903701663017273,3,0.823395115852702
"QUEBRACANGA012E",6,"benthamii",6,"2020-04-07",0.838394214567235,0.0396115855513395,0.7118279337883,0.919508457183838,4,0.823395115852702
"QUEBRACANGA012E",6,"benthamii",6,"2020-04-17",0.76289598730043,0.048247459756278,0.629032254219055,0.878459334373474,4,0.823395115852702
"QUEBRACANGA012E",6,"benthamii",6,"2020-05-02",0.824513837022355,0.0410973450915043,0.681024432182312,0.908045947551727,5,0.823395115852702
"QUEBRACANGA012E",6,"benthamii",6,"2020-05-17",0.841190565121866,0.0431585651559875,0.685162365436554,0.933246612548828,5,0.823395115852702
"QUEBRACANGA012E",6,"benthamii",6,"2020-05-27",0.850353576248999,0.0443462784304962,0.684584617614746,0.956006765365601,5,0.823395115852702
"QUEBRACANGA012E",6,"benthamii",6,"2020-07-26",0.820279788014452,0.0592690466132205,0.608178794384003,0.926829278469086,7,0.823395115852702
"QUEBRACANGA012E",6,"benthamii",6,"2020-08-05",0.773864296116202,0.059419680415628,0.541666686534882,0.88095235824585,8,0.823395115852702
"QUEBRACANGA012E",6,"benthamii",6,"2020-08-10",0.704120418164675,0.0552232381370224,0.510277032852173,0.79987907409668,8,0.823395115852702
"QUEBRACANGA012E",6,"benthamii",6,"2020-10-19",0.734569486540791,0.0682912235557852,0.531445384025574,0.891905605792999,10,0.823395115852702
"QUEBRACANGA012E",6,"benthamii",6,"2020-11-23",0.769200667692169,0.0627028019643329,0.63682222366333,0.9124476313591,11,0.823395115852702
"QUEBRACANGA012E",6,"benthamii",6,"2020-12-18",0.785269545149829,0.0581087600933392,0.669032275676727,0.914221227169037,12,0.823395115852702
"QUEBRACANGA012E",6,"benthamii",6,"2020-12-23",0.799979926057605,0.0553519952697125,0.660493850708008,0.922046780586243,12,0.823395115852702
"QUEBRACANGA012E",6,"benthamii",6,"2021-01-02",0.789521541021463,0.056062013938646,0.686390519142151,0.918283104896545,1,0.823395115852702
"QUEBRACANGA012E",6,"benthamii",7,"2021-02-26",0.823870331390394,0.045352353141047,0.721037447452545,0.924318611621857,2,0.817107101276153
"QUEBRACANGA012E",6,"benthamii",7,"2021-04-07",0.825846985445211,0.0412604718349035,0.712426781654358,0.919032871723175,4,0.817107101276153
"QUEBRACANGA012E",6,"benthamii",7,"2021-04-27",0.84307719487917,0.0383990737013957,0.71868759393692,0.932038843631744,4,0.817107101276153
"QUEBRACANGA012E",6,"benthamii",7,"2021-05-02",0.815497164432291,0.0367211801665871,0.695652186870575,0.898021280765533,5,0.817107101276153
"QUEBRACANGA012E",6,"benthamii",7,"2021-05-07",0.849904700090032,0.0375740302948481,0.725763261318207,0.941558420658112,5,0.817107101276153
"QUEBRACANGA012E",6,"benthamii",7,"2021-05-12",0.860261095017271,0.0370578319243255,0.749055206775665,0.960074841976166,5,0.817107101276153
"QUEBRACANGA012E",6,"benthamii",7,"2021-05-27",0.856285811218512,0.0409567222863283,0.725262582302094,0.948286235332489,5,0.817107101276153
"QUEBRACANGA012E",6,"benthamii",7,"2021-07-31",0.819486997462817,0.0483110654833841,0.659621775150299,0.917224586009979,7,0.817107101276153
"QUEBRACANGA012E",6,"benthamii",7,"2021-08-30",0.774190227652207,0.0526332170422639,0.589700996875763,0.890689790248871,8,0.817107101276153
"QUEBRACANGA012E",6,"benthamii",7,"2021-11-08",0.553495428789954,0.189237985023995,0.234497502446175,0.895421981811523,11,0.817107101276153
"QUEBRACANGA012E",6,"benthamii",7,"2021-11-13",0.539067842965473,0.19534466799162,0.170446738600731,0.888742864131927,11,0.817107101276153
"QUEBRACANGA012E",6,"benthamii",7,"2021-12-28",0.577435555039466,0.193887649937609,0.186813190579414,0.909584105014801,12,0.817107101276153
"QUEBRACANGA012E",6,"benthamii",7,"2022-01-12",0.574521751745468,0.18244216947975,0.259084463119507,0.892762660980225,1,0.817107101276153
"QUEBRACANGA012E",6,"benthamii",7,"2022-01-22",0.542305245343142,0.169370820773957,0.234688878059387,0.85265439748764,1,0.817107101276153
"QUEBRACANGA012E",6,"benthamii",8,"2022-02-16",0.38587878108518,0.0934613517006879,0.178988322615623,0.555592954158783,2,0.788368372584712
"QUEBRACANGA012E",6,"benthamii",8,"2022-02-26",0.373511884563676,0.0869967446079079,0.178273901343346,0.537771105766296,2,0.788368372584712
"QUEBRACANGA012F",6,"benthamii",5,"2019-02-22",0.924681047409957,0.00478628687519626,0.910756945610046,0.933300137519836,2,0.815889735373787
"QUEBRACANGA012F",6,"benthamii",5,"2019-03-24",0.926310602428369,0.00470543441962391,0.910918831825256,0.936597943305969,3,0.815889735373787
"QUEBRACANGA012F",6,"benthamii",5,"2019-07-07",0.923009216026575,0.0216807978197685,0.84482079744339,0.986802041530609,7,0.815889735373787
"QUEBRACANGA012F",6,"benthamii",5,"2019-07-17",0.893929185851672,0.0204067638516117,0.838142156600952,0.925722122192383,7,0.815889735373787
"QUEBRACANGA012F",6,"benthamii",5,"2019-08-06",0.865914931231075,0.0229373407496169,0.797112762928009,0.911857306957245,8,0.815889735373787
"QUEBRACANGA012F",6,"benthamii",5,"2019-09-25",0.831707058672184,0.0158876051981545,0.782820105552673,0.857373356819153,9,0.815889735373787
"QUEBRACANGA012F",6,"benthamii",5,"2019-09-30",0.812637052873586,0.0146146810493394,0.778920292854309,0.839416086673737,9,0.815889735373787
"QUEBRACANGA012F",6,"benthamii",5,"2019-11-29",0.897708566082112,0.0151064659099268,0.866199254989624,0.922606945037842,11,0.815889735373787
"QUEBRACANGA012F",6,"benthamii",5,"2019-12-04",0.889979132057892,0.0153578959244497,0.85634708404541,0.916957676410675,12,0.815889735373787
"QUEBRACANGA012F",6,"benthamii",5,"2019-12-09",0.89066064675557,0.0151668096394937,0.867876410484314,0.920000016689301,12,0.815889735373787
"QUEBRACANGA012F",6,"benthamii",5,"2019-12-24",0.914548281690589,0.0120639065731801,0.879989147186279,0.933267533779144,12,0.815889735373787
"QUEBRACANGA012F",6,"benthamii",5,"2020-01-08",0.834984535245615,0.0153433098959715,0.804707050323486,0.866399168968201,1,0.815889735373787
"QUEBRACANGA012F",6,"benthamii",6,"2020-02-02",0.906276271910763,0.00768285392407382,0.888054251670837,0.922444701194763,2,0.823395115852702
"QUEBRACANGA012F",6,"benthamii",6,"2020-02-27",0.912271512814878,0.00497338931410163,0.90010404586792,0.923698842525482,2,0.823395115852702
"QUEBRACANGA012F",6,"benthamii",6,"2020-03-03",0.90776850334656,0.00720341687888915,0.893715143203735,0.923893809318542,3,0.823395115852702
"QUEBRACANGA012F",6,"benthamii",6,"2020-03-08",0.873256778312318,0.00962118578102888,0.851651310920715,0.891915261745453,3,0.823395115852702
"QUEBRACANGA012F",6,"benthamii",6,"2020-03-23",0.902470094011522,0.00687697447873262,0.884828329086304,0.91595196723938,3,0.823395115852702
"QUEBRACANGA012F",6,"benthamii",6,"2020-04-07",0.919049531419152,0.00702607014858311,0.896412432193756,0.931034505367279,4,0.823395115852702
"QUEBRACANGA012F",6,"benthamii",6,"2020-04-17",0.825847703830143,0.0441649066833503,0.705906987190247,0.875375688076019,4,0.823395115852702
"QUEBRACANGA012F",6,"benthamii",6,"2020-05-02",0.914412286896028,0.00911699602913167,0.89089035987854,0.929663598537445,5,0.823395115852702
"QUEBRACANGA012F",6,"benthamii",6,"2020-05-17",0.917692031849313,0.0119613528839587,0.889290690422058,0.945855915546417,5,0.823395115852702
"QUEBRACANGA012F",6,"benthamii",6,"2020-05-27",0.922086358921211,0.0115871956067632,0.902924001216888,0.963898897171021,5,0.823395115852702
"QUEBRACANGA012F",6,"benthamii",6,"2020-07-26",0.915871114182619,0.014869802937411,0.875255644321442,0.938780963420868,7,0.823395115852702
"QUEBRACANGA012F",6,"benthamii",6,"2020-08-05",0.878677270441879,0.0140138502277877,0.835456132888794,0.90082174539566,8,0.823395115852702
"QUEBRACANGA012F",6,"benthamii",6,"2020-08-10",0.804416364877496,0.0226740240452623,0.732903659343719,0.835817337036133,8,0.823395115852702
"QUEBRACANGA012F",6,"benthamii",6,"2020-10-19",0.85369594277883,0.0153911186711487,0.813894212245941,0.87748521566391,10,0.823395115852702
"QUEBRACANGA012F",6,"benthamii",6,"2020-11-23",0.870163548875738,0.0354924139096873,0.806634545326233,0.923006057739258,11,0.823395115852702
"QUEBRACANGA012F",6,"benthamii",6,"2020-12-18",0.890357609442722,0.0237626410653251,0.831048786640167,0.92630922794342,12,0.823395115852702
"QUEBRACANGA012F",6,"benthamii",6,"2020-12-23",0.908143932280349,0.014778716200806,0.875305652618408,0.932776510715485,12,0.823395115852702
"QUEBRACANGA012F",6,"benthamii",6,"2021-01-02",0.905690565571925,0.0163401320500442,0.865245997905731,0.930226862430573,1,0.823395115852702
"QUEBRACANGA012F",6,"benthamii",7,"2021-02-26",0.911702158403249,0.0137200131665759,0.883235156536102,0.934948682785034,2,0.817107101276153
"QUEBRACANGA012F",6,"benthamii",7,"2021-04-07",0.902406375464281,0.0115244475877908,0.866866886615753,0.922242343425751,4,0.817107101276153
"QUEBRACANGA012F",6,"benthamii",7,"2021-04-27",0.911540366497672,0.0122624660322154,0.877569854259491,0.948001563549042,4,0.817107101276153
"QUEBRACANGA012F",6,"benthamii",7,"2021-05-02",0.886728372148893,0.0103638608212171,0.853492319583893,0.905359745025635,5,0.817107101276153
"QUEBRACANGA012F",6,"benthamii",7,"2021-05-07",0.916554306884423,0.0122945855899473,0.88121622800827,0.941919207572937,5,0.817107101276153
"QUEBRACANGA012F",6,"benthamii",7,"2021-05-12",0.920389013939802,0.0144213912242981,0.891259729862213,0.958549201488495,5,0.817107101276153
"QUEBRACANGA012F",6,"benthamii",7,"2021-05-27",0.914596789394632,0.0160893200616655,0.880255341529846,0.967857122421265,5,0.817107101276153
"QUEBRACANGA012F",6,"benthamii",7,"2021-07-31",0.895635307920567,0.0180541124215949,0.845070421695709,0.923053443431854,7,0.817107101276153
"QUEBRACANGA012F",6,"benthamii",7,"2021-08-30",0.874881826870051,0.0195766215875569,0.823857307434082,0.90729546546936,8,0.817107101276153
"QUEBRACANGA012F",6,"benthamii",7,"2021-11-08",0.570721030067422,0.216092073405615,0.284751981496811,0.890880107879639,11,0.817107101276153
"QUEBRACANGA012F",6,"benthamii",7,"2021-11-13",0.55152529971789,0.224109568876868,0.227535784244537,0.894071161746979,11,0.817107101276153
"QUEBRACANGA012F",6,"benthamii",7,"2021-12-28",0.595610313864862,0.222775551057407,0.246913582086563,0.912263572216034,12,0.817107101276153
"QUEBRACANGA012F",6,"benthamii",7,"2022-01-12",0.595248199526773,0.205802669244324,0.208407551050186,0.903150796890259,1,0.817107101276153
"QUEBRACANGA012F",6,"benthamii",7,"2022-01-22",0.577351804478899,0.196932797956819,0.208858013153076,0.878323554992676,1,0.817107101276153
"QUEBRACANGA012F",6,"benthamii",8,"2022-02-16",0.424673499289992,0.120536707983437,0.167444571852684,0.622472584247589,2,0.788368372584712
"QUEBRACANGA012F",6,"benthamii",8,"2022-02-26",0.406446304221718,0.11725403588898,0.137849077582359,0.611199498176575,2,0.788368372584712
"QUEBRACANGA012G",6,"benthamii",5,"2019-02-22",0.809684101489682,0.0630139306339797,0.719768524169922,0.887771308422089,2,0.815889735373787
"QUEBRACANGA012G",6,"benthamii",5,"2019-03-24",0.825269155023786,0.0673515025312817,0.717693865299225,0.902702689170837,3,0.815889735373787
"QUEBRACANGA012G",6,"benthamii",5,"2019-07-07",0.816005369747287,0.0521724825672443,0.727933526039124,0.885090887546539,7,0.815889735373787
"QUEBRACANGA012G",6,"benthamii",5,"2019-07-17",0.782341369948776,0.0547071539738394,0.695439755916595,0.849105715751648,7,0.815889735373787
"QUEBRACANGA012G",6,"benthamii",5,"2019-08-06",0.71670678221509,0.0645935562582674,0.610264658927917,0.801304161548615,8,0.815889735373787
"QUEBRACANGA012G",6,"benthamii",5,"2019-09-25",0.668690961184674,0.0625314727859938,0.575757563114166,0.765013039112091,9,0.815889735373787
"QUEBRACANGA012G",6,"benthamii",5,"2019-09-30",0.650043545841879,0.060654002898998,0.55950540304184,0.745895802974701,9,0.815889735373787
"QUEBRACANGA012G",6,"benthamii",5,"2019-11-29",0.757594270450747,0.0445467120609316,0.67131245136261,0.835420370101929,11,0.815889735373787
"QUEBRACANGA012G",6,"benthamii",5,"2019-12-04",0.747503052766812,0.0448031477304912,0.663850843906403,0.820673227310181,12,0.815889735373787
"QUEBRACANGA012G",6,"benthamii",5,"2019-12-09",0.748591029331349,0.0484122017922301,0.650429785251617,0.819982528686523,12,0.815889735373787
"QUEBRACANGA012G",6,"benthamii",5,"2019-12-24",0.774655863374412,0.0446513102775081,0.690756320953369,0.852135837078094,12,0.815889735373787
"QUEBRACANGA012G",6,"benthamii",5,"2020-01-08",0.713622754654584,0.0429408590818766,0.651853919029236,0.795127034187317,1,0.815889735373787
"QUEBRACANGA012G",6,"benthamii",6,"2020-02-02",0.812007268605483,0.0406938377859434,0.734427213668823,0.870503604412079,2,0.823395115852702
"QUEBRACANGA012G",6,"benthamii",6,"2020-02-27",0.82192587441777,0.0493576264070694,0.735399305820465,0.88441926240921,2,0.823395115852702
"QUEBRACANGA012G",6,"benthamii",6,"2020-03-03",0.81235418748421,0.0525509874756224,0.70608001947403,0.881619930267334,3,0.823395115852702
"QUEBRACANGA012G",6,"benthamii",6,"2020-03-08",0.776703156320538,0.0527364697117286,0.676318168640137,0.851715683937073,3,0.823395115852702
"QUEBRACANGA012G",6,"benthamii",6,"2020-03-23",0.81390330576319,0.053833008577279,0.724624335765839,0.88204962015152,3,0.823395115852702
"QUEBRACANGA012G",6,"benthamii",6,"2020-04-07",0.836140646050044,0.0424147074042373,0.757104218006134,0.904375553131104,4,0.823395115852702
"QUEBRACANGA012G",6,"benthamii",6,"2020-04-17",0.811470451925192,0.0454971345900811,0.723488330841064,0.872916638851166,4,0.823395115852702
"QUEBRACANGA012G",6,"benthamii",6,"2020-05-02",0.835298468932016,0.048637562269674,0.732204437255859,0.910888195037842,5,0.823395115852702
"QUEBRACANGA012G",6,"benthamii",6,"2020-05-17",0.867591287088701,0.0439669793404479,0.789473712444305,0.936267077922821,5,0.823395115852702
"QUEBRACANGA012G",6,"benthamii",6,"2020-05-27",0.871472401721235,0.0415095887508374,0.797026515007019,0.936542689800262,5,0.823395115852702
"QUEBRACANGA012G",6,"benthamii",6,"2020-07-26",0.832465372315564,0.0637098521033987,0.701853930950165,0.920045673847198,7,0.823395115852702
"QUEBRACANGA012G",6,"benthamii",6,"2020-08-05",0.785567722073606,0.0683303340101446,0.659739315509796,0.869602024555206,8,0.823395115852702
"QUEBRACANGA012G",6,"benthamii",6,"2020-08-10",0.724021690319474,0.0805115856069523,0.585269629955292,0.822513401508331,8,0.823395115852702
"QUEBRACANGA012G",6,"benthamii",6,"2020-10-19",0.705929350166698,0.0891211527996964,0.566309571266174,0.830285310745239,10,0.823395115852702
"QUEBRACANGA012G",6,"benthamii",6,"2020-11-23",0.723421964202358,0.0760633314027192,0.599277973175049,0.834285736083984,11,0.823395115852702
"QUEBRACANGA012G",6,"benthamii",6,"2020-12-18",0.772444408001913,0.0684673228227039,0.667659342288971,0.860547244548798,12,0.823395115852702
"QUEBRACANGA012G",6,"benthamii",6,"2020-12-23",0.792767210850903,0.0573096003465581,0.693883538246155,0.881257295608521,12,0.823395115852702
"QUEBRACANGA012G",6,"benthamii",6,"2021-01-02",0.788361028899985,0.0657558165253896,0.682483911514282,0.880371689796448,1,0.823395115852702
"QUEBRACANGA012G",6,"benthamii",7,"2021-02-26",0.841860439451993,0.0473842640396446,0.765252411365509,0.902709364891052,2,0.817107101276153
"QUEBRACANGA012G",6,"benthamii",7,"2021-04-07",0.858247108275584,0.0359711168593644,0.788674831390381,0.910738408565521,4,0.817107101276153
"QUEBRACANGA012G",6,"benthamii",7,"2021-04-27",0.88013380144564,0.0387152306868555,0.805297553539276,0.937020361423492,4,0.817107101276153
"QUEBRACANGA012G",6,"benthamii",7,"2021-05-02",0.857257398917267,0.0393904201936939,0.789396166801453,0.909018337726593,5,0.817107101276153
"QUEBRACANGA012G",6,"benthamii",7,"2021-05-07",0.889837558930862,0.0315908462658822,0.815908312797546,0.936781585216522,5,0.817107101276153
"QUEBRACANGA012G",6,"benthamii",7,"2021-05-12",0.903163788212117,0.028803362515483,0.847011923789978,0.941816329956055,5,0.817107101276153
"QUEBRACANGA012G",6,"benthamii",7,"2021-05-27",0.903844388836515,0.0297103223390835,0.837880611419678,0.939675152301788,5,0.817107101276153
"QUEBRACANGA012G",6,"benthamii",7,"2021-07-31",0.865324155890589,0.039535169993276,0.780123770236969,0.922301054000854,7,0.817107101276153
"QUEBRACANGA012G",6,"benthamii",7,"2021-08-30",0.815586391873666,0.0509872319234491,0.730931401252747,0.889933824539185,8,0.817107101276153
"QUEBRACANGA012G",6,"benthamii",7,"2021-11-08",0.750211822228793,0.0307717700907024,0.700619041919708,0.824453353881836,11,0.817107101276153
"QUEBRACANGA012G",6,"benthamii",7,"2021-11-13",0.721275869582223,0.0352363379730285,0.666386306285858,0.795575439929962,11,0.817107101276153
"QUEBRACANGA012G",6,"benthamii",7,"2021-12-28",0.795172915627729,0.0402622240674427,0.732975900173187,0.858823537826538,12,0.817107101276153
"QUEBRACANGA012G",6,"benthamii",7,"2022-01-12",0.775004159651695,0.0420544589485241,0.70412290096283,0.841009080410004,1,0.817107101276153
"QUEBRACANGA012G",6,"benthamii",7,"2022-01-22",0.724955548655062,0.0459189657102046,0.63548481464386,0.793924927711487,1,0.817107101276153
"QUEBRACANGA012G",6,"benthamii",8,"2022-02-16",0.484042107078546,0.0353633974255897,0.420990109443665,0.540889501571655,2,0.788368372584712
"QUEBRACANGA012G",6,"benthamii",8,"2022-02-26",0.462900417225709,0.0385496139203658,0.39826226234436,0.536673903465271,2,0.788368372584712
"TAQUAREMBO005A",6,"benthamii",5,"2019-01-28",0.823347118036411,0.0666674602871309,0.428315937519073,0.927710831165314,1,0.815889735373787
"TAQUAREMBO005A",6,"benthamii",5,"2019-02-20",0.855893550473923,0.0654914194202166,0.516117632389069,0.948794066905975,2,0.815889735373787
"TAQUAREMBO005A",6,"benthamii",5,"2019-02-22",0.844341530878492,0.0710056132814477,0.47460088133812,0.94189041852951,2,0.815889735373787
"TAQUAREMBO005A",6,"benthamii",5,"2019-03-02",0.841335728795636,0.0727962502740287,0.486409723758698,0.929141402244568,3,0.815889735373787
"TAQUAREMBO005A",6,"benthamii",5,"2019-03-07",0.85798365218479,0.0901030977206212,0.437088668346405,0.965034961700439,3,0.815889735373787
"TAQUAREMBO005A",6,"benthamii",5,"2019-04-01",0.818130966040748,0.136854938381288,0.276154577732086,0.951014697551727,4,0.815889735373787
"TAQUAREMBO005A",6,"benthamii",6,"2019-06-20",0.894022637725473,0.111179065746209,0.487971276044846,0.999162137508392,6,0.823395115852702
"TAQUAREMBO005A",6,"benthamii",6,"2019-06-27",0.878518482944109,0.116017382398316,0.459098488092422,0.998811662197113,6,0.823395115852702
"TAQUAREMBO005A",6,"benthamii",6,"2019-07-02",0.877164880285885,0.116000661259394,0.463703691959381,0.998590528964996,7,0.823395115852702
"TAQUAREMBO005A",6,"benthamii",6,"2019-07-07",0.866267278024484,0.125248760338724,0.409214079380035,0.998469769954681,7,0.823395115852702
"TAQUAREMBO005A",6,"benthamii",6,"2019-07-17",0.847354248086817,0.136227861566498,0.412765949964523,0.997735023498535,7,0.823395115852702
"TAQUAREMBO005A",6,"benthamii",6,"2019-08-06",0.787208312285687,0.145269580478151,0.364431500434875,0.924119234085083,8,0.823395115852702
"TAQUAREMBO005A",6,"benthamii",6,"2019-08-19",0.800682937707919,0.144204236161577,0.396935939788818,0.942440211772919,8,0.823395115852702
"TAQUAREMBO005A",6,"benthamii",6,"2019-09-03",0.773341098438022,0.138252670556041,0.385466039180756,0.918243765830994,9,0.823395115852702
"TAQUAREMBO005A",6,"benthamii",6,"2019-09-15",0.725933321735914,0.122075914689479,0.355411946773529,0.872058808803558,9,0.823395115852702
"TAQUAREMBO005A",6,"benthamii",6,"2019-09-23",0.791103036019867,0.129673745378959,0.372297823429108,0.935802459716797,9,0.823395115852702
"TAQUAREMBO005A",6,"benthamii",6,"2019-09-25",0.763081436955311,0.125905991397936,0.368140637874603,0.904909133911133,9,0.823395115852702
"TAQUAREMBO005A",6,"benthamii",6,"2019-09-30",0.745988121270286,0.120640901327505,0.381530344486237,0.883480846881866,9,0.823395115852702
"TAQUAREMBO005A",6,"benthamii",6,"2019-11-07",0.79400197355721,0.0861774650477876,0.458437383174896,0.9109947681427,11,0.823395115852702
"TAQUAREMBO005A",6,"benthamii",6,"2019-11-29",0.783574478652807,0.121188517898724,0.181363105773926,0.902585685253143,11,0.823395115852702
"TAQUAREMBO005A",6,"benthamii",6,"2019-12-07",0.782733124750209,0.125766982045557,0.166982203722,0.909724771976471,12,0.823395115852702
"TAQUAREMBO005A",6,"benthamii",6,"2019-12-09",0.744488401489979,0.128448174914946,0.156283378601074,0.883904993534088,12,0.823395115852702
"TAQUAREMBO005A",6,"benthamii",6,"2019-12-17",0.785208346071394,0.129080384905787,0.158501446247101,0.913805723190308,12,0.823395115852702
"TAQUAREMBO005A",6,"benthamii",6,"2019-12-24",0.767441996445323,0.142909378032294,0.17238937318325,0.928571403026581,12,0.823395115852702
"TAQUAREMBO005A",6,"benthamii",6,"2020-01-08",0.742367072643291,0.101651695246343,0.230399996042252,0.853964626789093,1,0.823395115852702
"TAQUAREMBO005A",6,"benthamii",6,"2020-01-18",0.749769600843036,0.0729951840859702,0.276237636804581,0.841493129730225,1,0.823395115852702
"TAQUAREMBO005A",6,"benthamii",6,"2020-01-28",0.799587685247574,0.0771485828646871,0.272450536489487,0.918348789215088,1,0.823395115852702
"TAQUAREMBO005A",6,"benthamii",6,"2020-02-02",0.803560513227758,0.0779846687714434,0.248530194163322,0.929192543029785,2,0.823395115852702
"TAQUAREMBO005A",6,"benthamii",6,"2020-02-05",0.832712305505321,0.0830330425239922,0.259574472904205,0.935914576053619,2,0.823395115852702
"TAQUAREMBO005A",6,"benthamii",6,"2020-02-07",0.810416442506861,0.0843239967455205,0.262168139219284,0.935504555702209,2,0.823395115852702
"TAQUAREMBO005A",6,"benthamii",6,"2020-03-01",0.807802313958915,0.0958472452580466,0.285531371831894,0.929942607879639,3,0.823395115852702
"TAQUAREMBO005A",6,"benthamii",6,"2020-03-03",0.795981852112952,0.104057939634812,0.271147161722183,0.933598935604095,3,0.823395115852702
"TAQUAREMBO005A",6,"benthamii",6,"2020-03-08",0.747352430521541,0.101792917580524,0.287164181470871,0.88299959897995,3,0.823395115852702
"TAQUAREMBO005A",6,"benthamii",6,"2020-04-05",0.805707583034778,0.113948844041689,0.295962005853653,0.941546440124512,4,0.823395115852702
"TAQUAREMBO005A",6,"benthamii",6,"2020-04-20",0.793121286283211,0.143646001979104,0.223711341619492,0.964497029781342,4,0.823395115852702
"TAQUAREMBO005A",6,"benthamii",6,"2020-04-30",0.784368602687624,0.152972323312527,0.19323892891407,0.942075610160828,4,0.823395115852702
"TAQUAREMBO005A",6,"benthamii",6,"2020-05-17",0.772238710981494,0.151906096102642,0.20425209403038,0.943661987781525,5,0.823395115852702
"TAQUAREMBO005A",6,"benthamii",7,"2020-05-25",0.788075679791513,0.14403706341568,0.245416074991226,0.945633292198181,5,0.817107101276153
"TAQUAREMBO005A",6,"benthamii",7,"2020-05-27",0.811112113100392,0.150793072276868,0.240780904889107,0.997584521770477,5,0.817107101276153
"TAQUAREMBO005A",6,"benthamii",7,"2020-06-14",0.829717005960226,0.136529809092528,0.362534940242767,0.998323559761047,6,0.817107101276153
"TAQUAREMBO005A",6,"benthamii",7,"2020-07-29",0.823453954538449,0.123462828490543,0.367346942424774,0.996955871582031,7,0.817107101276153
"TAQUAREMBO005A",6,"benthamii",7,"2020-08-03",0.76485578726948,0.118102830535908,0.342628091573715,0.906354486942291,8,0.817107101276153
"TAQUAREMBO005A",6,"benthamii",7,"2020-08-05",0.774021985125124,0.117632977374247,0.349999994039536,0.907834112644196,8,0.817107101276153
"TAQUAREMBO005A",6,"benthamii",7,"2020-08-23",0.793884181891158,0.123692989349332,0.359083473682404,0.928139448165894,8,0.817107101276153
"TAQUAREMBO005A",6,"benthamii",7,"2020-09-04",0.798958266333493,0.114530039085394,0.373464375734329,0.938326001167297,9,0.817107101276153
"TAQUAREMBO005A",6,"benthamii",7,"2020-10-09",0.757896386530945,0.0781333665846143,0.41281670331955,0.887721121311188,10,0.817107101276153
"TAQUAREMBO005A",6,"benthamii",7,"2020-10-12",0.781724608883906,0.0803255548730252,0.415807574987411,0.901070892810822,10,0.817107101276153
"TAQUAREMBO005A",6,"benthamii",7,"2020-10-19",0.751580928873424,0.0778784594485416,0.370242208242416,0.852004945278168,10,0.817107101276153
"TAQUAREMBO005A",6,"benthamii",7,"2020-11-21",0.744732795432514,0.119169053479762,0.283870965242386,0.883101403713226,11,0.817107101276153
"TAQUAREMBO005A",6,"benthamii",7,"2020-12-11",0.740925701172006,0.136999282484261,0.175510197877884,0.888022661209106,12,0.817107101276153
"TAQUAREMBO005A",6,"benthamii",7,"2020-12-23",0.742351690469712,0.119949742609117,0.191240876913071,0.880166590213776,12,0.817107101276153
"TAQUAREMBO005A",6,"benthamii",7,"2020-12-31",0.766867904008928,0.109428340556183,0.268656730651855,0.898531377315521,12,0.817107101276153
"TAQUAREMBO005A",6,"benthamii",7,"2021-01-02",0.736379661024533,0.122658194952569,0.244670987129211,0.887304842472076,1,0.817107101276153
"TAQUAREMBO005A",6,"benthamii",7,"2021-01-15",0.782757794813027,0.0999259633017639,0.330279886722565,0.914264619350433,1,0.817107101276153
"TAQUAREMBO005A",6,"benthamii",7,"2021-01-20",0.798702481045075,0.0870395781040947,0.396518379449844,0.918495297431946,1,0.817107101276153
"TAQUAREMBO005A",6,"benthamii",7,"2021-02-06",0.809897383026015,0.0652543763171747,0.489163249731064,0.937666952610016,2,0.817107101276153
"TAQUAREMBO005A",6,"benthamii",7,"2021-02-19",0.84242830031454,0.0564121714433827,0.512495934963226,0.943925261497498,2,0.817107101276153
"TAQUAREMBO005A",6,"benthamii",7,"2021-02-21",0.81931542712038,0.0581909369150143,0.499324858188629,0.936685264110565,2,0.817107101276153
"TAQUAREMBO005A",6,"benthamii",7,"2021-02-24",0.858989278820645,0.0564424058427513,0.505363166332245,0.953259527683258,2,0.817107101276153
"TAQUAREMBO005A",6,"benthamii",7,"2021-02-26",0.835987187223911,0.0604124911178212,0.519636631011963,0.949639201164246,2,0.817107101276153
"TAQUAREMBO005A",6,"benthamii",7,"2021-03-11",0.861533002882339,0.0635957075740888,0.539315462112427,0.974110007286072,3,0.817107101276153
"TAQUAREMBO005A",6,"benthamii",7,"2021-04-07",0.846024711171995,0.0654095779862628,0.520222306251526,0.925101935863495,4,0.817107101276153
"TAQUAREMBO005A",6,"benthamii",7,"2021-04-30",0.86568762074699,0.0965553144604584,0.365137606859207,0.996965110301971,4,0.817107101276153
"TAQUAREMBO005A",6,"benthamii",7,"2021-05-07",0.863604068067839,0.096519462129852,0.373613774776459,0.997955024242401,5,0.817107101276153
"TAQUAREMBO005A",6,"benthamii",7,"2021-05-12",0.870041200748836,0.096679265967892,0.398271799087524,0.998046875,5,0.817107101276153
"TAQUAREMBO005A",6,"benthamii",7,"2021-05-15",0.871996204317625,0.100575302648003,0.397136390209198,0.997811794281006,5,0.817107101276153
"TAQUAREMBO005A",6,"benthamii",8,"2021-05-25",0.872029434984513,0.110761206614973,0.324575811624527,0.998309373855591,5,0.788368372584712
"TAQUAREMBO005A",6,"benthamii",8,"2021-05-27",0.859571368502163,0.114990015448255,0.30204963684082,0.998297870159149,5,0.788368372584712
"TAQUAREMBO005A",6,"benthamii",8,"2021-05-30",0.876509080792077,0.110590168678133,0.351901441812515,0.998804569244385,5,0.788368372584712
"TAQUAREMBO005A",6,"benthamii",8,"2021-06-14",0.879434073326204,0.109913934454976,0.436067372560501,0.998940110206604,6,0.788368372584712
"TAQUAREMBO005A",6,"benthamii",8,"2021-07-09",0.843651725834081,0.114948653365721,0.451951950788498,0.992424249649048,7,0.788368372584712
"TAQUAREMBO005A",6,"benthamii",8,"2021-07-21",0.845635588232244,0.121419000206613,0.41731122136116,0.997019350528717,7,0.788368372584712
"TAQUAREMBO005A",6,"benthamii",8,"2021-07-24",0.782683701222571,0.121537154716842,0.403596818447113,0.906110286712646,7,0.788368372584712
"TAQUAREMBO005A",6,"benthamii",8,"2021-07-31",0.828321300891665,0.12834313464464,0.40957447886467,0.988826811313629,7,0.788368372584712
"TAQUAREMBO005A",6,"benthamii",8,"2021-08-30",0.786441127305989,0.126210625863611,0.406727820634842,0.911914706230164,8,0.788368372584712
"TAQUAREMBO005A",6,"benthamii",8,"2021-10-02",0.801284521068216,0.0883728187834618,0.450076818466187,0.908336997032166,10,0.788368372584712
"TAQUAREMBO005A",6,"benthamii",8,"2021-10-04",0.777108892666971,0.084568719526887,0.449217438697815,0.88358211517334,10,0.788368372584712
"TAQUAREMBO005A",6,"benthamii",8,"2021-10-17",0.790809624434242,0.0813022858159202,0.458404660224915,0.893470764160156,10,0.788368372584712
"TAQUAREMBO005A",6,"benthamii",8,"2021-10-22",0.798541271323991,0.0858475439633822,0.43845921754837,0.908150613307953,10,0.788368372584712
"TAQUAREMBO005A",6,"benthamii",8,"2021-10-24",0.791517564796348,0.0854193722506877,0.460017710924149,0.896527290344238,10,0.788368372584712
"TAQUAREMBO005A",6,"benthamii",8,"2021-10-27",0.778493366872015,0.0854445360128601,0.422947138547897,0.883400797843933,10,0.788368372584712
"TAQUAREMBO005A",6,"benthamii",8,"2021-10-29",0.75610715543952,0.0877136525852494,0.387461453676224,0.855976223945618,10,0.788368372584712
"TAQUAREMBO005A",6,"benthamii",8,"2021-11-08",0.763262850671692,0.0912275657264152,0.2969870865345,0.86521178483963,11,0.788368372584712
"TAQUAREMBO005A",6,"benthamii",8,"2021-11-13",0.765833701689531,0.10651411338569,0.232635989785194,0.877222418785095,11,0.788368372584712
"TAQUAREMBO005A",6,"benthamii",8,"2021-11-21",0.775542457162034,0.107217409260717,0.201764941215515,0.88147646188736,11,0.788368372584712
"TAQUAREMBO005A",6,"benthamii",8,"2021-12-08",0.782595461925874,0.112940032901557,0.200430259108543,0.900452494621277,12,0.788368372584712
"TAQUAREMBO005A",6,"benthamii",8,"2021-12-23",0.764815133054539,0.108745384721882,0.18433490395546,0.884093701839447,12,0.788368372584712
"TAQUAREMBO005A",6,"benthamii",8,"2021-12-28",0.743821812303526,0.115138918800219,0.186252042651176,0.881206214427948,12,0.788368372584712
"TAQUAREMBO005A",6,"benthamii",8,"2022-01-12",0.706638385591819,0.109864176833239,0.183673471212387,0.844257712364197,1,0.788368372584712
"TAQUAREMBO005A",6,"benthamii",8,"2022-01-22",0.728732824474714,0.0955483560604722,0.210568457841873,0.850692331790924,1,0.788368372584712
"TAQUAREMBO005A",6,"benthamii",8,"2022-02-14",0.453445995356148,0.0426817650133571,0.197940140962601,0.579214215278625,2,0.788368372584712
"TAQUAREMBO005A",6,"benthamii",8,"2022-02-16",0.468940054883486,0.0483082508334063,0.192982450127602,0.61038213968277,2,0.788368372584712
"TAQUAREMBO005A",6,"benthamii",8,"2022-02-19",0.448085929478492,0.0520840383056517,0.183025598526001,0.607373297214508,2,0.788368372584712
"TAQUAREMBO006A",6,"benthamii",5,"2019-01-28",0.822303777324439,0.0696901971739677,0.646352469921112,0.900289833545685,1,0.815889735373787
"TAQUAREMBO006A",6,"benthamii",5,"2019-02-20",0.853241679289648,0.0663955585150753,0.679814398288727,0.922178983688354,2,0.815889735373787
"TAQUAREMBO006A",6,"benthamii",5,"2019-02-22",0.84452513331246,0.0710079855666003,0.659353375434875,0.916063666343689,2,0.815889735373787
"TAQUAREMBO006A",6,"benthamii",5,"2019-03-02",0.84196093789973,0.0719995665675871,0.645888566970825,0.918730139732361,3,0.815889735373787
"TAQUAREMBO006A",6,"benthamii",5,"2019-03-07",0.858922807806406,0.0843952881967308,0.629225015640259,0.944977581501007,3,0.815889735373787
"TAQUAREMBO006A",6,"benthamii",5,"2019-04-01",0.826477732498444,0.103623905777144,0.592156887054443,0.926106870174408,4,0.815889735373787
"TAQUAREMBO006A",6,"benthamii",6,"2019-06-20",0.898345509053429,0.0969699067711083,0.643348157405853,0.99826842546463,6,0.823395115852702
"TAQUAREMBO006A",6,"benthamii",6,"2019-06-27",0.888107439180979,0.0963704432739398,0.613301634788513,0.996908783912659,6,0.823395115852702
"TAQUAREMBO006A",6,"benthamii",6,"2019-07-02",0.884893037148101,0.102696956501388,0.590815901756287,0.993670880794525,7,0.823395115852702
"TAQUAREMBO006A",6,"benthamii",6,"2019-07-07",0.872899035783621,0.109094079613392,0.578622817993164,0.994100272655487,7,0.823395115852702
"TAQUAREMBO006A",6,"benthamii",6,"2019-07-17",0.857078270945401,0.114693259155914,0.556114733219147,0.96730500459671,7,0.823395115852702
"TAQUAREMBO006A",6,"benthamii",6,"2019-08-06",0.792985648092071,0.135725579787866,0.489644974470139,0.906477332115173,8,0.823395115852702
"TAQUAREMBO006A",6,"benthamii",6,"2019-08-19",0.797743154558306,0.136273614486293,0.514855206012726,0.917182922363281,8,0.823395115852702
"TAQUAREMBO006A",6,"benthamii",6,"2019-09-03",0.771502389857056,0.131433733474507,0.502590656280518,0.890180349349976,9,0.823395115852702
"TAQUAREMBO006A",6,"benthamii",6,"2019-09-15",0.726178422986369,0.118870133866542,0.451546400785446,0.84649121761322,9,0.823395115852702
"TAQUAREMBO006A",6,"benthamii",6,"2019-09-23",0.792825173602061,0.113401840254941,0.529118120670319,0.90371185541153,9,0.823395115852702
"TAQUAREMBO006A",6,"benthamii",6,"2019-09-25",0.769495041762951,0.11733292299381,0.483945846557617,0.880754709243774,9,0.823395115852702
"TAQUAREMBO006A",6,"benthamii",6,"2019-09-30",0.749942197831828,0.110643801228526,0.474733084440231,0.860984981060028,9,0.823395115852702
"TAQUAREMBO006A",6,"benthamii",6,"2019-11-07",0.802116689754802,0.0782197147880869,0.615465700626373,0.887640476226807,11,0.823395115852702
"TAQUAREMBO006A",6,"benthamii",6,"2019-11-29",0.812233229520669,0.0626120096913464,0.63340562582016,0.888993442058563,11,0.823395115852702
"TAQUAREMBO006A",6,"benthamii",6,"2019-12-07",0.811341837145027,0.0651960181236602,0.624483048915863,0.881217539310455,12,0.823395115852702
"TAQUAREMBO006A",6,"benthamii",6,"2019-12-09",0.773379615567859,0.0746437117023527,0.579756855964661,0.868841767311096,12,0.823395115852702
"TAQUAREMBO006A",6,"benthamii",6,"2019-12-17",0.804978593077228,0.0750342623968943,0.591179966926575,0.892116189002991,12,0.823395115852702
"TAQUAREMBO006A",6,"benthamii",6,"2019-12-24",0.792112305425661,0.0953799662755821,0.562906980514526,0.898285388946533,12,0.823395115852702
"TAQUAREMBO006A",6,"benthamii",6,"2020-01-08",0.753475524200899,0.0717076825557257,0.577858567237854,0.844565868377686,1,0.823395115852702
"TAQUAREMBO006A",6,"benthamii",6,"2020-01-18",0.754112025347241,0.057056792960015,0.592252790927887,0.819910824298859,1,0.823395115852702
"TAQUAREMBO006A",6,"benthamii",6,"2020-01-28",0.806635939402009,0.0606672881913718,0.635926246643066,0.875186622142792,1,0.823395115852702
"TAQUAREMBO006A",6,"benthamii",6,"2020-02-02",0.810545420901931,0.0610822745752398,0.631966352462769,0.881977677345276,2,0.823395115852702
"TAQUAREMBO006A",6,"benthamii",6,"2020-02-05",0.834936495025631,0.0625090996043303,0.65016907453537,0.908281981945038,2,0.823395115852702
"TAQUAREMBO006A",6,"benthamii",6,"2020-02-07",0.814229868041815,0.0656735633755993,0.628006398677826,0.887598097324371,2,0.823395115852702
"TAQUAREMBO006A",6,"benthamii",6,"2020-03-01",0.813932413132968,0.0808157346694709,0.593436658382416,0.899031817913055,3,0.823395115852702
"TAQUAREMBO006A",6,"benthamii",6,"2020-03-03",0.802964295642731,0.0883855917409354,0.566441118717194,0.892090737819672,3,0.823395115852702
"TAQUAREMBO006A",6,"benthamii",6,"2020-03-08",0.747701223303007,0.0868446592169428,0.546683430671692,0.841269850730896,3,0.823395115852702
"TAQUAREMBO006A",6,"benthamii",6,"2020-04-05",0.812607942061405,0.0855527217007099,0.595246911048889,0.909090936183929,4,0.823395115852702
"TAQUAREMBO006A",6,"benthamii",6,"2020-04-20",0.807171644889656,0.0946165138568527,0.565517246723175,0.913563847541809,4,0.823395115852702
"TAQUAREMBO006A",6,"benthamii",6,"2020-04-30",0.797706100444773,0.0934681463290412,0.570562064647675,0.902695596218109,4,0.823395115852702
"TAQUAREMBO006A",6,"benthamii",6,"2020-05-17",0.788559197763598,0.0925637320147916,0.542033612728119,0.894243657588959,5,0.823395115852702
"TAQUAREMBO006A",6,"benthamii",7,"2020-05-25",0.795970156781287,0.092081953467057,0.565719783306122,0.892589271068573,5,0.817107101276153
"TAQUAREMBO006A",6,"benthamii",7,"2020-05-27",0.823011193178322,0.0930339634947584,0.577956080436707,0.937799036502838,5,0.817107101276153
"TAQUAREMBO006A",6,"benthamii",7,"2020-06-14",0.828893935929622,0.105139677271482,0.562064170837402,0.931220471858978,6,0.817107101276153
"TAQUAREMBO006A",6,"benthamii",7,"2020-07-29",0.808634236118734,0.109743783588765,0.537708938121796,0.937915742397308,7,0.817107101276153
"TAQUAREMBO006A",6,"benthamii",7,"2020-08-03",0.753530633203564,0.109160618792274,0.490781396627426,0.871337175369263,8,0.817107101276153
"TAQUAREMBO006A",6,"benthamii",7,"2020-08-05",0.755106498177167,0.113916574368511,0.477617740631104,0.87491500377655,8,0.817107101276153
"TAQUAREMBO006A",6,"benthamii",7,"2020-08-23",0.782610403557972,0.107579825795723,0.510161876678467,0.891711235046387,8,0.817107101276153
"TAQUAREMBO006A",6,"benthamii",7,"2020-09-04",0.780250886014348,0.106023645970597,0.532867133617401,0.895433485507965,9,0.817107101276153
"TAQUAREMBO006A",6,"benthamii",7,"2020-10-09",0.750341743451706,0.0767151629711253,0.528362452983856,0.836169362068176,10,0.817107101276153
"TAQUAREMBO006A",6,"benthamii",7,"2020-10-12",0.771854195540629,0.0794015393047936,0.572001457214355,0.860146701335907,10,0.817107101276153
"TAQUAREMBO006A",6,"benthamii",7,"2020-10-19",0.749128190845592,0.0701412188762998,0.567108392715454,0.826247692108154,10,0.817107101276153
"TAQUAREMBO006A",6,"benthamii",7,"2020-11-21",0.765308335597615,0.0833653032104915,0.515883088111877,0.861965477466583,11,0.817107101276153
"TAQUAREMBO006A",6,"benthamii",7,"2020-12-11",0.764224217034033,0.0930064499911517,0.518156409263611,0.878654539585114,12,0.817107101276153
"TAQUAREMBO006A",6,"benthamii",7,"2020-12-23",0.758879687467845,0.0703600964382183,0.577085912227631,0.878879189491272,12,0.817107101276153
"TAQUAREMBO006A",6,"benthamii",7,"2020-12-31",0.784825462207528,0.0718406219470392,0.539299070835114,0.887314200401306,12,0.817107101276153
"TAQUAREMBO006A",6,"benthamii",7,"2021-01-02",0.753049435518621,0.083004783118094,0.549615979194641,0.87816309928894,1,0.817107101276153
"TAQUAREMBO006A",6,"benthamii",7,"2021-01-15",0.793235114387633,0.0752816080367757,0.607763826847076,0.889630913734436,1,0.817107101276153
"TAQUAREMBO006A",6,"benthamii",7,"2021-01-20",0.803556460168371,0.0738205747055948,0.614323437213898,0.893667459487915,1,0.817107101276153
"TAQUAREMBO006A",6,"benthamii",7,"2021-02-06",0.812173482058147,0.0569711593315395,0.675110161304474,0.88892263174057,2,0.817107101276153
"TAQUAREMBO006A",6,"benthamii",7,"2021-02-19",0.844891589455707,0.0521710251016387,0.698802769184113,0.915215730667114,2,0.817107101276153
"TAQUAREMBO006A",6,"benthamii",7,"2021-02-21",0.822637275030205,0.0539092888006304,0.679218947887421,0.897389709949493,2,0.817107101276153
"TAQUAREMBO006A",6,"benthamii",7,"2021-02-24",0.863851087945296,0.0509847623331474,0.714996874332428,0.934241116046906,2,0.817107101276153
"TAQUAREMBO006A",6,"benthamii",7,"2021-02-26",0.839201423325127,0.0542357819529412,0.68530261516571,0.904938280582428,2,0.817107101276153
"TAQUAREMBO006A",6,"benthamii",7,"2021-03-11",0.866260549949722,0.0599952821726076,0.70820289850235,0.937193334102631,3,0.817107101276153
"TAQUAREMBO006A",6,"benthamii",7,"2021-04-07",0.849136583899832,0.0604022253622676,0.667988657951355,0.920056581497192,4,0.817107101276153
"TAQUAREMBO006A",6,"benthamii",7,"2021-04-30",0.876623797100661,0.060831744590438,0.698025524616241,0.953582227230072,4,0.817107101276153
"TAQUAREMBO006A",6,"benthamii",7,"2021-05-07",0.880839897584098,0.062497528979671,0.694610774517059,0.95637583732605,5,0.817107101276153
"TAQUAREMBO006A",6,"benthamii",7,"2021-05-12",0.889639077171175,0.0632358377214854,0.709772944450378,0.98698478937149,5,0.817107101276153
"TAQUAREMBO006A",6,"benthamii",7,"2021-05-15",0.889681249416684,0.0652927793981828,0.690450072288513,0.996694207191467,5,0.817107101276153
"TAQUAREMBO006A",6,"benthamii",8,"2021-05-25",0.887921539035106,0.06920636550524,0.688122093677521,0.996062994003296,5,0.788368372584712
"TAQUAREMBO006A",6,"benthamii",8,"2021-05-27",0.882708566843239,0.07264556246536,0.680242359638214,0.994594573974609,5,0.788368372584712
"TAQUAREMBO006A",6,"benthamii",8,"2021-05-30",0.894053995506002,0.0763966434080577,0.690248548984528,0.998540163040161,5,0.788368372584712
"TAQUAREMBO006A",6,"benthamii",8,"2021-06-14",0.895072551469993,0.0839464344870663,0.654999971389771,0.997775316238403,6,0.788368372584712
"TAQUAREMBO006A",6,"benthamii",8,"2021-07-09",0.849758695362099,0.0987996133730167,0.582300901412964,0.937743186950684,7,0.788368372584712
"TAQUAREMBO006A",6,"benthamii",8,"2021-07-21",0.852609687746114,0.102658939036724,0.574947834014893,0.946236550807953,7,0.788368372584712
"TAQUAREMBO006A",6,"benthamii",8,"2021-07-24",0.787792809944602,0.111792017646015,0.513957321643829,0.888694405555725,7,0.788368372584712
"TAQUAREMBO006A",6,"benthamii",8,"2021-07-31",0.834130186909101,0.116046261151286,0.549160659313202,0.941718935966492,7,0.788368372584712
"TAQUAREMBO006A",6,"benthamii",8,"2021-08-30",0.783963361727308,0.119562075071257,0.49845677614212,0.893695950508118,8,0.788368372584712
"TAQUAREMBO006A",6,"benthamii",8,"2021-10-02",0.799237011710479,0.0784224402284898,0.605104565620422,0.887037813663483,10,0.788368372584712
"TAQUAREMBO006A",6,"benthamii",8,"2021-10-04",0.780894436821195,0.0780412673549612,0.581354439258575,0.873546540737152,10,0.788368372584712
"TAQUAREMBO006A",6,"benthamii",8,"2021-10-17",0.793546243262691,0.0668294519720884,0.603082835674286,0.880784332752228,10,0.788368372584712
"TAQUAREMBO006A",6,"benthamii",8,"2021-10-22",0.807699885052352,0.0660855961572756,0.617523193359375,0.894908368587494,10,0.788368372584712
"TAQUAREMBO006A",6,"benthamii",8,"2021-10-24",0.80205115695904,0.0701283429215311,0.614374577999115,0.883705198764801,10,0.788368372584712
"TAQUAREMBO006A",6,"benthamii",8,"2021-10-27",0.788475352251902,0.0655341279111832,0.59536737203598,0.883003950119019,10,0.788368372584712
"TAQUAREMBO006A",6,"benthamii",8,"2021-10-29",0.763177535632633,0.0635836035254969,0.548120021820068,0.843814790248871,10,0.788368372584712
"TAQUAREMBO006A",6,"benthamii",8,"2021-11-08",0.772508972687518,0.0546589524766844,0.563775539398193,0.846153855323792,11,0.788368372584712
"TAQUAREMBO006A",6,"benthamii",8,"2021-11-13",0.78005947937376,0.0608264440337033,0.579110980033875,0.863490045070648,11,0.788368372584712
"TAQUAREMBO006A",6,"benthamii",8,"2021-11-21",0.792046525923181,0.0562388289825271,0.640584707260132,0.869696974754333,11,0.788368372584712
"TAQUAREMBO006A",6,"benthamii",8,"2021-12-08",0.800000425028974,0.0655462146524266,0.625453531742096,0.888512492179871,12,0.788368372584712
"TAQUAREMBO006A",6,"benthamii",8,"2021-12-23",0.765674138594908,0.0687133375059552,0.595499575138092,0.862403631210327,12,0.788368372584712
"TAQUAREMBO006A",6,"benthamii",8,"2021-12-28",0.751091048552671,0.08397267525609,0.526996195316315,0.866437375545502,12,0.788368372584712
"TAQUAREMBO006A",6,"benthamii",8,"2022-01-12",0.712009135854216,0.0774479453131076,0.499447524547577,0.826799273490906,1,0.788368372584712
"TAQUAREMBO006A",6,"benthamii",8,"2022-01-22",0.738791428430986,0.0666870620850127,0.566958725452423,0.839165151119232,1,0.788368372584712
"TAQUAREMBO006A",6,"benthamii",8,"2022-02-14",0.459559301530137,0.0324785696083781,0.333011597394943,0.512788236141205,2,0.788368372584712
"TAQUAREMBO006A",6,"benthamii",8,"2022-02-16",0.475098436909592,0.0376591661226308,0.336991310119629,0.555674731731415,2,0.788368372584712
"TAQUAREMBO006A",6,"benthamii",8,"2022-02-19",0.451317868565911,0.0403618014796254,0.293225467205048,0.521104216575623,2,0.788368372584712
"ZEZINHOESABIA001B",6,"benthamii",10,"2019-01-28",0.785634713257593,0.0844842997876979,0.489315062761307,0.884155690670013,1,0.804833688119471
"ZEZINHOESABIA001B",6,"benthamii",10,"2019-02-22",0.803276757304556,0.0922445428012548,0.486659556627274,0.908204257488251,2,0.804833688119471
"ZEZINHOESABIA001B",6,"benthamii",10,"2019-03-01",0.80932769600536,0.0792525311504919,0.547014772891998,0.908219873905182,3,0.804833688119471
"ZEZINHOESABIA001B",6,"benthamii",10,"2019-03-14",0.837668441445208,0.0710835596953706,0.597126305103302,0.92086535692215,3,0.804833688119471
"ZEZINHOESABIA001B",6,"benthamii",10,"2019-03-24",0.829367359088916,0.0713938391241399,0.584113478660583,0.915007412433624,3,0.804833688119471
"ZEZINHOESABIA001B",6,"benthamii",10,"2019-04-10",0.843226289257408,0.0700953292130783,0.609936594963074,0.920719683170319,4,0.804833688119471
"ZEZINHOESABIA001B",6,"benthamii",10,"2019-07-07",0.881303080533533,0.0817583457905596,0.543989419937134,0.961456120014191,7,0.804833688119471
"ZEZINHOESABIA001B",6,"benthamii",10,"2019-08-03",0.857794182994224,0.0888174552583277,0.457271367311478,0.924571454524994,8,0.804833688119471
"ZEZINHOESABIA001B",6,"benthamii",10,"2019-08-06",0.825427590833295,0.0880654834881135,0.432208091020584,0.895434439182281,8,0.804833688119471
"ZEZINHOESABIA001B",6,"benthamii",10,"2019-09-22",0.753813619950359,0.141930108976107,0.228070169687271,0.871267437934875,9,0.804833688119471
"ZEZINHOESABIA001B",6,"benthamii",10,"2019-09-30",0.712860533756206,0.141940674299194,0.211970075964928,0.847638726234436,9,0.804833688119471
"ZEZINHOESABIA001B",6,"benthamii",10,"2019-11-06",0.718303993006991,0.148500260809382,0.210901468992233,0.859193444252014,11,0.804833688119471
"ZEZINHOESABIA001B",6,"benthamii",11,"2019-12-06",0.771871349822139,0.127917678275713,0.256029069423676,0.8827805519104,12,0.806381340668478
"ZEZINHOESABIA001B",6,"benthamii",11,"2019-12-11",0.715172209815522,0.137796659186874,0.249200135469437,0.863565862178802,12,0.806381340668478
"ZEZINHOESABIA001B",6,"benthamii",11,"2020-01-25",0.755181179780752,0.140214492192873,0.233333334326744,0.869124412536621,1,0.806381340668478
"ZEZINHOESABIA001B",6,"benthamii",11,"2020-02-29",0.806247925143355,0.0793003738456862,0.540276646614075,0.901965439319611,2,0.806381340668478
"ZEZINHOESABIA001B",6,"benthamii",11,"2020-03-08",0.792490331700803,0.0670437167509832,0.552548468112946,0.881235182285309,3,0.806381340668478
"ZEZINHOESABIA001B",6,"benthamii",11,"2020-03-25",0.814923710522658,0.0648584394507782,0.570796489715576,0.892773866653442,3,0.806381340668478
"ZEZINHOESABIA001B",6,"benthamii",11,"2020-04-07",0.85126272186049,0.0574048669509094,0.576763510704041,0.910422027111053,4,0.806381340668478
"ZEZINHOESABIA001B",6,"benthamii",11,"2020-04-19",0.819264991477431,0.0752879714944244,0.533384084701538,0.889506876468658,4,0.806381340668478
"ZEZINHOESABIA001B",6,"benthamii",11,"2020-05-07",0.839110192303123,0.0709571413780218,0.528332412242889,0.907401144504547,5,0.806381340668478
"ZEZINHOESABIA001B",6,"benthamii",11,"2020-05-14",0.849817820133701,0.071823322253388,0.572067022323608,0.916211307048798,5,0.806381340668478
"ZEZINHOESABIA001B",6,"benthamii",11,"2020-05-17",0.841368017729124,0.0784994661905869,0.543960809707642,0.921077966690063,5,0.806381340668478
"ZEZINHOESABIA001B",6,"benthamii",11,"2020-05-19",0.824552545515863,0.0786889376036486,0.532366096973419,0.904153347015381,5,0.806381340668478
"ZEZINHOESABIA001B",6,"benthamii",11,"2020-05-27",0.86671848524765,0.0642537807196959,0.583847463130951,0.937122106552124,5,0.806381340668478
"ZEZINHOESABIA001B",6,"benthamii",11,"2020-05-29",0.845414443732621,0.0646759427975643,0.598726093769073,0.918725967407227,5,0.806381340668478
"ZEZINHOESABIA001B",6,"benthamii",11,"2020-06-16",0.841257004835933,0.0580894835883418,0.597789347171783,0.908839762210846,6,0.806381340668478
"ZEZINHOESABIA001B",6,"benthamii",11,"2020-07-26",0.835467966744186,0.112333818777388,0.340414226055145,0.924121797084808,7,0.806381340668478
"ZEZINHOESABIA001B",6,"benthamii",11,"2020-07-31",0.835871845672703,0.103302119899492,0.37626776099205,0.918260216712952,7,0.806381340668478
"ZEZINHOESABIA001B",6,"benthamii",11,"2020-08-05",0.810928675919232,0.0836970942146221,0.412480980157852,0.887196362018585,8,0.806381340668478
"ZEZINHOESABIA001B",6,"benthamii",11,"2020-08-10",0.790672517740634,0.0880244475166227,0.416073232889175,0.88196063041687,8,0.806381340668478
"ZEZINHOESABIA001B",6,"benthamii",11,"2020-08-22",0.809859502400603,0.0699830694645617,0.514204561710358,0.891200006008148,8,0.806381340668478
"ZEZINHOESABIA001B",6,"benthamii",11,"2020-09-21",0.781706404361723,0.0793473634342691,0.521628499031067,0.880885541439056,9,0.806381340668478
"ZEZINHOESABIA001B",6,"benthamii",11,"2020-10-11",0.72171337498605,0.0926853358005904,0.412008285522461,0.855111718177795,10,0.806381340668478
"ZEZINHOESABIA001B",6,"benthamii",11,"2020-10-19",0.725897617928698,0.094073187099493,0.362613826990128,0.852573037147522,10,0.806381340668478
"ZEZINHOESABIA001B",6,"benthamii",12,"2020-12-10",0.730036319737503,0.141540324613673,0.235395193099976,0.880223572254181,12,0.612187341467289
"ZEZINHOESABIA001B",6,"benthamii",12,"2020-12-30",0.736851449785935,0.14202667155298,0.218381106853485,0.858575224876404,12,0.612187341467289
"ZEZINHOESABIA001B",6,"benthamii",12,"2021-01-09",0.742688313140297,0.125248689576686,0.315851271152496,0.878030121326447,1,0.612187341467289
"ZEZINHOESABIA001B",6,"benthamii",12,"2021-03-13",0.840008369633169,0.0378443830489635,0.718186795711517,0.916618406772614,3,0.612187341467289
"ZEZINHOESABIA001B",6,"benthamii",12,"2021-03-20",0.822553297071037,0.0341789902807389,0.675262629985809,0.894843280315399,3,0.612187341467289
"ZEZINHOESABIA001B",6,"benthamii",12,"2021-04-04",0.82372863542984,0.0342148239574019,0.726589858531952,0.895966649055481,4,0.612187341467289
"ZEZINHOESABIA001B",6,"benthamii",12,"2021-04-07",0.83715639895129,0.0307873696739936,0.738505005836487,0.897995054721832,4,0.612187341467289
"ZEZINHOESABIA001B",6,"benthamii",12,"2021-05-02",0.796525111460506,0.112961584978678,0.320158094167709,0.893491148948669,5,0.612187341467289
"ZEZINHOESABIA001B",6,"benthamii",12,"2021-05-07",0.84632894690283,0.0937603401911754,0.378594249486923,0.940298497676849,5,0.612187341467289
"ZEZINHOESABIA001B",6,"benthamii",12,"2021-05-09",0.827511163675425,0.100065400184654,0.364989370107651,0.910375475883484,5,0.612187341467289
"ZEZINHOESABIA001B",6,"benthamii",12,"2021-05-12",0.830298012853459,0.131137915283974,0.289488464593887,0.923524498939514,5,0.612187341467289
"ZEZINHOESABIA001B",6,"benthamii",12,"2021-05-27",0.533445538225181,0.0950226894315366,0.311789333820343,0.849275350570679,5,0.612187341467289
"ZEZINHOESABIA001B",6,"benthamii",12,"2021-06-13",0.366499089205869,0.107610731309479,0.214253082871437,0.835325360298157,6,0.612187341467289
"ZEZINHOESABIA001B",6,"benthamii",12,"2021-07-08",0.343506607104449,0.113798853997755,0.182662531733513,0.808707118034363,7,0.612187341467289
"ZEZINHOESABIA001B",6,"benthamii",12,"2021-07-18",0.353381390329812,0.110710993508352,0.193806722760201,0.815091788768768,7,0.612187341467289
"ZEZINHOESABIA001B",6,"benthamii",12,"2021-07-31",0.341653372003172,0.097022299612314,0.234595820307732,0.769817590713501,7,0.612187341467289
"ZEZINHOESABIA001B",6,"benthamii",12,"2021-08-30",0.307149982459092,0.106143756888021,0.183255806565285,0.763299465179443,8,0.612187341467289
"ZEZINHOESABIA001B",6,"benthamii",12,"2021-10-26",0.287453103141529,0.0886835933963016,0.157031565904617,0.76918888092041,10,0.612187341467289
"ZEZINHOESABIA001B",6,"benthamii",12,"2021-11-20",0.264784386768105,0.0768600507787576,0.156802460551262,0.77733987569809,11,0.612187341467289
"ZEZINHOESABIA001B",6,"benthamii",13,"2021-12-20",0.276863608887735,0.0674158402070961,0.13288377225399,0.667481660842896,12,0.298573635295321
"ZEZINHOESABIA001B",6,"benthamii",13,"2022-01-12",0.337752590889447,0.0859996042215597,0.147908583283424,0.651826202869415,1,0.298573635295321
"ZEZINHOESABIA001B",6,"benthamii",13,"2022-01-14",0.329034413313737,0.0931325593771543,0.144120901823044,0.737214803695679,1,0.298573635295321
"ZEZINHOESABIA001B",6,"benthamii",13,"2022-01-19",0.325733544243793,0.0969705544219129,0.1237553358078,0.757560074329376,1,0.298573635295321
"ZEZINHOESABIA001B",6,"benthamii",13,"2022-02-11",0.252470387183938,0.0638744639796837,0.115407146513462,0.476114362478256,2,0.298573635295321
"ZEZINHOESABIA001B",6,"benthamii",13,"2022-02-16",0.269587267253276,0.0654484365718849,0.116222016513348,0.476482629776001,2,0.298573635295321
