"","long","lat"
"8374",-39.66893005,-18.32560349
"8375",-39.7040329,-19.42361259
"8376",-40.24055862,-20.2838192
"8377",-40.34972382,-20.23472595
"8378",-40.41750336,-20.6166687
"8379",-40.81312561,-20.92819595
"8380",-41.02916718,-21.44889069
"8381",-40.97014236,-21.98250198
"8382",-41.76306152,-22.3461113
"8383",-41.98743439,-22.56569672
"8384",-42.03444672,-22.91917038
"8385",-43.09416962,-22.95333481
"8386",-43.07583618,-22.66833496
"8387",-43.25431061,-22.73659897
"8388",-43.14743423,-22.95180702
"8389",-43.2894516,-23.01305771
"8390",-43.99694824,-23.10305786
"8391",-43.60680771,-23.01888847
"8392",-43.8587532,-22.89680672
"8393",-44.23670578,-23.04829979
"8394",-44.35375214,-22.92041779
"8395",-44.67521286,-23.05569649
"8396",-44.57430649,-23.35368347
"8397",-44.94389343,-23.36222458
"8398",-45.41083527,-23.62889099
"8399",-45.41548538,-23.82805634
"8400",-45.89000702,-23.7677803
"8401",-46.27972412,-24.02583504
"8402",-46.3116684,-24.01889038
"8403",-46.27479553,-23.99104309
"8404",-46.30548859,-23.91909981
"8405",-46.38042068,-23.86875153
"8406",-48.02611542,-25.0150032
"8407",-47.91430664,-25.15236282
"8408",-48.20819855,-25.46014023
"8409",-48.13405609,-25.28473091
"8410",-48.39500427,-25.29611206
"8411",-48.48069763,-25.48014069
"8412",-48.71861267,-25.42472458
"8413",-48.36180878,-25.57944489
"8414",-48.7701416,-25.88409805
"8415",-48.58111572,-25.8722229
"8416",-48.58104324,-26.17569542
"8417",-48.79333496,-26.13222504
"8418",-48.48694992,-27.21347427
"8419",-48.62055969,-27.23708534
"8420",-48.56389618,-27.86444473
"8421",-48.76180649,-28.49069595
"8422",-48.85277939,-28.32027817
"8423",-48.84250641,-28.61777878
"8424",-49.75250244,-29.36972427
"8425",-50.74945068,-31.08111191
"8426",-52.06965637,-32.17194748
"8427",-52.0867424,-31.82680511
"8428",-51.86125565,-31.87291718
"8429",-51.25139618,-31.47166824
"8430",-51.15896225,-31.07784843
"8431",-50.97084045,-31.1222229
"8432",-50.56809998,-30.45755005
"8433",-50.60500336,-30.19402885
"8434",-50.96639252,-30.40888977
"8435",-51.27503967,-30.01055717
"8436",-51.26778412,-30.7808342
"8437",-51.37694931,-30.6511116
"8438",-51.46778107,-31.06097412
"8439",-51.96375275,-31.3373642
"8440",-52.21763992,-31.74500275
"8441",-52.2547226,-32.05528259
"8442",-52.09076691,-32.16437912
"8443",-52.63986588,-33.13375473
"8444",-53.43972778,-33.7922287
"8445",-54.14076614,-34.66465759
"8446",-54.31291962,-34.56285095
"8447",-54.27889252,-34.69070053
"8448",-54.89611816,-34.94361115
"8449",-55.69278336,-34.77507019
"8450",-56.15834045,-34.92722321
"8451",-57.11125565,-34.46417236
"8452",-57.83687592,-34.49278259
"8453",-58.42986679,-33.8350029
"8454",-58.36055756,-33.13097763
"8455",-58.1419487,-33.09889603
"8456",-58.04556274,-32.9347229
"8457",-58.20000458,-32.44833374
"8458",-58.14653015,-33.0454216
"8459",-58.42569733,-33.097435
"8460",-58.5319519,-33.51694489
"8461",-58.38528442,-34.05042267
"8462",-58.46972656,-34.53972626
"8463",-57.18833923,-35.32055664
"8464",-57.37667084,-35.96278381
"8465",-57.0533371,-36.31417084
"8466",-56.74534988,-36.31597519
"8467",-56.6783371,-36.9236145
"8468",-57.48403168,-37.83042145
"8469",-57.55194855,-38.11361694
"8470",-58.30111694,-38.48500061
"8471",-61.0944519,-38.99583435
"8472",-62.38514328,-38.80264282
"8473",-62.3275032,-39.26000595
"8474",-62.16597748,-39.28639221
"8475",-62.02437592,-39.38750458
"8476",-62.2748642,-39.33847427
"8477",-62.06875229,-39.50847626
"8478",-62.11708832,-39.83687592
"8479",-62.30917358,-39.89222717
"8480",-62.48875046,-40.30257034
"8481",-62.24750137,-40.60118484
"8482",-62.33833694,-40.67132187
"8483",-62.19531631,-40.62840652
"8484",-62.39000702,-40.90194702
"8485",-63.03639603,-41.14931107
"8486",-63.77472687,-41.1648674
"8487",-64.80445099,-40.72194672
"8488",-65.13014221,-40.84416962
"8489",-65.0136261,-42.09222412
"8490",-64.46445465,-42.26562881
"8491",-64.60087585,-42.40726089
"8492",-64.45195007,-42.44583893
"8493",-64.11347961,-42.43153
"8494",-64.06306458,-42.27861786
"8495",-64.32823944,-42.24618149
"8496",-63.75083542,-42.09000397
"8497",-63.57930756,-42.61500549
"8498",-63.68451691,-42.81576538
"8499",-64.09841156,-42.88854599
"8500",-64.39805603,-42.51583862
"8501",-64.95375061,-42.66111374
"8502",-64.98944855,-42.79459
"8503",-64.29653168,-42.99118423
"8504",-64.92986298,-43.23583603
"8505",-65.32681274,-43.66180801
"8506",-65.24945068,-44.31305695
"8507",-65.68904114,-44.71208954
"8508",-65.53730011,-44.89229202
"8509",-65.61112213,-45.02056122
"8510",-66.18278503,-44.96444702
"8511",-66.9465332,-45.25417328
"8512",-67.58435059,-46.00029755
"8513",-67.53361511,-46.42236328
"8514",-66.81855011,-46.98917007
"8515",-65.77528381,-47.1952095
"8516",-65.87042236,-47.75555801
"8517",-66.02958679,-47.76292038
"8518",-66.1138916,-47.81750488
"8519",-66.22911835,-47.84037781
"8520",-66.24362183,-47.8602829
"8521",-65.95681,-47.78639221
"8522",-65.78979492,-47.96583557
"8523",-67.58570099,-49.04042053
"8524",-67.82778168,-49.38639069
"8525",-67.60577393,-49.26409912
"8526",-67.89723206,-49.98583984
"8527",-68.27334595,-50.12333679
"8528",-68.59251404,-49.92861176
"8529",-69.00285339,-50.009655
"8530",-68.58493805,-49.98041916
"8531",-68.37319946,-50.1552124
"8532",-68.94111633,-50.38806152
"8533",-69.14361572,-50.88167191
"8534",-69.40597534,-51.07965469
"8535",-69.19250488,-50.96680832
"8536",-68.97006989,-51.57278061
"8537",-69.37445068,-51.55639648
"8538",-69.60951996,-51.62417221
"8539",-68.99014282,-51.62444687
"8540",-68.38278961,-52.32736206
"8541",-69.26848602,-52.2080574
"8542",-69.67569733,-52.52826691
"8543",-70.81167603,-52.7325058
"8544",-70.97660065,-53.76090622
"8545",-71.284729,-53.88639069
"8546",-72.11501312,-53.68764114
"8547",-72.45250702,-53.40430832
"8548",-72.28340912,-53.24500656
"8549",-72.11209106,-53.25764084
"8550",-72.22736359,-53.43552399
"8551",-72.10528564,-53.42972565
"8552",-71.86660004,-53.2228508
"8553",-71.78604889,-53.42951584
"8554",-72.00584412,-53.56541824
"8555",-71.79737091,-53.51278305
"8556",-71.73902893,-53.21520996
"8557",-71.32862091,-53.1000061
"8558",-71.16653442,-52.81069565
"8559",-72.01959229,-53.12430954
"8560",-72.30348206,-53.02944946
"8561",-72.51708984,-53.06236649
"8562",-72.18952179,-53.18271255
"8563",-72.64778137,-53.32597351
"8564",-72.40028381,-53.5402832
"8565",-73.29888916,-53.1607666
"8566",-72.71028137,-53.29403305
"8567",-72.79222107,-53.18409729
"8568",-72.65583801,-53.14910126
"8569",-72.9375,-53.1029892
"8570",-72.91584778,-52.82472229
"8571",-71.47528076,-52.63333893
"8572",-72.78979492,-52.54285049
"8573",-72.89889526,-52.62555695
"8574",-72.67834473,-52.66215515
"8575",-73.00584412,-52.85417175
"8576",-72.98042297,-53.06472397
"8577",-73.20348358,-53.10625076
"8578",-73.44934845,-53.00204849
"8579",-73.23500061,-52.88972473
"8580",-73.55645752,-52.8023262
"8581",-73.23188019,-52.78764343
"8582",-73.10111237,-52.50750351
"8583",-72.9180603,-52.4944458
"8584",-73.1497345,-52.48972321
"8585",-73.26597595,-52.66979599
"8586",-73.69361115,-52.72208786
"8587",-73.54993439,-52.54257202
"8588",-73.73167419,-52.0375061
"8589",-73.32181549,-52.22375488
"8590",-72.98625183,-52.07062531
"8591",-72.98667908,-52.1875
"8592",-72.86639404,-52.26389313
"8593",-72.784729,-52.06222534
"8594",-72.87549591,-52.20305634
"8595",-72.94334412,-52.08778381
"8596",-72.69423676,-51.98910141
"8597",-72.57563019,-52.32152939
"8598",-72.89944458,-52.45861816
"8599",-72.49105072,-52.31674194
"8600",-72.66656494,-51.96524429
"8601",-72.47070312,-51.93597412
"8602",-72.46890259,-51.78916931
"8603",-72.71264648,-51.58388901
"8604",-73.24250793,-51.46298599
"8605",-72.55020905,-51.73937988
"8606",-72.71973419,-51.83722687
"8607",-73.2838974,-51.61354446
"8608",-72.99736023,-51.78333282
"8609",-73.19070435,-51.87649536
"8610",-72.92695618,-51.8611145
"8611",-73.14006805,-51.94048691
"8612",-73.24076843,-52.08722305
"8613",-73.32000732,-51.72611237
"8614",-73.38066864,-51.66989517
"8615",-73.31681061,-52.1704216
"8616",-73.6491394,-51.83451462
"8617",-73.39945221,-52.01722336
"8618",-73.58670807,-51.75635529
"8619",-73.47132111,-51.69413376
"8620",-73.70035553,-51.78916931
"8621",-73.90583801,-51.62250519
"8622",-73.90480042,-51.37729263
"8623",-73.60494232,-51.62840652
"8624",-73.71166992,-51.159729
"8625",-74.08375549,-51.20903015
"8626",-74.24736786,-50.92770767
"8627",-73.85139465,-50.91667175
"8628",-73.75167084,-50.66173935
"8629",-73.53313446,-50.71423721
"8630",-73.72257996,-50.54570007
"8631",-73.5717392,-50.40434265
"8632",-74.04347992,-50.82806015
"8633",-74.28923798,-50.48048782
"8634",-73.89090729,-50.54684067
"8635",-74.69333649,-50.17743301
"8636",-74.34875488,-50.08861542
"8637",-74.20361328,-50.21778107
"8638",-73.86733246,-50.28889084
"8639",-74.37084198,-49.9920845
"8640",-73.89014435,-50.07486343
"8641",-74.32487488,-49.86778259
"8642",-74.06333923,-49.7155571
"8643",-74.29910278,-49.73910141
"8644",-74.24327087,-49.57118225
"8645",-73.94771576,-49.55923843
"8646",-73.8812561,-49.6676445
"8647",-73.72361755,-49.78916931
"8648",-73.87403107,-49.53187561
"8649",-74.12181091,-49.41375351
"8650",-74.06833649,-49.26278305
"8651",-73.91750336,-49.34722519
"8652",-73.84785461,-49.34659958
"8653",-74.02890015,-49.09305573
"8654",-73.83118439,-49.03222656
"8655",-74.04333496,-49.02194977
"8656",-74.21598053,-49.53222275
"8657",-74.37390137,-49.42750549
"8658",-74.45014191,-48.81569672
"8659",-74.06465149,-48.74368286
"8660",-74.39757538,-48.61194611
"8661",-74.04667664,-48.5477829
"8662",-74.02111816,-48.41361237
"8663",-74.65688324,-48.02972794
"8664",-74.41493988,-47.98770905
"8665",-74.21520996,-48.23180771
"8666",-74.32778168,-48.00500107
"8667",-73.77181244,-48.02972412
"8668",-73.55334473,-48.24583435
"8669",-73.34916687,-48.19750214
"8670",-73.28486633,-48.15403366
"8671",-73.27375793,-48.09333801
"8672",-73.48653412,-48.12292099
"8673",-73.65420532,-47.90909958
"8674",-73.48778534,-47.98500443
"8675",-73.22660065,-48.00302505
"8676",-73.71361542,-47.78014374
"8677",-73.72628784,-47.53139114
"8678",-73.77125549,-47.78653336
"8679",-73.93444824,-47.84694672
"8680",-74.74139404,-47.71146011
"8681",-74.56056213,-47.5509758
"8682",-74.23751068,-47.75208664
"8683",-74.25715637,-47.63291931
"8684",-74.04667664,-47.62020874
"8685",-74.52812958,-47.43431091
"8686",-74.31959534,-47.21986389
"8687",-74.10528564,-47.34750366
"8688",-73.93827057,-47.03444672
"8689",-74.26576996,-46.78757095
"8690",-74.61862183,-46.78556061
"8691",-74.50403595,-46.9030571
"8692",-75.00862122,-46.7519455
"8693",-74.94528961,-46.44271088
"8694",-75.59806824,-46.70305634
"8695",-75.41973114,-46.71520996
"8696",-75.41307068,-46.9338913
"8697",-75.71751404,-46.72528076
"8698",-74.82167053,-46.11278534
"8699",-74.67486572,-45.82680511
"8700",-74.3686142,-45.79236603
"8701",-74.11070251,-45.8358345
"8702",-74.16153717,-46.13750458
"8703",-74.05500793,-45.98479462
"8704",-73.97264862,-46.08861542
"8705",-74.31167603,-46.2491684
"8706",-74.4845047,-46.18401337
"8707",-74.3326416,-46.26542282
"8708",-74.04646301,-46.19784927
"8709",-73.86306763,-46.34750366
"8710",-74.0173645,-46.21350861
"8711",-73.89229584,-46.13875198
"8712",-73.76681519,-46.2962532
"8713",-73.99382782,-46.55931091
"8714",-73.84654236,-46.59208679
"8715",-73.42556763,-46.07444763
"8716",-73.68785095,-46.31500244
"8717",-73.66514587,-45.98048782
"8718",-73.18424225,-45.66833878
"8719",-73.57987213,-45.77826691
"8720",-73.5146637,-45.45569611
"8721",-73.2149353,-45.30146027
"8722",-73.01473236,-45.44875336
"8723",-72.82722473,-45.42250061
"8724",-73.25986481,-45.24500656
"8725",-73.45736694,-45.27555847
"8726",-73.30548859,-45.14774704
"8727",-73.39678955,-44.99451447
"8728",-73.14250183,-44.94445038
"8729",-72.76611328,-44.75333405
"8730",-72.6138916,-44.47277832
"8731",-73.28938293,-44.14687729
"8732",-72.84584045,-43.77667236
"8733",-73.042099,-43.73383713
"8734",-73.11611938,-43.44292068
"8735",-72.88500977,-43.04250336
"8736",-72.74528503,-43.04833984
"8737",-72.85694885,-42.56681061
"8738",-72.53979492,-42.5541687
"8739",-72.84902954,-42.28882217
"8740",-72.60438538,-42.18437576
"8741",-72.42146301,-42.44597244
"8742",-72.46166992,-41.97347641
"8743",-72.85945129,-41.9069519
"8744",-72.35057068,-41.65250397
"8745",-72.31001282,-41.43583679
"8746",-72.57847595,-41.70889282
"8747",-72.93583679,-41.48326874
"8748",-73.19541931,-41.78819656
"8749",-73.74555969,-41.75437546
"8750",-73.68473053,-41.62667084
"8751",-73.56285095,-41.61118317
"8752",-73.49771881,-41.51993179
"8753",-73.87111664,-41.47917175
"8754",-73.9943161,-40.96694565
"8755",-73.74542236,-40.509655
"8756",-73.71486664,-39.98167038
"8757",-73.4041748,-39.88500214
"8758",-73.22403717,-39.41687775
"8759",-73.67709351,-37.34729385
"8760",-73.58687592,-37.15256882
"8761",-73.20375824,-37.16180801
"8762",-73.12945557,-36.68250275
"8763",-72.98153687,-36.69903183
"8764",-72.79605103,-35.97507095
"8765",-72.59140015,-35.80250168
"8766",-72.64778137,-35.57403183
"8767",-72.21083832,-35.08528137
"8768",-72.01680756,-34.14437866
"8769",-71.65501404,-33.6625061
"8770",-71.7562561,-33.10541916
"8771",-71.44667053,-32.66500092
"8772",-71.69584656,-30.50666809
"8773",-71.28964996,-29.90965462
"8774",-71.51028442,-28.89500046
"8775",-70.91389465,-27.62444687
"8776",-70.9666748,-27.1791687
"8777",-70.78535461,-26.98882103
"8778",-70.63806152,-26.3013916
"8779",-70.73125458,-25.81590462
"8780",-70.43362427,-25.26028061
"8781",-70.58334351,-24.71611214
"8782",-70.39111328,-23.56194687
"8783",-70.6220932,-23.49965286
"8784",-70.57472229,-23.06694794
"8785",-70.28611755,-22.88687706
"8786",-70.05334473,-21.42565155
"8787",-70.21042633,-20.80166817
"8788",-70.12473297,-19.97444534
"8789",-70.31201935,-18.43750191
"8790",-71.30168152,-17.71166992
"8791",-71.49423981,-17.30222511
"8792",-75.0513916,-15.4659729
"8793",-75.9338913,-14.6518755
"8794",-76.39479828,-13.88416767
"8795",-76.19694519,-13.41833496
"8796",-76.79972839,-12.39027882
"8797",-77.17569733,-12.07090092
"8798",-77.30473328,-11.51097298
"8799",-77.64771271,-11.29784775
"8800",-77.67945862,-10.93416786
"8801",-78.99459076,-8.21965408
"8802",-79.37251282,-7.85277843
"8803",-79.98001099,-6.76861191
"8804",-81.17472839,-6.08666706
"8805",-81.15153503,-5.85569477
"8806",-80.93903351,-5.86013937
"8807",-80.87285614,-5.6445837
"8808",-81.2038269,-5.20444489
"8809",-81.08500671,-5.0177784
"8810",-81.35514832,-4.68750048
"8811",-81.27639771,-4.2808342
"8812",-80.53229523,-3.51020837
"8813",-79.95632172,-3.20777798
"8814",-79.72681427,-2.59694457
"8815",-79.84410095,-2.37819457
"8816",-79.76292419,-2.01402783
"8817",-79.90583801,-2.55930567
"8818",-80.06472778,-2.5733335
"8819",-79.95584106,-2.31611133
"8820",-80.25222778,-2.73319459
"8821",-80.9750061,-2.21694469
"8822",-80.73097992,-1.93791676
"8823",-80.91278839,-1.03652787
"8824",-80.5760498,-0.89770842
"8825",-80.43326569,-0.56951398
"8826",-80.37653351,-0.63458341
"8827",-80.26972198,-0.62538195
"8828",-80.50118256,-0.37256947
"8829",-80.06945038,0.06041666
"8830",-80.10083771,0.77027774
"8831",-78.88928986,1.23836708
"8832",-78.8097229,1.43777776
"8833",-79.05028534,1.63180542
"8834",-78.84494019,1.83652771
"8835",-78.58750153,1.76715255
"8836",-78.68687439,2.19347191
"8837",-78.56529236,2.42916632
"8838",-78.45556641,2.50416636
"8839",-78.34645844,2.4378469
"8840",-77.98695374,2.52249956
"8841",-77.93746948,2.65090251
"8842",-77.74542236,2.61041641
"8843",-77.78111267,2.75638866
"8844",-77.03271484,3.91840243
"8845",-77.26541901,3.84013867
"8846",-77.18722534,4.06027699
"8847",-77.36625671,3.92597198
"8848",-77.43444824,4.03138828
"8849",-77.24230194,4.2609024
"8850",-77.38243866,4.34215212
"8851",-77.34777832,5.24055481
"8852",-77.53222656,5.51888847
"8853",-77.24084473,5.75819397
"8854",-77.4888916,6.1853466
"8855",-77.34042358,6.56736088
"8856",-77.88972473,7.22888851
"8857",-77.74403381,7.71999931
"8858",-77.57743835,7.52618027
"8859",-77.21556091,7.93722153
"8860",-77.46858215,8.47169971
"8861",-77.3666687,8.67499924
"8862",-76.83410645,8.12909603
"8863",-76.92388916,7.93604088
"8864",-76.75791931,7.91916609
"8865",-76.7738266,8.41124916
"8866",-76.92834473,8.56833267
"8867",-76.31751251,8.93861008
"8868",-76.08973694,9.3358326
"8869",-75.63431549,9.44819355
"8870",-75.54707336,10.41789436
"8871",-75.26413727,10.79899216
"8872",-74.86080933,11.12548637
"8873",-74.2922287,10.9990263
"8874",-74.59174347,10.87763786
"8875",-74.39500427,10.74215221
"8876",-74.15501404,11.33138847
"8877",-73.28445435,11.29555511
"8878",-72.25862122,11.88916588
"8879",-72.15792084,12.24110889
"8880",-71.93778992,12.16277695
"8881",-71.66153717,12.46388817
"8882",-71.27570343,12.34611034
"8883",-71.11083984,12.07555485
"8884",-71.37861633,11.75333214
"8885",-71.96916962,11.54624844
"8886",-71.57792664,10.71611023
"8887",-72.12535095,9.81819344
"8888",-71.62389374,9.04305458
"8889",-71.05597687,9.33874989
"8890",-71.0734024,9.85111046
"8891",-71.5457077,10.56833172
"8892",-71.49285889,10.9610405
"8893",-70.04779053,11.51777649
"8894",-69.8013916,11.4272213
"8895",-69.81653595,11.69097137
"8896",-70.23597717,11.62888813
"8897",-70.28666687,11.92027664
"8898",-70.01431274,12.19749832
"8899",-69.63181305,11.46763802
"8900",-68.84368134,11.44708252
"8901",-68.41833496,11.1799984
"8902",-68.11424255,10.48492908
"8903",-66.22987366,10.64055443
"8904",-65.81445312,10.22833252
"8905",-65.08139038,10.06055546
"8906",-64.18205261,10.45654964
"8907",-63.69750214,10.48555374
"8908",-64.23569489,10.51437378
"8909",-64.2645874,10.65777683
"8910",-61.87958908,10.72833157
"8911",-62.33111191,10.53166485
"8912",-62.9122963,10.52874947
"8913",-63.00423813,10.45298481
"8914",-62.87250519,10.52444363
"8915",-62.83771133,10.39729118
"8916",-62.9343071,10.41847134
"8917",-63.003685,10.39416504
"8918",-62.99840927,10.27159691
"8919",-62.79008865,10.40133381
"8920",-62.63063049,10.10715103
"8921",-63.01597595,10.09569359
"8922",-62.80528259,10.00860977
"8923",-62.61576462,10.09319305
"8924",-62.5775032,10.22513866
"8925",-62.32264328,9.71208286
"8926",-62.20569992,9.91402626
"8927",-62.19611359,9.64166546
"8928",-62.0274353,9.86642265
"8929",-62.17889404,10.01472187
"8930",-61.73583603,9.60093689
"8931",-61.80091858,9.81227589
"8932",-61.59770966,9.78277683
"8933",-61.61986542,9.90527725
"8934",-60.95972443,9.53249931
"8935",-60.78361511,9.3049984
"8936",-60.98778534,9.18861008
"8937",-61.0845871,9.09749889
"8938",-60.95048904,9.17513752
"8939",-61.09777832,8.96333313
"8940",-61.21020889,8.5951376
"8941",-61.59542084,8.61694336
"8942",-61.59889221,8.5549984
"8943",-61.32917023,8.43083191
"8944",-61.07750702,8.49305534
"8945",-61.07354355,8.40291595
"8946",-60.98125458,8.56444359
"8947",-60.20583344,8.62194443
"8948",-59.12930679,8.03999901
"8949",-58.46854401,7.33756876
"8950",-58.63708878,6.42194366
"8951",-58.41972351,6.8702774
"8952",-57.98638916,6.790555
"8953",-57.51918793,6.27076721
"8954",-57.19430923,6.13930464
"8955",-57.24850464,5.48611069
"8956",-56.96444702,5.99708319
"8957",-56.01778412,5.81833267
"8958",-55.89955902,5.67190838
"8959",-55.92271423,5.87607574
"8960",-55.76806259,5.96722174
"8961",-55.12796783,5.82217312
"8962",-54.86444855,5.8551383
"8963",-55.1447258,5.93416595
"8964",-55.0473671,6.00180483
"8965",-54.20472717,5.87972164
"8966",-53.99021149,5.74694395
"8967",-54.16667938,5.34740257
"8968",-53.91139221,5.75027752
"8969",-52.97319794,5.47305489
"8970",-52.02347565,4.68569374
"8971",-52.04069519,4.33458281
"8972",-51.91555786,4.64652729
"8973",-51.79444885,4.60555553
"8974",-51.68406677,4.03416348
"8975",-51.5402832,4.15361023
"8976",-51.44778442,3.97249985
"8977",-51.54813004,4.38569355
"8978",-51.25930786,4.15249968
"8979",-50.67972565,2.16472197
"8980",-50.44528198,1.82583332
"8981",-49.93208313,1.70993042
"8982",-49.89299011,1.32423592
"8983",-50.11055756,1.21340263
"8984",-49.90319824,1.17444432
"8985",-50.45000458,0.66180551
"8986",-50.76042175,0.19597222
"8987",-51.29750061,-0.19138891
"8988",-51.70000458,-0.75250006
"8989",-51.71229553,-1.02381957
"8990",-51.91965866,-1.16673625
"8991",-51.92750549,-1.33486116
"8992",-52.22764206,-1.34493065
"8993",-52.70695114,-1.60305572
"8994",-52.29333496,-1.53500009
"8995",-52.20846939,-1.69207871
"8996",-51.44945145,-1.32708347
"8997",-50.85292053,-0.91500008
"8998",-50.81458664,-1.44458342
"8999",-50.6672287,-1.77166677
"9000",-50.81472778,-1.89833355
"9001",-51.33659744,-1.64743054
"9002",-51.52194977,-2.0463891
"9003",-51.44722748,-2.27916694
"9004",-51.30823135,-1.76690972
"9005",-50.99111557,-2.02958345
"9006",-51.02916718,-2.34500027
"9007",-50.99611282,-2.41777802
"9008",-50.84382248,-2.50750017
"9009",-51.00625229,-2.33986139
"9010",-50.98431015,-2.0691669
"9011",-50.71645737,-2.22326422
"9012",-50.82292175,-1.96000004
"9013",-50.67795563,-1.81044364
"9014",-50.41638947,-1.95222235
"9015",-49.28090668,-1.71770847
"9016",-49.49000549,-2.56500006
"9017",-49.19055939,-1.89805579
"9018",-48.9704895,-1.84055567
"9019",-48.69722748,-1.46916676
"9020",-48.42722321,-1.66027796
"9021",-48.41361237,-1.49944448
"9022",-48.18896103,-1.46625006
"9023",-48.49972534,-1.46145844
"9024",-48.4811821,-1.30486119
"9025",-48.33979797,-1.3175
"9026",-48.23806,-0.86777782
"9027",-47.74458694,-0.63736117
"9028",-47.39805984,-0.81277788
"9029",-47.4595871,-0.59500009
"9030",-47.28556061,-0.59916675
"9031",-46.95972824,-0.70277786
"9032",-46.9600029,-0.89847231
"9033",-46.8266716,-0.71319449
"9034",-46.6301384,-0.82562506
"9035",-46.61000061,-1.03750014
"9036",-46.4180603,-1.03750014
"9037",-46.19194794,-0.9575001
"9038",-46.25944901,-1.17777789
"9039",-46.04666901,-1.2102778
"9040",-45.97569656,-1.0775001
"9041",-45.8615303,-1.25951397
"9042",-45.73555756,-1.18000007
"9043",-45.69618225,-1.3686806
"9044",-45.44694519,-1.31083345
"9045",-45.46222687,-1.54555559
"9046",-45.3247261,-1.31472242
"9047",-45.35069656,-1.73680568
"9048",-45.15875626,-1.48041677
"9049",-44.85889435,-1.43062508
"9050",-44.95139313,-1.60166669
"9051",-44.48972702,-1.9866668
"9052",-44.65493393,-2.32368088
"9053",-44.45083618,-2.14638901
"9054",-44.36055756,-2.34194469
"9055",-44.58208847,-2.56680584
"9056",-44.78639221,-3.29750013
"9057",-44.42306137,-2.93444467
"9058",-44.35694885,-2.52666712
"9059",-44.06333923,-2.40583372
"9060",-44.3403511,-2.82736135
"9061",-44.19063187,-2.76340294
"9062",-44.19833374,-2.86888933
"9063",-43.9283371,-2.5484724
"9064",-43.44833374,-2.5377779
"9065",-43.47771072,-2.38277817
"9066",-43.34750366,-2.36583376
"9067",-42.23583984,-2.83777809
"9068",-41.87083435,-2.73222256
"9069",-41.24806976,-3.02355433
"9070",-41.22277832,-2.88027811
"9071",-39.99875259,-2.84652805
"9072",-38.49653244,-3.72486138
"9073",-37.17444611,-4.91861153
"9074",-36.68458557,-5.0984726
"9075",-35.4797287,-5.16611195
"9076",-34.98027802,-6.40638924
"9077",-34.90129089,-7.12525225
"9078",-34.8312912,-6.98179674
"9079",-34.84639359,-8.06291771
"9080",-35.32750702,-9.22888947
"9081",-36.38986206,-10.48916721
"9082",-37.01194763,-10.92972374
"9083",-37.03229523,-10.92875099
"9084",-37.02528381,-10.85889053
"9085",-37.09222412,-10.74389076
"9086",-37.15569687,-10.75402832
"9087",-37.07305908,-10.96722412
"9088",-37.15451431,-11.09979153
"9089",-37.27562714,-11.02520847
"9090",-37.20722961,-11.21944618
"9091",-37.37187958,-11.42986202
"9092",-37.29014206,-11.21125126
"9093",-37.34236145,-11.18750095
"9094",-38.04138947,-12.63305664
"9095",-38.47465515,-13.01659775
"9096",-38.50736618,-12.72645855
"9097",-38.69799042,-12.58111191
"9098",-38.81826782,-12.8435421
"9099",-38.90111542,-12.70555687
"9100",-38.85764313,-12.8498621
"9101",-38.73014069,-12.87125111
"9102",-39.05709076,-13.38027859
"9103",-39.08028412,-13.53833389
"9104",-38.96347427,-13.6861124
"9105",-39.03652954,-14.17500114
"9106",-38.92070007,-13.92513943
"9107",-39.06666946,-14.65041828
"9108",-38.87194824,-15.8741684
"9109",-39.20903015,-17.16611481
"9110",-39.13222504,-17.68632126
"9111",-39.66893005,-18.32560349
"9112",-69.17750549,-54.58083344
"9113",-68.99320221,-54.43104172
"9114",-70.04598236,-54.09930801
"9115",-70.18444824,-53.81361389
"9116",-69.35389709,-53.50611115
"9117",-69.3519516,-53.35889435
"9118",-70.21751404,-53.47333527
"9119",-70.44667053,-53.36805725
"9120",-70.44445801,-53.01277924
"9121",-70.09986877,-52.90764236
"9122",-70.40042114,-52.74972916
"9123",-69.91723633,-52.82583618
"9124",-69.4172287,-52.45944977
"9125",-69.15167236,-52.68444824
"9126",-68.69500732,-52.60527802
"9127",-68.30278015,-52.92333984
"9128",-68.2241745,-53.10625458
"9129",-68.36834717,-53.00389099
"9130",-68.54362488,-53.22944641
"9131",-68.16320038,-53.29375458
"9132",-67.56361389,-53.91861725
"9133",-66.2416687,-54.53778076
"9134",-65.14007568,-54.65326691
"9135",-65.35056305,-54.92778015
"9136",-66.45806885,-55.05167389
"9137",-67.01133728,-54.90861511
"9138",-68.63583374,-54.78833771
"9139",-68.55961609,-54.88101196
"9140",-68.89000702,-54.8029213
"9141",-68.74867249,-54.90073776
"9142",-69.1111145,-54.94833374
"9143",-69.65348053,-54.82139587
"9144",-69.62778473,-54.69569778
"9145",-70.76278687,-54.84111786
"9146",-70.45570374,-54.63069534
"9147",-71.0366745,-54.77778244
"9148",-70.9705658,-54.62028503
"9149",-71.27278137,-54.67972565
"9150",-71.33570099,-54.5229187
"9151",-71.48529053,-54.69139099
"9152",-71.92807007,-54.6569519
"9153",-72.00930786,-54.50736237
"9154",-71.67529297,-54.57695007
"9155",-71.84777832,-54.4180603
"9156",-71.56472778,-54.51277924
"9157",-71.60264587,-54.40694809
"9158",-71.36805725,-54.37445068
"9159",-70.9677887,-54.47264099
"9160",-70.81140137,-54.32083893
"9161",-70.6138916,-54.34694672
"9162",-70.75418091,-54.59472656
"9163",-70.59000397,-54.39250565
"9164",-70.13445282,-54.54347229
"9165",-70.88027954,-54.13389587
"9166",-70.13917542,-54.42778015
"9167",-70.19889069,-54.31375504
"9168",-70.05528259,-54.2491684
"9169",-69.77362061,-54.5561142
"9170",-69.85917664,-54.28305817
"9171",-69.24111938,-54.44639587
"9172",-69.41833496,-54.62639236
"9173",-69.37640381,-54.6866684
"9174",-69.17750549,-54.58083344
"9175",-48.87667084,-1.48777795
"9176",-49.67250061,-1.77666688
"9177",-49.75757217,-1.63875008
"9178",-49.81298828,-1.81444454
"9179",-50.05430984,-1.70847225
"9180",-50.57951736,-1.79868066
"9181",-50.81431198,-1.32951391
"9182",-50.78111267,-1.15194464
"9183",-50.56945038,-1.10194445
"9184",-50.79695129,-0.97194445
"9185",-50.77500153,-0.64416671
"9186",-50.55743027,-0.67861116
"9187",-50.72639465,-0.49777782
"9188",-50.64666748,-0.26250005
"9189",-50.32889557,-0.10027778
"9190",-49.64556122,-0.24833333
"9191",-49.19000244,-0.13583335
"9192",-48.41027832,-0.2621274
"9193",-48.53916931,-0.90027785
"9194",-48.87667084,-1.48777795
"9195",-74.25250244,-42.9916687
"9196",-74.06181335,-41.81347656
"9197",-73.50334167,-41.84153366
"9198",-73.38027954,-42.28500366
"9199",-73.6672287,-42.3587532
"9200",-73.616745,-42.51070023
"9201",-73.82097626,-42.51431274
"9202",-73.50063324,-42.80035019
"9203",-73.65209198,-42.93541718
"9204",-73.49160767,-43.11583328
"9205",-73.7802124,-43.12742996
"9206",-73.71473694,-43.37028503
"9207",-73.86646271,-43.39819717
"9208",-74.38917542,-43.26722717
"9209",-74.25250244,-42.9916687
"9210",-58.99472809,-51.80667114
"9211",-59.02389526,-51.67694855
"9212",-59.1682663,-51.58528137
"9213",-58.84861755,-51.29138947
"9214",-58.4125061,-51.32340622
"9215",-58.32458878,-51.41608047
"9216",-58.55028534,-51.43361664
"9217",-58.24139404,-51.65014267
"9218",-58.27479553,-51.41375351
"9219",-57.91542053,-51.37528229
"9220",-57.77292252,-51.54375458
"9221",-58.13896179,-51.54986191
"9222",-57.73319626,-51.69444656
"9223",-58.42000198,-51.90069962
"9224",-58.93555832,-51.80125427
"9225",-58.64694977,-52.0672226
"9226",-59.25167084,-51.99111176
"9227",-59.05069733,-52.21750259
"9228",-59.44979477,-52.14673996
"9229",-59.34806061,-52.34305573
"9230",-59.71612167,-52.11737442
"9231",-59.22125244,-51.71708679
"9232",-58.99472809,-51.80667114
"9233",-74.76278687,-50.05555725
"9234",-74.87007141,-50.01021194
"9235",-74.66660309,-49.94694901
"9236",-74.88604736,-49.95792007
"9237",-74.91986847,-49.68611526
"9238",-74.65563202,-49.36076736
"9239",-75.00598145,-49.51111221
"9240",-75.01722717,-49.89944458
"9241",-75.4658432,-49.31618118
"9242",-75.16751099,-49.50250244
"9243",-75.31746674,-49.26631927
"9244",-74.9180603,-49.33611298
"9245",-74.82722473,-49.09584045
"9246",-75.06098175,-48.84041977
"9247",-74.741539,-48.68027878
"9248",-74.52347565,-48.75305939
"9249",-74.44334412,-49.30667114
"9250",-74.59503937,-49.7183342
"9251",-74.46764374,-49.62541962
"9252",-74.41416931,-49.73903275
"9253",-74.47888947,-49.94833755
"9254",-74.76278687,-50.05555725
"9255",-59.95305634,-51.98306274
"9256",-60.59861755,-52.24222565
"9257",-60.98083496,-52.06195068
"9258",-60.45972443,-51.97084045
"9259",-60.44034958,-51.78284836
"9260",-60.18284988,-51.75785065
"9261",-60.63437653,-51.72500229
"9262",-60.16361237,-51.67111588
"9263",-60.64361572,-51.35805893
"9264",-60.12722397,-51.49472809
"9265",-60.02319717,-51.3812561
"9266",-59.21166992,-51.40819931
"9267",-59.95305634,-51.98306274
"9268",-68.11195374,-55.70139313
"9269",-68.36056519,-55.48167419
"9270",-68.93917847,-55.45972443
"9271",-68.78334045,-55.38611603
"9272",-68.9125061,-55.34222412
"9273",-68.8123703,-55.19007111
"9274",-69.03279114,-55.26917267
"9275",-69.2490387,-55.1372261
"9276",-69.42715454,-55.1653862
"9277",-69.29501343,-55.16653061
"9278",-69.38833618,-55.29055786
"9279",-69.16862488,-55.51180649
"9280",-69.70223236,-55.31111526
"9281",-69.50514221,-55.17882156
"9282",-70.03125763,-55.15868378
"9283",-69.79278564,-55.05472565
"9284",-68.40486145,-54.95534897
"9285",-68.3380661,-55.07000351
"9286",-68.64472961,-55.15528107
"9287",-69.05979156,-55.05042267
"9288",-68.20861053,-55.2688942
"9289",-68.74014282,-55.26882553
"9290",-68.16306305,-55.39722443
"9291",-67.96750641,-55.59194946
"9292",-68.11195374,-55.70139313
"9293",-73.30862427,-53.82889557
"9294",-73.24986267,-53.71225739
"9295",-73.57695007,-53.75274658
"9296",-73.49250031,-53.66680908
"9297",-73.61319733,-53.61250305
"9298",-73.4172287,-53.56430817
"9299",-73.25389099,-53.66027832
"9300",-72.95444489,-53.66729355
"9301",-73.42166901,-53.46805954
"9302",-73.10319519,-53.51069641
"9303",-73.07511902,-53.4026947
"9304",-72.91111755,-53.42945099
"9305",-72.87625885,-53.67868423
"9306",-72.85990143,-53.46656799
"9307",-72.14229584,-53.80451965
"9308",-72.41695404,-53.8970871
"9309",-72.32791901,-54.04166794
"9310",-72.82389069,-54.13639069
"9311",-73.02632904,-54.08034897
"9312",-72.77694702,-54.01722717
"9313",-72.7279892,-53.84562683
"9314",-73.05903625,-53.8138237
"9315",-73.13250732,-54.01167297
"9316",-73.30862427,-53.82889557
"9317",-91.60362244,0
"9318",-91.39181519,0.12472221
"9319",-91.20292664,-0.03263889
"9320",-90.81083679,-0.73250008
"9321",-90.9265976,-0.96750003
"9322",-91.44056702,-0.99638891
"9323",-91.45472717,-0.79972231
"9324",-91.0836792,-0.58975703
"9325",-91.43604279,-0.01791667
"9326",-91.60362244,0
"9327",-68.06659698,-55.23779678
"9328",-68.3611145,-54.93771362
"9329",-67.38667297,-54.9208374
"9330",-67.05570221,-55.07208633
"9331",-67.24389648,-55.3088913
"9332",-67.52612305,-55.1708374
"9333",-68.06659698,-55.23779678
"9334",-51.90139008,-1.47666669
"9335",-51.88486099,-1.1834029
"9336",-51.66222382,-1.08333349
"9337",-51.60972595,-0.73388898
"9338",-51.19833374,-0.53027785
"9339",-51.27680969,-1.0200001
"9340",-51.90139008,-1.47666669
"9341",-72.8704071,-44.73805237
"9342",-73.27695465,-44.94111252
"9343",-73.4080658,-44.82389069
"9344",-73.20695496,-44.80041885
"9345",-73.46298981,-44.64611435
"9346",-72.99806213,-44.36722565
"9347",-72.71833801,-44.53528214
"9348",-72.97868347,-44.60805893
"9349",-72.8704071,-44.73805237
"9350",-70.52444458,-54.22861481
"9351",-70.81945038,-54.1138916
"9352",-70.89805603,-53.8797226
"9353",-70.62111664,-53.86417007
"9354",-70.70556641,-53.69083786
"9355",-70.491539,-53.55750275
"9356",-70.34764862,-54.00750351
"9357",-70.6679306,-53.91569901
"9358",-70.52444458,-54.22861481
"9359",-75.20100403,-48.69979095
"9360",-75.29501343,-48.4366684
"9361",-75.55709076,-48.40611649
"9362",-75.347229,-48.29798889
"9363",-75.55056763,-48.31306076
"9364",-75.51029205,-48.03403091
"9365",-75.33584595,-48.01861572
"9366",-75.08361816,-48.50833893
"9367",-75.20100403,-48.69979095
"9368",-71.28140259,-54.01361847
"9369",-71.00973511,-54.1027832
"9370",-71.12000275,-54.38597488
"9371",-71.41125488,-54.11653137
"9372",-71.5402832,-54.25569916
"9373",-71.69861603,-54.16389465
"9374",-71.61153412,-53.94708633
"9375",-71.28140259,-54.01361847
"9376",-49.89501572,0
"9377",-50.34986496,0.02180555
"9378",-50.39194489,0.18972221
"9379",-49.67583466,0.31999999
"9380",-49.89501572,0
"9381",-71.67111206,-53.94389343
"9382",-71.73306274,-54.16194534
"9383",-71.95445251,-54.0225029
"9384",-71.74369049,-54.23139191
"9385",-71.84236908,-54.33889389
"9386",-72.25709534,-53.94243622
"9387",-71.67111206,-53.94389343
"9388",-73.57417297,-53.27111816
"9389",-73.89334106,-53.06472778
"9390",-74.32611847,-53.09389114
"9391",-74.74411011,-52.75854492
"9392",-73.09125519,-53.35319519
"9393",-73.57417297,-53.27111816
"9394",-75.05508423,-50.29945374
"9395",-75.23389435,-50.44055939
"9396",-75.21703339,-50.30719757
"9397",-75.45973206,-50.36153412
"9398",-75.37445068,-50.14833832
"9399",-75.14500427,-50.24903107
"9400",-75.40048981,-50.04402924
"9401",-74.80069733,-50.12667084
"9402",-75.05508423,-50.29945374
"9403",-74.7205658,-51.11194611
"9404",-74.93306732,-50.88986588
"9405",-74.61611938,-50.89500427
"9406",-74.65750122,-50.72666931
"9407",-74.40945435,-50.83055878
"9408",-74.39111328,-51.08153152
"9409",-74.4777832,-50.99792099
"9410",-74.7205658,-51.11194611
"9411",-74.62301636,-48.69218445
"9412",-75.03140259,-48.51111221
"9413",-74.71042633,-48.4563942
"9414",-74.73875427,-48.12389374
"9415",-74.48472595,-48.59584045
"9416",-74.62301636,-48.69218445
"9417",-70.35084534,-54.89861298
"9418",-70.51417542,-54.9963913
"9419",-70.7325058,-55.0128479
"9420",-70.28570557,-55.03305817
"9421",-70.53083801,-55.21111298
"9422",-71.00806427,-55.0450058
"9423",-70.35084534,-54.89861298
"9424",-73.73139954,-45.28444672
"9425",-74.22472382,-45.16958618
"9426",-74.23903656,-45.07555771
"9427",-73.84667969,-45.00278473
"9428",-73.73139954,-45.28444672
"9429",-64.67834473,-54.90722656
"9430",-64.69277954,-54.77694702
"9431",-63.81375504,-54.72861481
"9432",-63.95472717,-54.81195068
"9433",-64.67834473,-54.90722656
"9434",-75.02555847,-48.44472504
"9435",-75.19500732,-48.22917175
"9436",-75.25376129,-48.07222366
"9437",-74.80396271,-48.18278122
"9438",-75.02555847,-48.44472504
"9439",-64.05555725,10.8572216
"9440",-64.40570068,10.9701376
"9441",-64.37834167,11.05694294
"9442",-64.04278564,10.98763752
"9443",-63.88493347,11.17562294
"9444",-63.81500244,10.97805405
"9445",-64.05555725,10.8572216
"9446",-75.17945862,-49.90472412
"9447",-75.5595932,-49.83444595
"9448",-75.60347748,-49.66153336
"9449",-75.35972595,-49.6241684
"9450",-75.17945862,-49.90472412
"9451",-69.90611267,-55.0430603
"9452",-69.84973145,-54.87833405
"9453",-69.16875458,-54.95993423
"9454",-69.50389099,-55.01250458
"9455",-69.90611267,-55.0430603
"9456",-74.9888916,-51.47639465
"9457",-74.79389954,-51.20944977
"9458",-74.53611755,-51.27916718
"9459",-74.59751129,-51.40542221
"9460",-74.9888916,-51.47639465
"9461",-75.328125,-50.7926712
"9462",-75.5144577,-50.659729
"9463",-75.37445831,-50.6158371
"9464",-75.46076965,-50.49409866
"9465",-75.09014893,-50.50305939
"9466",-75.328125,-50.7926712
"9467",-74.31750488,-47.98389435
"9468",-74.49751282,-47.91416931
"9469",-74.27347565,-47.80125427
"9470",-73.80028534,-47.89125443
"9471",-74.31750488,-47.98389435
"9472",-49.7698288,0
"9473",-49.52416992,0.07527778
"9474",-49.38111115,-0.06861112
"9475",-49.69472504,-0.15638891
"9476",-49.83972931,-0.09888889
"9477",-49.7698288,0
"9478",-80.21139526,-3.03666687
"9479",-80.20806885,-2.72611141
"9480",-79.90278625,-2.72208357
"9481",-80.12333679,-3.01486135
"9482",-80.21139526,-3.03666687
"9483",-75.07139587,-46.09745789
"9484",-74.95195007,-46.00986481
"9485",-75.10417938,-45.87611389
"9486",-74.7223053,-45.80340576
"9487",-74.80334473,-46.03250122
"9488",-75.07139587,-46.09745789
"9489",-74.20916748,-50.85166931
"9490",-74.56278992,-50.6652832
"9491",-74.42556,-50.52625275
"9492",-74.66757965,-50.47847748
"9493",-74.3638916,-50.49139404
"9494",-74.20916748,-50.85166931
"9495",-75.60472107,-48.68888092
"9496",-75.44125366,-48.61680984
"9497",-75.6497345,-48.6186142
"9498",-75.62139893,-48.44652939
"9499",-75.34020996,-48.43590927
"9500",-75.32000732,-48.60222626
"9501",-75.60472107,-48.68888092
"9502",-90.33862305,-0.781389
"9503",-90.53958893,-0.69194448
"9504",-90.48806763,-0.52833343
"9505",-90.18709564,-0.5462501
"9506",-90.33862305,-0.781389
"9507",-73.91694641,-52.7269516
"9508",-74.05584717,-52.56972504
"9509",-73.72541809,-52.41111755
"9510",-73.72944641,-52.60250092
"9511",-73.91694641,-52.7269516
"9512",-50.85778046,-0.2830556
"9513",-51.02722931,-0.22416669
"9514",-50.97277832,-0.09
"9515",-50.5625,-0.05416667
"9516",-50.85778046,-0.2830556
"9517",-75.31028748,-51.63417053
"9518",-75.20529175,-51.29917145
"9519",-75.00473022,-51.33583832
"9520",-75.15389252,-51.57736588
"9521",-75.31028748,-51.63417053
"9522",-74.45861816,-45.77916718
"9523",-74.44667053,-45.48750305
"9524",-74.30250549,-45.47528076
"9525",-74.22889709,-45.67305756
"9526",-74.45861816,-45.77916718
"9527",-74.96972656,-52.11805725
"9528",-75.0597229,-51.97055817
"9529",-74.83070374,-51.84472275
"9530",-74.93347931,-51.6466713
"9531",-74.80583954,-51.63458633
"9532",-74.76542664,-51.78000259
"9533",-74.96972656,-52.11805725
"9534",-50.44111633,0.17111111
"9535",-50.53639221,0.22236109
"9536",-50.37778091,0.61833328
"9537",-50.31777954,0.30888885
"9538",-50.44111633,0.17111111
"9539",-75.51417542,-49.27194977
"9540",-75.65640259,-49.21389389
"9541",-75.34222412,-48.98806
"9542",-75.28542328,-49.09680939
"9543",-75.51417542,-49.27194977
"9544",-50.25417328,0.3419444
"9545",-50.30805969,0.50638878
"9546",-50.05986404,0.6430555
"9547",-50.02305603,0.54194438
"9548",-50.25417328,0.3419444
"9549",-74.02246094,-51.80202484
"9550",-74.23667908,-51.70389175
"9551",-74.08889771,-51.5394516
"9552",-73.92528534,-51.75972748
"9553",-74.02246094,-51.80202484
"9554",-73.72442627,-52.22441101
"9555",-74.11279297,-51.99861145
"9556",-74.09529114,-51.9227829
"9557",-73.77056122,-52.06653214
"9558",-73.72442627,-52.22441101
"9559",-74.26306152,-44.80750275
"9560",-74.41098022,-44.63708496
"9561",-73.87409973,-44.69347763
"9562",-74.01583862,-44.72111511
"9563",-74.26306152,-44.80750275
"9564",-74.88751221,-48.07028198
"9565",-75.07012177,-47.98780823
"9566",-75.26493835,-48.03013992
"9567",-74.83029175,-47.80792236
"9568",-74.88751221,-48.07028198
"9569",-75.25778198,-49.08194733
"9570",-75.32250977,-48.95444489
"9571",-75.5,-49.04639435
"9572",-75.65084839,-48.90055847
"9573",-75.31445312,-48.86361694
"9574",-75.25778198,-49.08194733
"9575",-51.14000702,-0.96222234
"9576",-51.07028198,-0.69444454
"9577",-50.81361389,-0.57611114
"9578",-50.82375717,-0.69152784
"9579",-50.9236145,-0.71972227
"9580",-51.14000702,-0.96222234
"9581",-73.6525116,-45.76111603
"9582",-73.7819519,-45.67028046
"9583",-73.7040329,-45.44472504
"9584",-73.58202362,-45.47097778
"9585",-73.6525116,-45.76111603
"9586",-74.16307068,-51.95305634
"9587",-74.37431335,-51.89125443
"9588",-74.50334167,-51.71264267
"9589",-74.09028625,-51.87722397
"9590",-74.16307068,-51.95305634
"9591",-48.55667114,-27.82278061
"9592",-48.5177803,-27.43319702
"9593",-48.4135437,-27.39291763
"9594",-48.40639496,-27.59278107
"9595",-48.55667114,-27.82278061
"9596",-91.49890137,-0.49611115
"9597",-91.66389465,-0.31611115
"9598",-91.46903229,-0.24944448
"9599",-91.39667511,-0.44000003
"9600",-91.49890137,-0.49611115
"9601",-90.60583496,-0.37555557
"9602",-90.82653046,-0.3379167
"9603",-90.83473206,-0.17694446
"9604",-90.59889221,-0.23166668
"9605",-90.60583496,-0.37555557
"9606",-74.69889832,-50.89111328
"9607",-74.92487335,-50.85569763
"9608",-74.95264435,-50.72875595
"9609",-74.7470932,-50.70417023
"9610",-74.69889832,-50.89111328
"9611",-74.14466858,-52.39283752
"9612",-74.14584351,-52.19722748
"9613",-74.41555786,-52.13361359
"9614",-74.28556824,-52.08861542
"9615",-73.93431091,-52.32326508
"9616",-74.14466858,-52.39283752
"9617",-45.24333954,-23.96722412
"9618",-45.44791794,-23.91750145
"9619",-45.32194901,-23.72694778
"9620",-45.22236633,-23.77736282
"9621",-45.24333954,-23.96722412
"9622",-51.39000702,-0.48611116
"9623",-51.2388916,-0.20166668
"9624",-51.09930801,-0.12444446
"9625",-51.13750458,-0.28527778
"9626",-51.39000702,-0.48611116
"9627",-74.87055969,-52.14167023
"9628",-74.75500488,-51.84305573
"9629",-74.60083771,-51.84347534
"9630",-74.76972961,-52.08361816
"9631",-74.87055969,-52.14167023
"9632",-89.53334045,-0.95861113
"9633",-89.61750793,-0.89791667
"9634",-89.25723267,-0.68944448
"9635",-89.41584015,-0.92000008
"9636",-89.53334045,-0.95861113
"9637",-73.99278259,-43.94000244
"9638",-74.15299225,-43.82035065
"9639",-73.78973389,-43.82167053
"9640",-73.76403809,-43.88930893
"9641",-73.99278259,-43.94000244
"9642",-74.95223999,-49.27802277
"9643",-75.0458374,-49.20528412
"9644",-75.23632812,-49.13611221
"9645",-74.97597504,-49.02986526
"9646",-74.95223999,-49.27802277
"9647",-67.33889771,-55.79084015
"9648",-67.55250549,-55.73778534
"9649",-67.5430603,-55.66375351
"9650",-67.35306549,-55.57527924
"9651",-67.33889771,-55.79084015
"9652",-50.40472412,1.87999988
"9653",-50.49945068,2.07777739
"9654",-50.37889099,2.13333321
"9655",-50.29833603,1.96180546
"9656",-50.40472412,1.87999988
"9657",-73.74555969,-44.7436142
"9658",-73.82556152,-44.58472443
"9659",-73.69236755,-44.54361343
"9660",-73.59140015,-44.71208572
"9661",-73.74555969,-44.7436142
"9662",-74.13917542,-45.57944489
"9663",-74.06014252,-45.42292023
"9664",-73.81993103,-45.46048737
"9665",-73.86459351,-45.56708527
"9666",-74.04570007,-45.5173645
"9667",-74.13917542,-45.57944489
"9668",-48.58583832,-26.42555618
"9669",-48.70569611,-26.30882072
"9670",-48.52639008,-26.17055893
"9671",-48.48500061,-26.23152924
"9672",-48.58583832,-26.42555618
"9673",-50.84611511,-2.00388908
"9674",-51.03611755,-1.97583342
"9675",-51.14396286,-1.82451403
"9676",-50.86569595,-1.90902781
"9677",-50.84611511,-2.00388908
"9678",-74.52555847,-48.34027863
"9679",-74.59945679,-48.23555756
"9680",-74.56639099,-48.12097549
"9681",-74.36667633,-48.25847244
"9682",-74.52555847,-48.34027863
"9683",-50.43714142,0
"9684",-50.53972626,-0.02347223
"9685",-50.65778351,0.15236109
"9686",-50.47277832,0.15416664
"9687",-50.43714142,0
"9688",-73.77305603,-46.21194458
"9689",-73.93486786,-46.07166672
"9690",-73.90945435,-46.01861191
"9691",-73.68333435,-46.07666779
"9692",-73.77305603,-46.21194458
"9693",-72.29418945,-54.0789032
"9694",-72.30181122,-54.25333786
"9695",-72.50111389,-54.24305725
"9696",-72.38694763,-54.09139252
"9697",-72.29418945,-54.0789032
"9698",-74.27723694,-45.03083801
"9699",-74.16833496,-44.8666687
"9700",-73.91209412,-44.95542145
"9701",-74.19028473,-44.99458694
"9702",-74.27723694,-45.03083801
"9703",-44.59000397,-3.062778
"9704",-44.57750702,-2.80194473
"9705",-44.48389435,-2.71000004
"9706",-44.49472427,-2.94812512
"9707",-44.59000397,-3.062778
"9708",-50.24500275,0.74416661
"9709",-50.2044487,0.87708324
"9710",-50.01055908,0.91958326
"9711",-50.06916809,0.78861105
"9712",-50.24500275,0.74416661
"9713",-75.61279297,-48.79695129
"9714",-75.64763641,-48.7054863
"9715",-75.28334045,-48.69528198
"9716",-75.31806946,-48.73861694
"9717",-75.61279297,-48.79695129
"9718",-44.32389069,-23.2211113
"9719",-44.36680984,-23.16361237
"9720",-44.23167038,-23.07166862
"9721",-44.0845871,-23.16882133
"9722",-44.32389069,-23.2211113
"9723",-71.06028748,-54.95528412
"9724",-71.4069519,-54.94375229
"9725",-71.45430756,-54.88361359
"9726",-70.91542816,-54.92611313
"9727",-71.06028748,-54.95528412
"9728",-73.42980957,-53.39705658
"9729",-73.48986816,-53.57389069
"9730",-73.80070496,-53.43153
"9731",-73.62251282,-53.47583771
"9732",-73.42980957,-53.39705658
"9733",-60.28526306,-51.3756485
"9734",-60.29097366,-51.26652908
"9735",-60.04833603,-51.33333588
"9736",-60.11361313,-51.40681076
"9737",-60.28526306,-51.3756485
"9738",-73.98695374,-45.72472382
"9739",-74.11139679,-45.61722565
"9740",-74.02890015,-45.53861237
"9741",-73.89681244,-45.61778259
"9742",-73.98695374,-45.72472382
"9743",-61.16361237,8.6883316
"9744",-61.04250336,8.82110977
"9745",-60.86055756,8.85333252
"9746",-60.97611237,8.72583199
"9747",-61.16361237,8.6883316
"9748",-38.77972412,-13.1352787
"9749",-38.79430771,-13.06013966
"9750",-38.64465332,-12.8918066
"9751",-38.59514236,-12.99083424
"9752",-38.77972412,-13.1352787
"9753",-60.99305725,-51.96583557
"9754",-61.11215591,-51.89542007
"9755",-61.13916779,-51.83528137
"9756",-60.89083862,-51.82583618
"9757",-60.99305725,-51.96583557
"9758",-74.27305603,-48.46778107
"9759",-74.45819855,-48.38653183
"9760",-74.49153137,-48.35416794
"9761",-74.31000519,-48.28555679
"9762",-74.27305603,-48.46778107
"9763",-73.84028625,-52.39361572
"9764",-73.91473389,-52.30306244
"9765",-74.09424591,-52.16611481
"9766",-73.78916931,-52.26416779
"9767",-73.84028625,-52.39361572
"9768",-74.00056458,-45.35722351
"9769",-74.16612244,-45.25055695
"9770",-73.78445435,-45.31195068
"9771",-73.80223083,-45.34944916
"9772",-74.00056458,-45.35722351
"9773",-74.42807007,-51.20667267
"9774",-74.57570648,-51.15792084
"9775",-74.60111237,-51.07528305
"9776",-74.4666748,-51.02833557
"9777",-74.42807007,-51.20667267
"9778",-74.17111206,-47.17444611
"9779",-74.18598175,-47.02722549
"9780",-73.97667694,-47.05361557
"9781",-74.08056641,-47.14916992
"9782",-74.17111206,-47.17444611
"9783",-50.98389435,-0.57638896
"9784",-50.87833405,-0.38527781
"9785",-50.77694702,-0.3838889
"9786",-50.79695129,-0.48527783
"9787",-50.98389435,-0.57638896
"9788",-75.20652771,-48.99465942
"9789",-75.22639465,-48.96694946
"9790",-75.30951691,-48.80007553
"9791",-75.08222961,-48.88916779
"9792",-75.20652771,-48.99465942
"9793",-73.11358643,-52.05165863
"9794",-73.05695343,-51.93333817
"9795",-72.88833618,-51.88555908
"9796",-72.98986816,-52.04333878
"9797",-73.11358643,-52.05165863
"9798",-61.24694824,8.47472191
"9799",-61.40528107,8.48583221
"9800",-61.54354477,8.54867935
"9801",-61.27944946,8.56972122
"9802",-61.2635994,8.49993038
"9803",-61.18507004,8.49673557
"9804",-61.24694824,8.47472191
"9805",-75.12918091,-48.83444977
"9806",-75.24757385,-48.77007294
"9807",-75.06834412,-48.63597488
"9808",-75.05667114,-48.70250702
"9809",-75.12918091,-48.83444977
"9810",-75.18301392,-47.83784485
"9811",-75.30097961,-47.7720871
"9812",-75.12194824,-47.70389557
"9813",-75.06584167,-47.80479431
"9814",-75.18301392,-47.83784485
"9815",-74.70135498,-45.73212433
"9816",-74.66917419,-45.61778259
"9817",-74.54125977,-45.58278275
"9818",-74.58055878,-45.74055862
"9819",-74.70135498,-45.73212433
"9820",-74.28190613,-51.21821594
"9821",-74.33778381,-51.02889252
"9822",-74.34098053,-50.92458725
"9823",-74.19236755,-51.19861221
"9824",-74.28190613,-51.21821594
"9825",-61.89333344,-39.2436142
"9826",-62.06111526,-39.16667175
"9827",-62.09236526,-39.08764267
"9828",-61.8900032,-39.14048767
"9829",-61.89333344,-39.2436142
"9830",-51.11556244,-0.54416668
"9831",-51.13014221,-0.39930558
"9832",-51.03055954,-0.2855556
"9833",-50.94847488,-0.35791671
"9834",-51.04750061,-0.39888895
"9835",-51.11556244,-0.54416668
"9836",-66.86965942,-55.23234558
"9837",-66.84284973,-55.31777954
"9838",-67.06167603,-55.32472229
"9839",-67.04347992,-55.24888992
"9840",-66.86965942,-55.23234558
"9841",-74.07807922,-51.37763977
"9842",-74.10792542,-51.23694992
"9843",-73.97126007,-51.24104309
"9844",-73.95500946,-51.3294487
"9845",-74.07807922,-51.37763977
"9846",-74.42874146,-49.61451721
"9847",-74.44972229,-49.48500061
"9848",-74.42611694,-49.42681122
"9849",-74.28709412,-49.54958725
"9850",-74.42874146,-49.61451721
"9851",-59.79138947,-51.24945068
"9852",-59.48320007,-51.26389313
"9853",-59.44555664,-51.32027817
"9854",-59.57361603,-51.33361816
"9855",-59.79138947,-51.24945068
"9856",-52.20083618,-1.64666677
"9857",-52.17222595,-1.49722242
"9858",-51.91514587,-1.52027786
"9859",-52.1625061,-1.59958339
"9860",-52.20083618,-1.64666677
"9861",-73.90861511,-45.98917389
"9862",-73.9025116,-45.87361145
"9863",-73.72667694,-45.80125427
"9864",-73.70000458,-45.89375305
"9865",-73.80319977,-45.88541794
"9866",-73.90861511,-45.98917389
"9867",-70.28140259,-54.27555847
"9868",-70.46792603,-54.2348671
"9869",-70.51112366,-54.16083527
"9870",-70.21723175,-54.22903061
"9871",-70.28140259,-54.27555847
"9872",-38.94139099,-13.56527901
"9873",-39.04208755,-13.45972347
"9874",-39.03354263,-13.39243126
"9875",-38.90389252,-13.39527893
"9876",-38.94139099,-13.56527901
"9877",-74.00723267,-44.33250427
"9878",-74.12445068,-44.1999321
"9879",-74.06333923,-44.15153122
"9880",-73.95083618,-44.24056244
"9881",-74.00723267,-44.33250427
"9882",-73.43650818,-42.55493927
"9883",-73.6257019,-42.44791794
"9884",-73.65042114,-42.37986374
"9885",-73.53376007,-42.38694763
"9886",-73.43650818,-42.55493927
"9887",-73.84443665,-44.95743561
"9888",-73.93000793,-44.88305664
"9889",-73.90028381,-44.77361298
"9890",-73.77027893,-44.90222931
"9891",-73.84443665,-44.95743561
"9892",-50.97304535,-0.86897969
"9893",-51.01944733,-0.99166667
"9894",-51.17805862,-1.09208345
"9895",-51.14083862,-0.98611116
"9896",-50.97304535,-0.86897969
"9897",-48.97084045,-1.79972243
"9898",-49.04653168,-1.70833349
"9899",-48.91181183,-1.57583356
"9900",-48.90084076,-1.63000011
"9901",-48.97084045,-1.79972243
"9902",-74.75778198,-50.50028229
"9903",-74.75591278,-50.39180756
"9904",-74.54653931,-50.37944794
"9905",-74.55751038,-50.40555573
"9906",-74.75778198,-50.50028229
"9907",-75.10855103,-51.89981079
"9908",-75.07084656,-51.74028015
"9909",-74.96819305,-51.72945023
"9910",-75.01583862,-51.86500549
"9911",-75.10855103,-51.89981079
"9912",-77.39944458,4.32222271
"9913",-77.31973267,4.25166607
"9914",-77.54854584,4.19617987
"9915",-77.43320465,4.33166647
"9916",-77.39944458,4.32222271
"9917",-74.13496399,-51.45137787
"9918",-74.24723053,-51.40222549
"9919",-74.25979614,-51.29993439
"9920",-74.16917419,-51.28805923
"9921",-74.13496399,-51.45137787
"9922",-74.02305603,-45.91889191
"9923",-74.10514069,-45.78694534
"9924",-74.03417206,-45.73694611
"9925",-73.96250916,-45.78806305
"9926",-74.02305603,-45.91889191
"9927",-72.46334839,-54.43000031
"9928",-72.54042053,-54.34555817
"9929",-72.29903412,-54.33514404
"9930",-72.30423737,-54.36645889
"9931",-72.46334839,-54.43000031
"9932",-51.38750458,-1.21500015
"9933",-51.24889374,-1.02472234
"9934",-51.20305634,-0.8416667
"9935",-51.23944855,-1.14388895
"9936",-51.38750458,-1.21500015
"9937",-48.34777832,-1.218889
"9938",-48.46632385,-1.15555561
"9939",-48.4107666,-1.07493067
"9940",-48.3249321,-1.07430565
"9941",-48.34777832,-1.218889
"9942",-73.1652832,-44.02916718
"9943",-73.2838974,-43.98305893
"9944",-73.25695801,-43.90888977
"9945",-73.14001465,-43.89611816
"9946",-73.1652832,-44.02916718
"9947",-75.06501007,-50.79875565
"9948",-75.11188507,-50.7179184
"9949",-74.98973083,-50.65402985
"9950",-74.98612213,-50.80847549
"9951",-75.06501007,-50.79875565
"9952",-73.8416748,-53.59139252
"9953",-73.85305786,-53.4525032
"9954",-73.68903351,-53.51916885
"9955",-73.6993103,-53.54111481
"9956",-73.8416748,-53.59139252
"9957",-51.07222748,-0.55416667
"9958",-51.06139374,-0.47277778
"9959",-50.90222549,-0.37868059
"9960",-50.95972824,-0.50736117
"9961",-51.07222748,-0.55416667
"9962",-74.74861145,-52.31777954
"9963",-74.82055664,-52.22944641
"9964",-74.62250519,-52.20597458
"9965",-74.68903351,-52.29986572
"9966",-74.74861145,-52.31777954
"9967",-74.72445679,-52.06528473
"9968",-74.54417419,-51.92604446
"9969",-74.48959351,-51.95500565
"9970",-74.50180817,-52.0045166
"9971",-74.72445679,-52.06528473
"9972",-73.65640259,-44.13750458
"9973",-73.7554245,-43.99694824
"9974",-73.72862244,-43.93889618
"9975",-73.63444519,-44.01000214
"9976",-73.65640259,-44.13750458
"9977",-70.35389709,-54.15611267
"9978",-70.45251465,-54.11722565
"9979",-70.49917603,-54.07305908
"9980",-70.31306458,-54.03972626
"9981",-70.35389709,-54.15611267
"9982",-74.04528809,-44.55805969
"9983",-74.12945557,-44.53250122
"9984",-74.12945557,-44.44833374
"9985",-73.95778656,-44.48500443
"9986",-74.04528809,-44.55805969
"9987",-74.33641052,-45.29827118
"9988",-74.42015076,-45.24028397
"9989",-74.3923645,-45.15458679
"9990",-74.27223206,-45.21208954
"9991",-74.33641052,-45.29827118
"9992",-90.44056702,-1.35611129
"9993",-90.52305603,-1.30666685
"9994",-90.47903442,-1.21847236
"9995",-90.36917114,-1.26381958
"9996",-90.44056702,-1.35611129
"9997",-73.27250671,-54.13555908
"9998",-73.4575119,-54.0822258
"9999",-73.46820068,-54.07181168
"10000",-73.18333435,-54.05639648
"10001",-73.27250671,-54.13555908
"10002",-67.0163269,-54.99712372
"10003",-66.85917664,-55.0280571
"10004",-66.80667114,-55.11403275
"10005",-67.07500458,-55.01111221
"10006",-67.0163269,-54.99712372
"10007",-74.43461609,-48.5255661
"10008",-74.49403381,-48.39833832
"10009",-74.30139923,-48.47861481
"10010",-74.33612061,-48.50527954
"10011",-74.43461609,-48.5255661
"10012",-52.41833496,-1.52750015
"10013",-52.4311142,-1.46638894
"10014",-52.16861725,-1.40833354
"10015",-52.25917053,-1.46861124
"10016",-52.41833496,-1.52750015
"10017",-61.12917328,8.50166512
"10018",-61.26368332,8.51020622
"10019",-60.99806213,8.5969429
"10020",-61.04055786,8.51416492
"10021",-61.12917328,8.50166512
"10022",-74.77278137,-52.18861389
"10023",-74.78888702,-52.12451553
"10024",-74.61222839,-52.06042099
"10025",-74.68305969,-52.16917419
"10026",-74.77278137,-52.18861389
"10027",-73.96728516,-44.43482971
"10028",-74.07139587,-44.39500427
"10029",-74.10652924,-44.32680893
"10030",-73.93119049,-44.35729599
"10031",-73.96728516,-44.43482971
"10032",-66.58195496,-55.28556061
"10033",-66.62778473,-55.20208359
"10034",-66.42063141,-55.20208359
"10035",-66.51167297,-55.26833725
"10036",-66.58195496,-55.28556061
"10037",-73.68861389,-46.03000641
"10038",-73.81993866,-45.99757004
"10039",-73.77806091,-45.90500641
"10040",-73.70861816,-45.92528534
"10041",-73.68861389,-46.03000641
"10042",-74.40167236,-44.55083466
"10043",-74.54257965,-44.46257401
"10044",-74.21889496,-44.4655571
"10045",-74.4125061,-44.51277924
"10046",-74.40167236,-44.55083466
"10047",-73.79667664,-51.81916809
"10048",-73.85694885,-51.80111694
"10049",-73.93597412,-51.6620903
"10050",-73.79528046,-51.72653198
"10051",-73.79667664,-51.81916809
"10052",-74.38500977,-44.8602829
"10053",-74.46500397,-44.83021164
"10054",-74.52812958,-44.74611282
"10055",-74.42723083,-44.72139359
"10056",-74.38500977,-44.8602829
"10057",-50.90167236,-0.04750001
"10058",-50.8341713,0.05916666
"10059",-50.69791794,0.01972222
"10060",-50.70736313,0.00638889
"10061",-50.90167236,-0.04750001
"10062",-75.00584412,-48.7444458
"10063",-74.99139404,-48.64889526
"10064",-74.82702637,-48.6635437
"10065",-74.93583679,-48.73139191
"10066",-75.00584412,-48.7444458
"10067",-74.38778687,-45.39778137
"10068",-74.49305725,-45.35222626
"10069",-74.52285004,-45.29979324
"10070",-74.37722778,-45.2950058
"10071",-74.38778687,-45.39778137
"10072",-75.08555603,-44.92722321
"10073",-75.15028381,-44.82889557
"10074",-75.09236908,-44.77653503
"10075",-75.02306366,-44.84791946
"10076",-75.08555603,-44.92722321
"10077",-67.72862244,-55.62445068
"10078",-67.68806458,-55.50167084
"10079",-67.58792877,-55.54805756
"10080",-67.59056091,-55.58222961
"10081",-67.72862244,-55.62445068
"10082",-44.9936142,-1.40250015
"10083",-44.97556305,-1.26166677
"10084",-44.87812805,-1.28694463
"10085",-44.88417053,-1.33222222
"10086",-44.9936142,-1.40250015
"10087",-74.46528625,-47.16056061
"10088",-74.48153687,-47.08181
"10089",-74.3123703,-47.06555939
"10090",-74.33277893,-47.10861206
"10091",-74.46528625,-47.16056061
"10092",-73.69218445,-44.83708191
"10093",-73.74667358,-44.75632095
"10094",-73.60667419,-44.74333572
"10095",-73.61875153,-44.82833862
"10096",-73.69218445,-44.83708191
"10097",-74.06584167,-48.49139404
"10098",-74.18014526,-48.44319916
"10099",-74.24278259,-48.37194824
"10100",-74.06278992,-48.42166901
"10101",-74.06584167,-48.49139404
"10102",-73.78717041,-51.3723526
"10103",-73.8694458,-51.35806274
"10104",-73.91529083,-51.30305862
"10105",-73.79444885,-51.25958633
"10106",-73.78717041,-51.3723526
"10107",-74.4666748,-44.69944763
"10108",-74.62889099,-44.69833374
"10109",-74.6736145,-44.66861725
"10110",-74.55278015,-44.62361145
"10111",-74.4666748,-44.69944763
"10112",-49.13861847,-1.86694455
"10113",-49.09875488,-1.74847233
"10114",-49.05486298,-1.72284734
"10115",-49.02416992,-1.82916689
"10116",-49.13861847,-1.86694455
"10117",-60.91027832,8.89416504
"10118",-61.01972961,8.8469429
"10119",-61.04639435,8.84388733
"10120",-60.88034821,9.02652645
"10121",-60.91027832,8.89416504
"10122",-61.04805756,8.63972092
"10123",-61.17722702,8.67666531
"10124",-60.93778229,8.72124863
"10125",-60.99681091,8.65263844
"10126",-61.04805756,8.63972092
"10127",-50.84694672,-0.36305559
"10128",-50.90278244,-0.34638894
"10129",-50.75146103,-0.22791667
"10130",-50.76333618,-0.3302778
"10131",-50.84694672,-0.36305559
"10132",-46.52416992,-1.02222228
"10133",-46.53667068,-0.9393056
"10134",-46.47125244,-0.88083339
"10135",-46.44028091,-1.00333345
"10136",-46.52416992,-1.02222228
"10137",-78.12556458,2.49944401
"10138",-78.21486664,2.5763886
"10139",-78.19126129,2.63916636
"10140",-78.1055603,2.59597182
"10141",-78.12556458,2.49944401
"10142",-44.76917267,-1.67222238
"10143",-44.78334045,-1.61916685
"10144",-44.68444824,-1.56625009
"10145",-44.66166687,-1.66048622
"10146",-44.76917267,-1.67222238
"10147",-50.93527985,-0.84638894
"10148",-50.91875458,-0.72652787
"10149",-50.84278107,-0.72777784
"10150",-50.85055923,-0.81458342
"10151",-50.93527985,-0.84638894
"10152",-70.46569824,-54.83996582
"10153",-70.39701843,-54.86889267
"10154",-70.74486542,-54.87208939
"10155",-70.58944702,-54.83444977
"10156",-70.46569824,-54.83996582
"10157",-74.04194641,-44.85889435
"10158",-74.1708374,-44.82722473
"10159",-74.18458557,-44.81583405
"10160",-73.96556854,-44.77861404
"10161",-74.04194641,-44.85889435
"10162",-74.78556824,-43.64889526
"10163",-74.85736847,-43.55764008
"10164",-74.63452148,-43.60181046
"10165",-74.73750305,-43.62250519
"10166",-74.78556824,-43.64889526
"10167",-74.05612183,-53.25222778
"10168",-74.13347626,-53.32028198
"10169",-74.24222565,-53.31361389
"10170",-74.1055603,-53.22819901
"10171",-74.05612183,-53.25222778
"10172",-50.02444458,0.92972219
"10173",-50.07444763,0.98111105
"10174",-49.94778442,1.05444431
"10175",-49.94236755,0.99888873
"10176",-50.02444458,0.92972219
"10177",-73.85583496,-44.33834076
"10178",-73.95500946,-44.32486725
"10179",-73.97236633,-44.28042221
"10180",-73.80097961,-44.27333832
"10181",-73.85583496,-44.33834076
"10182",-73.8666687,-44.19917297
"10183",-73.97764587,-44.18097687
"10184",-74.01153564,-44.1447258
"10185",-73.91555786,-44.10139465
"10186",-73.8666687,-44.19917297
"10187",-65.28111267,10.88027763
"10188",-65.39334106,10.90694427
"10189",-65.41612244,10.9272213
"10190",-65.2121582,10.95416546
"10191",-65.28111267,10.88027763
"10192",-60.92333984,8.61833191
"10193",-60.98861694,8.63555527
"10194",-60.80944824,8.71694374
"10195",-60.82333755,8.65235996
"10196",-60.92333984,8.61833191
"10197",-73.85972595,-51.90250397
"10198",-73.95153809,-51.88611603
"10199",-73.92959595,-51.80167007
"10200",-73.81972504,-51.87055969
"10201",-73.85972595,-51.90250397
"10202",-67.61195374,-55.90222931
"10203",-67.65501404,-55.84944916
"10204",-67.85542297,-55.8418045
"10205",-67.49423981,-55.83034897
"10206",-67.61195374,-55.90222931
"10207",-74.7858429,-44.68778229
"10208",-74.82501221,-44.62861633
"10209",-74.80722809,-44.55042267
"10210",-74.72612,-44.59777832
"10211",-74.7858429,-44.68778229
"10212",-74.32556152,-44.58167267
"10213",-74.29237366,-44.50291824
"10214",-74.13917542,-44.55056
"10215",-74.18972778,-44.56056213
"10216",-74.32556152,-44.58167267
"10217",-60.85832214,9.06495857
"10218",-60.94333649,9.02222061
"10219",-61.06139374,8.89694405
"10220",-61.09666824,8.89090061
"10221",-61.07062531,8.97131824
"10222",-60.85832214,9.06495857
"10223",-70.16307068,-55.00944519
"10224",-70.20362091,-54.98403168
"10225",-69.97945404,-54.93514252
"10226",-70.01333618,-54.98028183
"10227",-70.16307068,-55.00944519
"10228",-50.48500061,2.11749983
"10229",-50.51722717,2.20305538
"10230",-50.40555573,2.19361067
"10231",-50.40472412,2.14638853
"10232",-50.48500061,2.11749983
"10233",-74.9972229,-47.78666687
"10234",-75.05307007,-47.75556183
"10235",-75.07667542,-47.69722748
"10236",-74.90459442,-47.75889206
"10237",-74.9972229,-47.78666687
"10238",-45.6763916,-1.36194468
"10239",-45.68972397,-1.35847235
"10240",-45.62875366,-1.12791669
"10241",-45.63417053,-1.34638906
"10242",-45.6763916,-1.36194468
"10243",-73.92056274,-45.43417358
"10244",-74.02389526,-45.40333939
"10245",-73.8243103,-45.37556076
"10246",-73.82334137,-45.40833664
"10247",-73.92056274,-45.43417358
"10248",-67.24694824,-55.89500427
"10249",-67.34973145,-55.86361694
"10250",-67.41139221,-55.83431244
"10251",-67.24694824,-55.82805634
"10252",-67.24694824,-55.89500427
"10253",-73.41166687,-52.95389557
"10254",-73.53279114,-52.88444519
"10255",-73.75222778,-52.89333344
"10256",-73.42861938,-52.87083817
"10257",-73.41166687,-52.95389557
"10258",-46.31784821,-23.93136597
"10259",-46.28422546,-23.98770332
"10260",-46.41053009,-23.95680809
"10261",-46.38690567,-23.92409706
"10262",-46.31784821,-23.93136597
"10263",-81.71305847,12.49027634
"10264",-81.72014618,12.54527664
"10265",-81.69236755,12.59027672
"10266",-81.690979,12.53222084
"10267",-81.71305847,12.49027634
