X;Y;PROJETO;CD_TALHAO;DATA_S2;PEST;ID_UNIQUE
-53.09412689;-30.48316587;CERRO COROADO;001G;20210402;Percevejo bronzeado;CERROCOROADO_001G
-53.09391864;-30.48316922;CERRO COROADO;001G;20210402;Percevejo bronzeado;CERROCOROADO_001G
-53.09413075;-30.48334623;CERRO COROADO;001G;20210402;Percevejo bronzeado;CERROCOROADO_001G
-53.09434286;-30.48352324;CERRO COROADO;001G;20210402;Percevejo bronzeado;CERROCOROADO_001G
-53.09519902;-30.484592;CERRO COROADO;001G;20210402;Percevejo bronzeado;CERROCOROADO_001G
-53.09583536;-30.48512303;CERRO COROADO;001G;20210402;Percevejo bronzeado;CERROCOROADO_001G
-53.09562711;-30.48512638;CERRO COROADO;001G;20210402;Percevejo bronzeado;CERROCOROADO_001G
-53.09541887;-30.48512973;CERRO COROADO;001G;20210402;Percevejo bronzeado;CERROCOROADO_001G
-53.09604747;-30.48530004;CERRO COROADO;001G;20210402;Percevejo bronzeado;CERROCOROADO_001G
-53.09583923;-30.48530339;CERRO COROADO;001G;20210402;Percevejo bronzeado;CERROCOROADO_001G
-53.09563871;-30.48566745;CERRO COROADO;001G;20210402;Percevejo bronzeado;CERROCOROADO_001G
-53.09689207;-30.48582771;CERRO COROADO;001G;20210402;Percevejo bronzeado;CERROCOROADO_001G
-53.09668382;-30.48583106;CERRO COROADO;001G;20210402;Percevejo bronzeado;CERROCOROADO_001G
-53.09585083;-30.48584446;CERRO COROADO;001G;20210402;Percevejo bronzeado;CERROCOROADO_001G
-53.09731244;-30.48600137;CERRO COROADO;001G;20210402;Percevejo bronzeado;CERROCOROADO_001G
-53.09710419;-30.48600472;CERRO COROADO;001G;20210402;Percevejo bronzeado;CERROCOROADO_001G
-53.0973163;-30.48618173;CERRO COROADO;001G;20210402;Percevejo bronzeado;CERROCOROADO_001G
-53.09710806;-30.48618508;CERRO COROADO;001G;20210402;Percevejo bronzeado;CERROCOROADO_001G
-53.09752842;-30.48635873;CERRO COROADO;001G;20210402;Percevejo bronzeado;CERROCOROADO_001G
-53.09732017;-30.48636209;CERRO COROADO;001G;20210402;Percevejo bronzeado;CERROCOROADO_001G
-53.09711192;-30.48636544;CERRO COROADO;001G;20210402;Percevejo bronzeado;CERROCOROADO_001G
-53.09690367;-30.48636879;CERRO COROADO;001G;20210402;Percevejo bronzeado;CERROCOROADO_001G
-53.09732404;-30.48654244;CERRO COROADO;001G;20210402;Percevejo bronzeado;CERROCOROADO_001G
-53.09711579;-30.48654579;CERRO COROADO;001G;20210402;Percevejo bronzeado;CERROCOROADO_001G
-53.09690754;-30.48654914;CERRO COROADO;001G;20210402;Percevejo bronzeado;CERROCOROADO_001G
-53.09649104;-30.48655584;CERRO COROADO;001G;20210402;Percevejo bronzeado;CERROCOROADO_001G
-53.09691141;-30.4867295;CERRO COROADO;001G;20210402;Percevejo bronzeado;CERROCOROADO_001G
-53.09670316;-30.48673285;CERRO COROADO;001G;20210402;Percevejo bronzeado;CERROCOROADO_001G
-53.10026667;-30.487758;CERRO COROADO;001C;20210402;Percevejo bronzeado;CERROCOROADO_001C
-53.10214481;-30.48790814;CERRO COROADO;001F;20210402;Percevejo bronzeado;CERROCOROADO_001F
-53.10214869;-30.4880885;CERRO COROADO;001F;20210402;Percevejo bronzeado;CERROCOROADO_001F
-53.10194044;-30.48809185;CERRO COROADO;001F;20210402;Percevejo bronzeado;CERROCOROADO_001F
-53.09218726;-30.48987256;CERRO COROADO;001J;20210402;Percevejo bronzeado;CERROCOROADO_001J
-53.09470567;-30.4907342;CERRO COROADO;001J;20210402;Percevejo bronzeado;CERROCOROADO_001J
-53.09575084;-30.49089782;CERRO COROADO;001K;20210402;Percevejo bronzeado;CERROCOROADO_001K
-53.09534205;-30.49126523;CERRO COROADO;001K;20210402;Percevejo bronzeado;CERROCOROADO_001K
-53.09534592;-30.49144559;CERRO COROADO;001K;20210402;Percevejo bronzeado;CERROCOROADO_001K
-53.09555804;-30.4916226;CERRO COROADO;001K;20210402;Percevejo bronzeado;CERROCOROADO_001K
-53.09534978;-30.49162595;CERRO COROADO;001K;20210402;Percevejo bronzeado;CERROCOROADO_001K
-53.09535365;-30.49180631;CERRO COROADO;001K;20210402;Percevejo bronzeado;CERROCOROADO_001K
-53.09369142;-30.49201344;CERRO COROADO;001A;20210402;Percevejo bronzeado;CERROCOROADO_001A
-53.09254224;-30.49672281;CERRO COROADO;001F;20210402;Percevejo bronzeado;CERROCOROADO_001F
-53.09192901;-30.49727392;CERRO COROADO;001F;20210402;Percevejo bronzeado;CERROCOROADO_001F
-53.09172459;-30.49745762;CERRO COROADO;001F;20210402;Percevejo bronzeado;CERROCOROADO_001F
-53.0913312;-30.49854645;CERRO COROADO;001F;20210402;Percevejo bronzeado;CERROCOROADO_001F
-53.0915472;-30.49890382;CERRO COROADO;001F;20210402;Percevejo bronzeado;CERROCOROADO_001F
-53.09134278;-30.49908752;CERRO COROADO;001F;20210402;Percevejo bronzeado;CERROCOROADO_001F
-53.09156264;-30.49962525;CERRO COROADO;001F;20210402;Percevejo bronzeado;CERROCOROADO_001F
-53.09219134;-30.49979558;CERRO COROADO;001F;20210402;Percevejo bronzeado;CERROCOROADO_001F
-53.09198306;-30.49979892;CERRO COROADO;001F;20210402;Percevejo bronzeado;CERROCOROADO_001F
-53.09177478;-30.49980227;CERRO COROADO;001F;20210402;Percevejo bronzeado;CERROCOROADO_001F
-53.09198692;-30.49997928;CERRO COROADO;001F;20210402;Percevejo bronzeado;CERROCOROADO_001F
-53.09177864;-30.49998263;CERRO COROADO;001F;20210402;Percevejo bronzeado;CERROCOROADO_001F
-53.09178251;-30.50016298;CERRO COROADO;001F;20210402;Percevejo bronzeado;CERROCOROADO_001F
-53.0919792;-30.49961857;CERRO COROADO;001F;20210402;Percevejo bronzeado;CERROCOROADO_001F
-53.09081444;-30.50360649;CERRO COROADO;003A;20210402;Percevejo bronzeado;CERROCOROADO_003A
-53.09165531;-30.50395384;CERRO COROADO;003A;20210402;Percevejo bronzeado;CERROCOROADO_003A
-53.09061387;-30.50397055;CERRO COROADO;003A;20210402;Percevejo bronzeado;CERROCOROADO_003A
-53.09165917;-30.5041342;CERRO COROADO;003A;20210402;Percevejo bronzeado;CERROCOROADO_003A
-53.09040944;-30.50415425;CERRO COROADO;003A;20210402;Percevejo bronzeado;CERROCOROADO_003A
-53.09207961;-30.50430787;CERRO COROADO;003A;20210402;Percevejo bronzeado;CERROCOROADO_003A
-53.0904133;-30.50433461;CERRO COROADO;003A;20210402;Percevejo bronzeado;CERROCOROADO_003A
-53.09270834;-30.50447819;CERRO COROADO;003A;20210402;Percevejo bronzeado;CERROCOROADO_003A
-53.09250005;-30.50448153;CERRO COROADO;003A;20210402;Percevejo bronzeado;CERROCOROADO_003A
-53.09229176;-30.50448488;CERRO COROADO;003A;20210402;Percevejo bronzeado;CERROCOROADO_003A
-53.09208347;-30.50448822;CERRO COROADO;003A;20210402;Percevejo bronzeado;CERROCOROADO_003A
-53.09041716;-30.50451497;CERRO COROADO;003A;20210402;Percevejo bronzeado;CERROCOROADO_003A
-53.09020887;-30.50451831;CERRO COROADO;003A;20210402;Percevejo bronzeado;CERROCOROADO_003A
-53.09333707;-30.50464851;CERRO COROADO;003A;20210402;Percevejo bronzeado;CERROCOROADO_003A
-53.09312878;-30.50465185;CERRO COROADO;003A;20210402;Percevejo bronzeado;CERROCOROADO_003A
-53.09292049;-30.5046552;CERRO COROADO;003A;20210402;Percevejo bronzeado;CERROCOROADO_003A
-53.0927122;-30.50465855;CERRO COROADO;003A;20210402;Percevejo bronzeado;CERROCOROADO_003A
-53.09250391;-30.50466189;CERRO COROADO;003A;20210402;Percevejo bronzeado;CERROCOROADO_003A
-53.09229562;-30.50466524;CERRO COROADO;003A;20210402;Percevejo bronzeado;CERROCOROADO_003A
-53.09208733;-30.50466858;CERRO COROADO;003A;20210402;Percevejo bronzeado;CERROCOROADO_003A
-53.09042102;-30.50469533;CERRO COROADO;003A;20210402;Percevejo bronzeado;CERROCOROADO_003A
-53.09021273;-30.50469867;CERRO COROADO;003A;20210402;Percevejo bronzeado;CERROCOROADO_003A
-53.09334093;-30.50482887;CERRO COROADO;003A;20210402;Percevejo bronzeado;CERROCOROADO_003A
-53.09313264;-30.50483221;CERRO COROADO;003A;20210402;Percevejo bronzeado;CERROCOROADO_003A
-53.09292435;-30.50483556;CERRO COROADO;003A;20210402;Percevejo bronzeado;CERROCOROADO_003A
-53.09271606;-30.5048389;CERRO COROADO;003A;20210402;Percevejo bronzeado;CERROCOROADO_003A
-53.09250777;-30.50484225;CERRO COROADO;003A;20210402;Percevejo bronzeado;CERROCOROADO_003A
-53.09229948;-30.50484559;CERRO COROADO;003A;20210402;Percevejo bronzeado;CERROCOROADO_003A
-53.09209119;-30.50484894;CERRO COROADO;003A;20210402;Percevejo bronzeado;CERROCOROADO_003A
-53.09042487;-30.50487568;CERRO COROADO;003A;20210402;Percevejo bronzeado;CERROCOROADO_003A
-53.09021658;-30.50487902;CERRO COROADO;003A;20210402;Percevejo bronzeado;CERROCOROADO_003A
-53.09417796;-30.50499583;CERRO COROADO;003A;20210402;Percevejo bronzeado;CERROCOROADO_003A
-53.09396967;-30.50499918;CERRO COROADO;003A;20210402;Percevejo bronzeado;CERROCOROADO_003A
-53.09376138;-30.50500253;CERRO COROADO;003A;20210402;Percevejo bronzeado;CERROCOROADO_003A
-53.09355309;-30.50500588;CERRO COROADO;003A;20210402;Percevejo bronzeado;CERROCOROADO_003A
-53.0933448;-30.50500922;CERRO COROADO;003A;20210402;Percevejo bronzeado;CERROCOROADO_003A
-53.09251164;-30.50502261;CERRO COROADO;003A;20210402;Percevejo bronzeado;CERROCOROADO_003A
-53.09230335;-30.50502595;CERRO COROADO;003A;20210402;Percevejo bronzeado;CERROCOROADO_003A
-53.09209506;-30.5050293;CERRO COROADO;003A;20210402;Percevejo bronzeado;CERROCOROADO_003A
-53.09188677;-30.50503264;CERRO COROADO;003A;20210402;Percevejo bronzeado;CERROCOROADO_003A
-53.09042873;-30.50505604;CERRO COROADO;003A;20210402;Percevejo bronzeado;CERROCOROADO_003A
-53.09022044;-30.50505938;CERRO COROADO;003A;20210402;Percevejo bronzeado;CERROCOROADO_003A
-53.09418182;-30.50517619;CERRO COROADO;003A;20210402;Percevejo bronzeado;CERROCOROADO_003A
-53.09397353;-30.50517954;CERRO COROADO;003A;20210402;Percevejo bronzeado;CERROCOROADO_003A
-53.09376524;-30.50518289;CERRO COROADO;003A;20210402;Percevejo bronzeado;CERROCOROADO_003A
-53.09355695;-30.50518623;CERRO COROADO;003A;20210402;Percevejo bronzeado;CERROCOROADO_003A
-53.09334866;-30.50518958;CERRO COROADO;003A;20210402;Percevejo bronzeado;CERROCOROADO_003A
-53.09230721;-30.50520631;CERRO COROADO;003A;20210402;Percevejo bronzeado;CERROCOROADO_003A
-53.09209892;-30.50520965;CERRO COROADO;003A;20210402;Percevejo bronzeado;CERROCOROADO_003A
-53.09189063;-30.505213;CERRO COROADO;003A;20210402;Percevejo bronzeado;CERROCOROADO_003A
-53.09064088;-30.50523306;CERRO COROADO;003A;20210402;Percevejo bronzeado;CERROCOROADO_003A
-53.09043259;-30.5052364;CERRO COROADO;003A;20210402;Percevejo bronzeado;CERROCOROADO_003A
-53.0902243;-30.50523974;CERRO COROADO;003A;20210402;Percevejo bronzeado;CERROCOROADO_003A
-53.09418569;-30.50535655;CERRO COROADO;003A;20210402;Percevejo bronzeado;CERROCOROADO_003A
-53.0939774;-30.5053599;CERRO COROADO;003A;20210402;Percevejo bronzeado;CERROCOROADO_003A
-53.09376911;-30.50536324;CERRO COROADO;003A;20210402;Percevejo bronzeado;CERROCOROADO_003A
-53.09356082;-30.50536659;CERRO COROADO;003A;20210402;Percevejo bronzeado;CERROCOROADO_003A
-53.09335253;-30.50536994;CERRO COROADO;003A;20210402;Percevejo bronzeado;CERROCOROADO_003A
-53.09251936;-30.50538332;CERRO COROADO;003A;20210402;Percevejo bronzeado;CERROCOROADO_003A
-53.09231107;-30.50538667;CERRO COROADO;003A;20210402;Percevejo bronzeado;CERROCOROADO_003A
-53.09210278;-30.50539001;CERRO COROADO;003A;20210402;Percevejo bronzeado;CERROCOROADO_003A
-53.09189449;-30.50539336;CERRO COROADO;003A;20210402;Percevejo bronzeado;CERROCOROADO_003A
-53.09085303;-30.50541007;CERRO COROADO;003A;20210402;Percevejo bronzeado;CERROCOROADO_003A
-53.09064474;-30.50541341;CERRO COROADO;003A;20210402;Percevejo bronzeado;CERROCOROADO_003A
-53.09043645;-30.50541676;CERRO COROADO;003A;20210402;Percevejo bronzeado;CERROCOROADO_003A
-53.09418956;-30.50553691;CERRO COROADO;003A;20210402;Percevejo bronzeado;CERROCOROADO_003A
-53.09398127;-30.50554025;CERRO COROADO;003A;20210402;Percevejo bronzeado;CERROCOROADO_003A
-53.09377298;-30.5055436;CERRO COROADO;003A;20210402;Percevejo bronzeado;CERROCOROADO_003A
-53.09356468;-30.50554695;CERRO COROADO;003A;20210402;Percevejo bronzeado;CERROCOROADO_003A
-53.09335639;-30.5055503;CERRO COROADO;003A;20210402;Percevejo bronzeado;CERROCOROADO_003A
-53.0931481;-30.50555364;CERRO COROADO;003A;20210402;Percevejo bronzeado;CERROCOROADO_003A
-53.09273152;-30.50556033;CERRO COROADO;003A;20210402;Percevejo bronzeado;CERROCOROADO_003A
-53.09252323;-30.50556368;CERRO COROADO;003A;20210402;Percevejo bronzeado;CERROCOROADO_003A
-53.09231494;-30.50556702;CERRO COROADO;003A;20210402;Percevejo bronzeado;CERROCOROADO_003A
-53.09210664;-30.50557037;CERRO COROADO;003A;20210402;Percevejo bronzeado;CERROCOROADO_003A
-53.09189835;-30.50557371;CERRO COROADO;003A;20210402;Percevejo bronzeado;CERROCOROADO_003A
-53.09169006;-30.50557706;CERRO COROADO;003A;20210402;Percevejo bronzeado;CERROCOROADO_003A
-53.0908569;-30.50559043;CERRO COROADO;003A;20210402;Percevejo bronzeado;CERROCOROADO_003A
-53.0906486;-30.50559377;CERRO COROADO;003A;20210402;Percevejo bronzeado;CERROCOROADO_003A
-53.09398513;-30.50572061;CERRO COROADO;003A;20210402;Percevejo bronzeado;CERROCOROADO_003A
-53.09377684;-30.50572396;CERRO COROADO;003A;20210402;Percevejo bronzeado;CERROCOROADO_003A
-53.09356855;-30.50572731;CERRO COROADO;003A;20210402;Percevejo bronzeado;CERROCOROADO_003A
-53.09336026;-30.50573065;CERRO COROADO;003A;20210402;Percevejo bronzeado;CERROCOROADO_003A
-53.09315197;-30.505734;CERRO COROADO;003A;20210402;Percevejo bronzeado;CERROCOROADO_003A
-53.09294367;-30.50573735;CERRO COROADO;003A;20210402;Percevejo bronzeado;CERROCOROADO_003A
-53.09273538;-30.50574069;CERRO COROADO;003A;20210402;Percevejo bronzeado;CERROCOROADO_003A
-53.09252709;-30.50574404;CERRO COROADO;003A;20210402;Percevejo bronzeado;CERROCOROADO_003A
-53.0923188;-30.50574738;CERRO COROADO;003A;20210402;Percevejo bronzeado;CERROCOROADO_003A
-53.09211051;-30.50575073;CERRO COROADO;003A;20210402;Percevejo bronzeado;CERROCOROADO_003A
-53.09190222;-30.50575407;CERRO COROADO;003A;20210402;Percevejo bronzeado;CERROCOROADO_003A
-53.09169392;-30.50575741;CERRO COROADO;003A;20210402;Percevejo bronzeado;CERROCOROADO_003A
-53.09106905;-30.50576744;CERRO COROADO;003A;20210402;Percevejo bronzeado;CERROCOROADO_003A
-53.09086076;-30.50577079;CERRO COROADO;003A;20210402;Percevejo bronzeado;CERROCOROADO_003A
-53.09065246;-30.50577413;CERRO COROADO;003A;20210402;Percevejo bronzeado;CERROCOROADO_003A
-53.093989;-30.50590097;CERRO COROADO;003A;20210402;Percevejo bronzeado;CERROCOROADO_003A
-53.09378071;-30.50590432;CERRO COROADO;003A;20210402;Percevejo bronzeado;CERROCOROADO_003A
-53.09357241;-30.50590766;CERRO COROADO;003A;20210402;Percevejo bronzeado;CERROCOROADO_003A
-53.09336412;-30.50591101;CERRO COROADO;003A;20210402;Percevejo bronzeado;CERROCOROADO_003A
-53.09315583;-30.50591436;CERRO COROADO;003A;20210402;Percevejo bronzeado;CERROCOROADO_003A
-53.09294754;-30.5059177;CERRO COROADO;003A;20210402;Percevejo bronzeado;CERROCOROADO_003A
-53.09273925;-30.50592105;CERRO COROADO;003A;20210402;Percevejo bronzeado;CERROCOROADO_003A
-53.09253095;-30.50592439;CERRO COROADO;003A;20210402;Percevejo bronzeado;CERROCOROADO_003A
-53.09232266;-30.50592774;CERRO COROADO;003A;20210402;Percevejo bronzeado;CERROCOROADO_003A
-53.09211437;-30.50593108;CERRO COROADO;003A;20210402;Percevejo bronzeado;CERROCOROADO_003A
-53.09190608;-30.50593443;CERRO COROADO;003A;20210402;Percevejo bronzeado;CERROCOROADO_003A
-53.09169779;-30.50593777;CERRO COROADO;003A;20210402;Percevejo bronzeado;CERROCOROADO_003A
-53.09148949;-30.50594112;CERRO COROADO;003A;20210402;Percevejo bronzeado;CERROCOROADO_003A
-53.0912812;-30.50594446;CERRO COROADO;003A;20210402;Percevejo bronzeado;CERROCOROADO_003A
-53.09107291;-30.5059478;CERRO COROADO;003A;20210402;Percevejo bronzeado;CERROCOROADO_003A
-53.09086462;-30.50595114;CERRO COROADO;003A;20210402;Percevejo bronzeado;CERROCOROADO_003A
-53.09378457;-30.50608467;CERRO COROADO;003A;20210402;Percevejo bronzeado;CERROCOROADO_003A
-53.09357628;-30.50608802;CERRO COROADO;003A;20210402;Percevejo bronzeado;CERROCOROADO_003A
-53.09336799;-30.50609137;CERRO COROADO;003A;20210402;Percevejo bronzeado;CERROCOROADO_003A
-53.0929514;-30.50609806;CERRO COROADO;003A;20210402;Percevejo bronzeado;CERROCOROADO_003A
-53.09274311;-30.50610141;CERRO COROADO;003A;20210402;Percevejo bronzeado;CERROCOROADO_003A
-53.09253482;-30.50610475;CERRO COROADO;003A;20210402;Percevejo bronzeado;CERROCOROADO_003A
-53.09232652;-30.5061081;CERRO COROADO;003A;20210402;Percevejo bronzeado;CERROCOROADO_003A
-53.09211823;-30.50611144;CERRO COROADO;003A;20210402;Percevejo bronzeado;CERROCOROADO_003A
-53.09190994;-30.50611479;CERRO COROADO;003A;20210402;Percevejo bronzeado;CERROCOROADO_003A
-53.09170165;-30.50611813;CERRO COROADO;003A;20210402;Percevejo bronzeado;CERROCOROADO_003A
-53.09149335;-30.50612147;CERRO COROADO;003A;20210402;Percevejo bronzeado;CERROCOROADO_003A
-53.09128506;-30.50612482;CERRO COROADO;003A;20210402;Percevejo bronzeado;CERROCOROADO_003A
-53.09107677;-30.50612816;CERRO COROADO;003A;20210402;Percevejo bronzeado;CERROCOROADO_003A
-53.09086848;-30.5061315;CERRO COROADO;003A;20210402;Percevejo bronzeado;CERROCOROADO_003A
-53.09378844;-30.50626503;CERRO COROADO;003A;20210402;Percevejo bronzeado;CERROCOROADO_003A
-53.09358014;-30.50626838;CERRO COROADO;003A;20210402;Percevejo bronzeado;CERROCOROADO_003A
-53.09337185;-30.50627172;CERRO COROADO;003A;20210402;Percevejo bronzeado;CERROCOROADO_003A
-53.09295527;-30.50627842;CERRO COROADO;003A;20210402;Percevejo bronzeado;CERROCOROADO_003A
-53.09233039;-30.50628845;CERRO COROADO;003A;20210402;Percevejo bronzeado;CERROCOROADO_003A
-53.09212209;-30.5062918;CERRO COROADO;003A;20210402;Percevejo bronzeado;CERROCOROADO_003A
-53.0919138;-30.50629514;CERRO COROADO;003A;20210402;Percevejo bronzeado;CERROCOROADO_003A
-53.09170551;-30.50629849;CERRO COROADO;003A;20210402;Percevejo bronzeado;CERROCOROADO_003A
-53.09149722;-30.50630183;CERRO COROADO;003A;20210402;Percevejo bronzeado;CERROCOROADO_003A
-53.09128892;-30.50630517;CERRO COROADO;003A;20210402;Percevejo bronzeado;CERROCOROADO_003A
-53.09108063;-30.50630852;CERRO COROADO;003A;20210402;Percevejo bronzeado;CERROCOROADO_003A
-53.0937923;-30.50644539;CERRO COROADO;003A;20210402;Percevejo bronzeado;CERROCOROADO_003A
-53.09358401;-30.50644874;CERRO COROADO;003A;20210402;Percevejo bronzeado;CERROCOROADO_003A
-53.09337572;-30.50645208;CERRO COROADO;003A;20210402;Percevejo bronzeado;CERROCOROADO_003A
-53.09316742;-30.50645543;CERRO COROADO;003A;20210402;Percevejo bronzeado;CERROCOROADO_003A
-53.09295913;-30.50645877;CERRO COROADO;003A;20210402;Percevejo bronzeado;CERROCOROADO_003A
-53.09233425;-30.50646881;CERRO COROADO;003A;20210402;Percevejo bronzeado;CERROCOROADO_003A
-53.09212596;-30.50647216;CERRO COROADO;003A;20210402;Percevejo bronzeado;CERROCOROADO_003A
-53.09191766;-30.5064755;CERRO COROADO;003A;20210402;Percevejo bronzeado;CERROCOROADO_003A
-53.09170937;-30.50647884;CERRO COROADO;003A;20210402;Percevejo bronzeado;CERROCOROADO_003A
-53.09150108;-30.50648219;CERRO COROADO;003A;20210402;Percevejo bronzeado;CERROCOROADO_003A
-53.09129278;-30.50648553;CERRO COROADO;003A;20210402;Percevejo bronzeado;CERROCOROADO_003A
-53.09358788;-30.50662909;CERRO COROADO;003A;20210402;Percevejo bronzeado;CERROCOROADO_003A
-53.09337958;-30.50663244;CERRO COROADO;003A;20210402;Percevejo bronzeado;CERROCOROADO_003A
-53.09317129;-30.50663579;CERRO COROADO;003A;20210402;Percevejo bronzeado;CERROCOROADO_003A
-53.09296299;-30.50663913;CERRO COROADO;003A;20210402;Percevejo bronzeado;CERROCOROADO_003A
-53.0927547;-30.50664248;CERRO COROADO;003A;20210402;Percevejo bronzeado;CERROCOROADO_003A
-53.09254641;-30.50664582;CERRO COROADO;003A;20210402;Percevejo bronzeado;CERROCOROADO_003A
-53.09233811;-30.50664917;CERRO COROADO;003A;20210402;Percevejo bronzeado;CERROCOROADO_003A
-53.09212982;-30.50665251;CERRO COROADO;003A;20210402;Percevejo bronzeado;CERROCOROADO_003A
-53.09192153;-30.50665586;CERRO COROADO;003A;20210402;Percevejo bronzeado;CERROCOROADO_003A
-53.09171323;-30.5066592;CERRO COROADO;003A;20210402;Percevejo bronzeado;CERROCOROADO_003A
-53.09150494;-30.50666255;CERRO COROADO;003A;20210402;Percevejo bronzeado;CERROCOROADO_003A
-53.09129664;-30.50666589;CERRO COROADO;003A;20210402;Percevejo bronzeado;CERROCOROADO_003A
-53.09359174;-30.50680945;CERRO COROADO;003A;20210402;Percevejo bronzeado;CERROCOROADO_003A
-53.09338345;-30.5068128;CERRO COROADO;003A;20210402;Percevejo bronzeado;CERROCOROADO_003A
-53.09317515;-30.50681614;CERRO COROADO;003A;20210402;Percevejo bronzeado;CERROCOROADO_003A
-53.09296686;-30.50681949;CERRO COROADO;003A;20210402;Percevejo bronzeado;CERROCOROADO_003A
-53.09275857;-30.50682284;CERRO COROADO;003A;20210402;Percevejo bronzeado;CERROCOROADO_003A
-53.09255027;-30.50682618;CERRO COROADO;003A;20210402;Percevejo bronzeado;CERROCOROADO_003A
-53.09234198;-30.50682953;CERRO COROADO;003A;20210402;Percevejo bronzeado;CERROCOROADO_003A
-53.09213368;-30.50683287;CERRO COROADO;003A;20210402;Percevejo bronzeado;CERROCOROADO_003A
-53.09192539;-30.50683622;CERRO COROADO;003A;20210402;Percevejo bronzeado;CERROCOROADO_003A
-53.09171709;-30.50683956;CERRO COROADO;003A;20210402;Percevejo bronzeado;CERROCOROADO_003A
-53.0915088;-30.5068429;CERRO COROADO;003A;20210402;Percevejo bronzeado;CERROCOROADO_003A
-53.09359561;-30.50698981;CERRO COROADO;003A;20210402;Percevejo bronzeado;CERROCOROADO_003A
-53.09338731;-30.50699315;CERRO COROADO;003A;20210402;Percevejo bronzeado;CERROCOROADO_003A
-53.09317902;-30.5069965;CERRO COROADO;003A;20210402;Percevejo bronzeado;CERROCOROADO_003A
-53.09297072;-30.50699985;CERRO COROADO;003A;20210402;Percevejo bronzeado;CERROCOROADO_003A
-53.09276243;-30.50700319;CERRO COROADO;003A;20210402;Percevejo bronzeado;CERROCOROADO_003A
-53.09255413;-30.50700654;CERRO COROADO;003A;20210402;Percevejo bronzeado;CERROCOROADO_003A
-53.09234584;-30.50700988;CERRO COROADO;003A;20210402;Percevejo bronzeado;CERROCOROADO_003A
-53.09213755;-30.50701323;CERRO COROADO;003A;20210402;Percevejo bronzeado;CERROCOROADO_003A
-53.09192925;-30.50701657;CERRO COROADO;003A;20210402;Percevejo bronzeado;CERROCOROADO_003A
-53.09172096;-30.50701992;CERRO COROADO;003A;20210402;Percevejo bronzeado;CERROCOROADO_003A
-53.09359947;-30.50717016;CERRO COROADO;003A;20210402;Percevejo bronzeado;CERROCOROADO_003A
-53.09339118;-30.50717351;CERRO COROADO;003A;20210402;Percevejo bronzeado;CERROCOROADO_003A
-53.09318288;-30.50717686;CERRO COROADO;003A;20210402;Percevejo bronzeado;CERROCOROADO_003A
-53.09297459;-30.5071802;CERRO COROADO;003A;20210402;Percevejo bronzeado;CERROCOROADO_003A
-53.09276629;-30.50718355;CERRO COROADO;003A;20210402;Percevejo bronzeado;CERROCOROADO_003A
-53.092558;-30.5071869;CERRO COROADO;003A;20210402;Percevejo bronzeado;CERROCOROADO_003A
-53.0923497;-30.50719024;CERRO COROADO;003A;20210402;Percevejo bronzeado;CERROCOROADO_003A
-53.09214141;-30.50719359;CERRO COROADO;003A;20210402;Percevejo bronzeado;CERROCOROADO_003A
-53.09193311;-30.50719693;CERRO COROADO;003A;20210402;Percevejo bronzeado;CERROCOROADO_003A
-53.09172482;-30.50720027;CERRO COROADO;003A;20210402;Percevejo bronzeado;CERROCOROADO_003A
-53.09360334;-30.50735052;CERRO COROADO;003A;20210402;Percevejo bronzeado;CERROCOROADO_003A
-53.09339504;-30.50735387;CERRO COROADO;003A;20210402;Percevejo bronzeado;CERROCOROADO_003A
-53.09318675;-30.50735722;CERRO COROADO;003A;20210402;Percevejo bronzeado;CERROCOROADO_003A
-53.09297845;-30.50736056;CERRO COROADO;003A;20210402;Percevejo bronzeado;CERROCOROADO_003A
-53.09277016;-30.50736391;CERRO COROADO;003A;20210402;Percevejo bronzeado;CERROCOROADO_003A
-53.09256186;-30.50736725;CERRO COROADO;003A;20210402;Percevejo bronzeado;CERROCOROADO_003A
-53.09235357;-30.5073706;CERRO COROADO;003A;20210402;Percevejo bronzeado;CERROCOROADO_003A
-53.09214527;-30.50737394;CERRO COROADO;003A;20210402;Percevejo bronzeado;CERROCOROADO_003A
-53.09193698;-30.50737729;CERRO COROADO;003A;20210402;Percevejo bronzeado;CERROCOROADO_003A
-53.0936072;-30.50753088;CERRO COROADO;003A;20210402;Percevejo bronzeado;CERROCOROADO_003A
-53.09339891;-30.50753423;CERRO COROADO;003A;20210402;Percevejo bronzeado;CERROCOROADO_003A
-53.09319061;-30.50753757;CERRO COROADO;003A;20210402;Percevejo bronzeado;CERROCOROADO_003A
-53.09298232;-30.50754092;CERRO COROADO;003A;20210402;Percevejo bronzeado;CERROCOROADO_003A
-53.09277402;-30.50754427;CERRO COROADO;003A;20210402;Percevejo bronzeado;CERROCOROADO_003A
-53.09256573;-30.50754761;CERRO COROADO;003A;20210402;Percevejo bronzeado;CERROCOROADO_003A
